8.082389831542969e-05,140.0
0.002062559127807617,140.0
0.003883838653564453,140.0
0.005686044692993164,140.0
0.007485628128051758,140.0
0.009291887283325195,140.0
0.011647462844848633,140.0
0.01351785659790039,140.0
0.015321493148803711,140.0
0.017120838165283203,140.0
0.018909454345703125,140.0
0.020713329315185547,140.0
0.022497892379760742,140.0
0.02428293228149414,140.0
0.026062488555908203,140.0
0.027841567993164062,140.0
0.029620647430419922,140.0
0.03139901161193848,140.0
0.03318285942077637,140.0
0.03497171401977539,140.0
0.036766767501831055,140.0
0.03855180740356445,140.0
0.040360212326049805,140.0
0.04215049743652344,120.0
0.043943166732788086,120.0
0.045722246170043945,120.0
0.04750990867614746,120.0
0.049298763275146484,120.0
0.05108308792114258,120.0
0.05287790298461914,120.0
0.054677724838256836,120.0
0.056485891342163086,120.0
0.0582890510559082,120.0
0.060121774673461914,120.0
0.06194281578063965,120.0
0.06376862525939941,120.0
0.06558656692504883,120.0
0.0674142837524414,120.0
0.06923270225524902,120.0
0.0710458755493164,120.0
0.07286500930786133,120.0
0.0746774673461914,120.0
0.07649707794189453,120.0
0.0783226490020752,120.0
0.08014059066772461,120.0
0.08195781707763672,120.0
0.08379673957824707,120.0
0.08565402030944824,120.0
0.08758854866027832,120.0
0.08949422836303711,120.0
0.09160113334655762,120.0
0.09356427192687988,120.0
0.09549450874328613,120.0
0.09741544723510742,120.0
0.09935688972473145,120.0
0.10129904747009277,120.0
0.10323786735534668,120.0
0.10517525672912598,120.0
0.10711383819580078,120.0
0.10908007621765137,120.0
0.11106348037719727,120.0
0.11302900314331055,120.0
0.11497235298156738,120.0
0.1169123649597168,120.0
0.11884212493896484,120.0
0.12077975273132324,120.0
0.12371587753295898,120.0
0.12696099281311035,120.0
0.13023686408996582,120.0
0.13262414932250977,120.0
0.13463664054870605,120.0
0.13672947883605957,120.0
0.13882064819335938,120.0
0.1409153938293457,120.0
0.14299559593200684,120.0
0.14510679244995117,120.0
0.14719462394714355,120.0
0.14928102493286133,120.0
0.1513681411743164,120.0
0.15346288681030273,120.0
0.15553808212280273,120.0
0.15763211250305176,120.0
0.1597449779510498,120.0
0.1618342399597168,120.0
0.1639249324798584,120.0
0.16601133346557617,120.0
0.16809844970703125,120.0
0.17020273208618164,120.0
0.17233967781066895,120.0
0.1745147705078125,120.0
0.17664599418640137,120.0
0.17879438400268555,120.0
0.18093419075012207,120.0
0.1830761432647705,120.0
0.18521785736083984,120.0
0.18735957145690918,120.0
0.18953609466552734,120.0
0.19170570373535156,120.0
0.1939082145690918,120.0
0.19609785079956055,120.0
0.1983041763305664,120.0
0.20104432106018066,120.0
0.20321106910705566,120.0
0.20537734031677246,120.0
0.2075493335723877,120.0
0.20972657203674316,120.0
0.21189427375793457,120.0
0.21407008171081543,120.0
0.21652483940124512,120.0
0.21898198127746582,120.0
0.22119450569152832,120.0
0.22335338592529297,120.0
0.2255542278289795,120.0
0.22771406173706055,120.0
0.22992968559265137,120.0
0.2321000099182129,120.0
0.23426580429077148,120.0
0.23645830154418945,120.0
0.2386469841003418,120.0
0.24082183837890625,120.0
0.24299073219299316,120.0
0.24518418312072754,120.0
0.2473459243774414,120.0
0.24947547912597656,120.0
0.251598596572876,120.0
0.2538895606994629,120.0
0.25641369819641113,120.0
0.2588834762573242,120.0
0.26088571548461914,120.0
0.26315760612487793,120.0
0.26537156105041504,120.0
0.2675638198852539,120.0
0.2697286605834961,120.0
0.2719089984893799,120.0
0.2740967273712158,120.0
0.2762923240661621,120.0
0.2784554958343506,120.0
0.2806260585784912,120.0
0.28279566764831543,120.0
0.28496360778808594,120.0
0.28711414337158203,120.0
0.2892756462097168,120.0
0.29149699211120605,120.0
0.29369473457336426,120.0
0.2960236072540283,120.0
0.2985818386077881,120.0
0.30100488662719727,120.0
0.30321764945983887,120.0
0.3054187297821045,120.0
0.3079071044921875,120.0
0.3101615905761719,120.0
0.3122982978820801,120.0
0.3144416809082031,120.0
0.31656908988952637,120.0
0.318683385848999,120.0
0.3207862377166748,120.0
0.32273340225219727,120.0
0.3249216079711914,120.0
0.3287220001220703,120.0
0.3332509994506836,120.0
0.33797740936279297,120.0
0.34270238876342773,140.0
0.34668540954589844,140.0
0.35009121894836426,140.0
0.3535494804382324,140.0
0.35702085494995117,140.0
0.3603701591491699,160.0
0.36408209800720215,160.0
0.3675391674041748,160.0
0.3710784912109375,160.0
0.37510132789611816,180.0
0.3786015510559082,180.0
0.3928048610687256,200.0
0.3977024555206299,200.0
0.40310049057006836,200.0
0.40776634216308594,200.0
0.4110243320465088,220.0
0.4138152599334717,220.0
0.41620635986328125,220.0
0.4185316562652588,220.0
0.4210014343261719,220.0
0.4235987663269043,220.0
0.4259169101715088,220.0
0.4282863140106201,220.0
0.430452823638916,220.0
0.4325413703918457,220.0
0.43463134765625,220.0
0.4366950988769531,220.0
0.46515893936157227,240.0
0.4674217700958252,240.0
0.4734001159667969,260.0
0.4759025573730469,260.0
0.47890329360961914,260.0
0.48303818702697754,260.0
0.4862673282623291,260.0
0.490095853805542,260.0
0.4934253692626953,260.0
0.49650049209594727,280.0
0.49901628494262695,280.0
0.5011193752288818,280.0
0.5045123100280762,280.0
0.5066027641296387,280.0
0.5085444450378418,280.0
0.5104012489318848,280.0
0.5122261047363281,280.0
0.5140063762664795,260.0
0.515850305557251,260.0
0.5176436901092529,260.0
0.519791841506958,260.0
0.5222949981689453,280.0
0.524705171585083,280.0
0.5271363258361816,280.0
0.5296473503112793,280.0
0.5320181846618652,280.0
0.5344932079315186,280.0
0.5371577739715576,280.0
0.5396666526794434,280.0
0.5421116352081299,280.0
0.5444784164428711,280.0
0.5468852519989014,300.0
0.5493297576904297,300.0
0.5514881610870361,300.0
0.5534255504608154,300.0
0.5553810596466064,300.0
0.5574095249176025,300.0
0.55940842628479,280.0
0.561269998550415,280.0
0.5631041526794434,280.0
0.5649056434631348,280.0
0.5666840076446533,280.0
0.5684609413146973,280.0
0.5706980228424072,280.0
0.5733294486999512,280.0
0.5758638381958008,300.0
0.5783851146697998,300.0
0.5809619426727295,300.0
0.583449125289917,300.0
0.5863132476806641,300.0
0.5892150402069092,300.0
0.5919725894927979,300.0
0.5946371555328369,300.0
0.5972833633422852,300.0
0.5994682312011719,300.0
0.6013615131378174,300.0
0.6031849384307861,300.0
0.6049880981445312,300.0
0.6067705154418945,300.0
0.6085522174835205,300.0
0.6103615760803223,300.0
0.6121327877044678,300.0
0.6139309406280518,300.0
0.6157982349395752,300.0
0.6176233291625977,300.0
0.6195940971374512,300.0
0.6221740245819092,300.0
0.6247165203094482,300.0
0.6271593570709229,300.0
0.6296169757843018,300.0
0.6320629119873047,320.0
0.6345715522766113,320.0
0.6370270252227783,320.0
0.6394531726837158,320.0
0.6421518325805664,320.0
0.6446254253387451,320.0
0.6474037170410156,320.0
0.6497542858123779,320.0
0.6521375179290771,320.0
0.6540822982788086,320.0
0.6559572219848633,320.0
0.6578085422515869,320.0
0.6596834659576416,320.0
0.6614894866943359,320.0
0.6632590293884277,320.0
0.6650412082672119,320.0
0.6668097972869873,320.0
0.6685857772827148,320.0
0.6709809303283691,320.0
0.6735615730285645,320.0
0.676088809967041,320.0
0.6786441802978516,320.0
0.6812503337860107,320.0
0.6837682723999023,320.0
0.6862635612487793,320.0
0.6887588500976562,320.0
0.691148042678833,340.0
0.6937093734741211,340.0
0.6963155269622803,340.0
0.6986966133117676,340.0
0.700615644454956,340.0
0.7025065422058105,340.0
0.7043313980102539,340.0
0.706134557723999,340.0
0.7079596519470215,340.0
0.7097563743591309,340.0
0.7115256786346436,340.0
0.7132980823516846,340.0
0.7150893211364746,320.0
0.7168641090393066,320.0
0.7189674377441406,320.0
0.7213864326477051,340.0
0.7236590385437012,340.0
0.7263808250427246,340.0
0.7290470600128174,340.0
0.7314224243164062,340.0
0.7339825630187988,340.0
0.7363898754119873,340.0
0.7392318248748779,340.0
0.7418007850646973,340.0
0.7441513538360596,340.0
0.74652099609375,340.0
0.7488002777099609,340.0
0.7507998943328857,340.0
0.7527484893798828,340.0
0.754664421081543,340.0
0.7565629482269287,340.0
0.7584459781646729,340.0
0.7602684497833252,340.0
0.7620556354522705,340.0
0.7638325691223145,340.0
0.7656478881835938,340.0
0.767423152923584,340.0
0.7693607807159424,340.0
0.7718391418457031,340.0
0.7745919227600098,340.0
0.777508020401001,340.0
0.7800183296203613,340.0
0.7824947834014893,340.0
0.7855579853057861,340.0
0.7879171371459961,360.0
0.7903056144714355,360.0
0.7932062149047852,360.0
0.7957053184509277,360.0
0.7978217601776123,360.0
0.799818754196167,360.0
0.8017435073852539,360.0
0.8036093711853027,360.0
0.8054795265197754,360.0
0.8073382377624512,360.0
0.8092465400695801,360.0
0.8110630512237549,360.0
0.812849760055542,360.0
0.8146209716796875,340.0
0.8163917064666748,340.0
0.8181576728820801,340.0
0.8203673362731934,340.0
0.8231120109558105,340.0
0.8258306980133057,360.0
0.8284971714019775,360.0
0.831096887588501,360.0
0.8337674140930176,360.0
0.8363897800445557,360.0
0.8390810489654541,360.0
0.841719388961792,360.0
0.8444211483001709,360.0
0.8471858501434326,360.0
0.8494901657104492,360.0
0.8514800071716309,360.0
0.8535168170928955,360.0
0.8553595542907715,360.0
0.8572402000427246,360.0
0.8590471744537354,360.0
0.8609278202056885,360.0
0.862715482711792,360.0
0.8644940853118896,360.0
0.8662652969360352,360.0
0.8680384159088135,360.0
0.870349645614624,360.0
0.8730170726776123,360.0
0.8756523132324219,360.0
0.8783278465270996,360.0
0.8810455799102783,360.0
0.8836755752563477,360.0
0.8863592147827148,360.0
0.8890459537506104,360.0
0.8916292190551758,380.0
0.8943386077880859,380.0
0.8975253105163574,380.0
0.8998548984527588,380.0
0.9017882347106934,380.0
0.903609037399292,380.0
0.9054818153381348,380.0
0.9072849750518799,380.0
0.9091339111328125,380.0
0.9109125137329102,380.0
0.9126968383789062,360.0
0.9144766330718994,360.0
0.9162518978118896,360.0
0.918022632598877,360.0
0.9205427169799805,360.0
0.9231300354003906,360.0
0.9258120059967041,360.0
0.928368330001831,380.0
0.930983304977417,380.0
0.933626651763916,380.0
0.9362702369689941,380.0
0.9389588832855225,380.0
0.9415950775146484,380.0
0.9441173076629639,380.0
0.9465069770812988,380.0
0.9486804008483887,380.0
0.9507982730865479,380.0
0.9527406692504883,380.0
0.9546315670013428,380.0
0.9565179347991943,380.0
0.9584059715270996,380.0
0.9602208137512207,380.0
0.9620203971862793,380.0
0.9638400077819824,380.0
0.9656503200531006,380.0
0.9675004482269287,380.0
0.9698011875152588,380.0
0.9765284061431885,380.0
0.9789419174194336,380.0
0.9840972423553467,380.0
0.9912662506103516,380.0
0.9965620040893555,380.0
1.0006005764007568,380.0
1.0051207542419434,380.0
1.0085797309875488,380.0
1.0114390850067139,380.0
1.0132887363433838,380.0
1.0151057243347168,380.0
1.016904592514038,380.0
1.0189299583435059,380.0
1.0215723514556885,380.0
1.0239872932434082,380.0
1.0266571044921875,380.0
1.0296661853790283,380.0
1.0321712493896484,380.0
1.0344955921173096,400.0
1.037238597869873,400.0
1.0400876998901367,400.0
1.0427968502044678,400.0
1.0455381870269775,400.0
1.0480244159698486,400.0
1.0505969524383545,400.0
1.0528004169464111,400.0
1.05483078956604,400.0
1.0570330619812012,400.0
1.0590152740478516,400.0
1.0609440803527832,400.0
1.062842607498169,400.0
1.0646436214447021,400.0
1.066415548324585,400.0
1.0681979656219482,400.0
1.0699760913848877,380.0
1.0720055103302002,380.0
1.0747895240783691,380.0
1.0775554180145264,400.0
1.0810520648956299,400.0
1.0838069915771484,400.0
1.0864953994750977,400.0
1.0892407894134521,400.0
1.0920424461364746,400.0
1.0948145389556885,400.0
1.0976059436798096,400.0
1.1003243923187256,400.0
1.1027698516845703,400.0
1.1047613620758057,400.0
1.106581449508667,400.0
1.1084351539611816,400.0
1.11039137840271,400.0
1.1122660636901855,400.0
1.1141197681427002,400.0
1.1159241199493408,400.0
1.1177256107330322,400.0
1.1195456981658936,400.0
1.121323585510254,400.0
1.123100996017456,400.0
1.1253178119659424,400.0
1.1279716491699219,400.0
1.1305692195892334,400.0
1.1332390308380127,400.0
1.1359002590179443,400.0
1.1385748386383057,400.0
1.1413142681121826,400.0
1.144059419631958,400.0
1.1467368602752686,400.0
1.1494834423065186,400.0
1.1521306037902832,400.0
1.1545963287353516,400.0
1.156602382659912,400.0
1.1584289073944092,400.0
1.160226583480835,400.0
1.1620724201202393,400.0
1.1640446186065674,400.0
1.1658790111541748,400.0
1.167668104171753,400.0
1.1694512367248535,400.0
1.1712255477905273,400.0
1.1731231212615967,400.0
1.185039758682251,400.0
1.1876392364501953,400.0
1.190363883972168,400.0
1.193117380142212,400.0
1.1957108974456787,400.0
1.198376178741455,400.0
1.201131820678711,400.0
1.203719139099121,400.0
1.2061331272125244,400.0
1.2080268859863281,400.0
1.2098338603973389,400.0
1.211665153503418,400.0
1.2134828567504883,400.0
1.2152647972106934,400.0
1.2170541286468506,400.0
1.2188384532928467,400.0
1.220618486404419,400.0
1.2231941223144531,400.0
1.2260198593139648,400.0
1.2286815643310547,400.0
1.2313306331634521,400.0
1.2340612411499023,400.0
1.2367534637451172,400.0
1.239386796951294,400.0
1.2420971393585205,420.0
1.2447984218597412,420.0
1.2474567890167236,420.0
1.2504477500915527,420.0
1.2533411979675293,420.0
1.2555677890777588,420.0
1.2581603527069092,420.0
1.2600712776184082,420.0
1.2618649005889893,400.0
1.2636566162109375,400.0
1.265446662902832,400.0
1.267230749130249,400.0
1.269132137298584,400.0
1.2715022563934326,400.0
1.2744531631469727,400.0
1.2773847579956055,400.0
1.2801809310913086,400.0
1.2829923629760742,400.0
1.2857623100280762,420.0
1.2885122299194336,420.0
1.2912719249725342,420.0
1.2941007614135742,420.0
1.2967185974121094,420.0
1.2993123531341553,420.0
1.301480770111084,420.0
1.3034169673919678,420.0
1.3056299686431885,420.0
1.3074803352355957,420.0
1.3093392848968506,420.0
1.3112447261810303,420.0
1.313126802444458,420.0
1.3149378299713135,400.0
1.316746711730957,400.0
1.3185210227966309,400.0
1.3204803466796875,400.0
1.3228802680969238,400.0
1.3253490924835205,400.0
1.327789545059204,400.0
1.3305308818817139,420.0
1.3331520557403564,420.0
1.3356027603149414,420.0
1.3381736278533936,420.0
1.3410091400146484,420.0
1.34377121925354,420.0
1.3464086055755615,420.0
1.3493878841400146,420.0
1.3516981601715088,420.0
1.3537225723266602,420.0
1.3556303977966309,420.0
1.3575263023376465,420.0
1.3596210479736328,420.0
1.3615641593933105,420.0
1.3634111881256104,420.0
1.3652033805847168,420.0
1.3669991493225098,400.0
1.368788480758667,400.0
1.3706188201904297,400.0
1.3730127811431885,400.0
1.3756780624389648,400.0
1.3783769607543945,420.0
1.3810806274414062,420.0
1.3837518692016602,420.0
1.3864309787750244,420.0
1.389225959777832,420.0
1.3918700218200684,420.0
1.3945538997650146,420.0
1.397251844406128,420.0
1.3999152183532715,420.0
1.402129888534546,420.0
1.4040427207946777,420.0
1.4059648513793945,420.0
1.4078359603881836,420.0
1.4096415042877197,420.0
1.411470651626587,420.0
1.4133367538452148,420.0
1.4151191711425781,420.0
1.4169161319732666,420.0
1.4187097549438477,420.0
1.4204835891723633,400.0
1.4226710796356201,400.0
1.4253127574920654,420.0
1.4279446601867676,420.0
1.4306163787841797,420.0
1.4333114624023438,420.0
1.4359428882598877,420.0
1.4385576248168945,420.0
1.4412333965301514,420.0
1.443915843963623,420.0
1.4467191696166992,420.0
1.449526071548462,420.0
1.452167272567749,420.0
1.4545669555664062,420.0
1.4565129280090332,420.0
1.458336591720581,420.0
1.4601445198059082,420.0
1.4620606899261475,420.0
1.4639017581939697,420.0
1.4657063484191895,420.0
1.4674878120422363,420.0
1.4692704677581787,420.0
1.4710774421691895,420.0
1.4728622436523438,420.0
1.4750754833221436,420.0
1.477710247039795,420.0
1.4803614616394043,420.0
1.4829785823822021,420.0
1.4856047630310059,420.0
1.4883415699005127,420.0
1.4909355640411377,420.0
1.493635892868042,420.0
1.4962728023529053,420.0
1.4989514350891113,420.0
1.5015816688537598,420.0
1.5042140483856201,420.0
1.5062665939331055,420.0
1.5082831382751465,420.0
1.510166883468628,420.0
1.5119731426239014,420.0
1.5138089656829834,420.0
1.515683889389038,420.0
1.517479419708252,420.0
1.519247055053711,420.0
1.521026849746704,420.0
1.5227899551391602,420.0
1.5247962474822998,420.0
1.5276474952697754,420.0
1.530402660369873,420.0
1.533440351486206,420.0
1.5363812446594238,420.0
1.5389719009399414,420.0
1.5416514873504639,420.0
1.5442395210266113,420.0
1.546907663345337,420.0
1.5495858192443848,420.0
1.5523698329925537,420.0
1.5544040203094482,420.0
1.5563085079193115,420.0
1.5581865310668945,420.0
1.560394525527954,420.0
1.5624406337738037,420.0
1.5645363330841064,420.0
1.5663738250732422,420.0
1.5683960914611816,420.0
1.570214033126831,420.0
1.5719945430755615,420.0
1.5737793445587158,420.0
1.5762789249420166,420.0
1.578843593597412,420.0
1.5820574760437012,420.0
1.5847675800323486,420.0
1.5876617431640625,420.0
1.590362310409546,420.0
1.5931193828582764,420.0
1.5957915782928467,420.0
1.5987846851348877,420.0
1.6017625331878662,420.0
1.6040074825286865,420.0
1.6059415340423584,420.0
1.607818603515625,420.0
1.6096975803375244,420.0
1.6115119457244873,420.0
1.613403081893921,420.0
1.6152775287628174,420.0
1.6170825958251953,420.0
1.6188533306121826,420.0
1.6206274032592773,420.0
1.62239670753479,420.0
1.62416672706604,420.0
1.6369075775146484,420.0
1.6394522190093994,420.0
1.6420533657073975,420.0
1.6445610523223877,420.0
1.6470518112182617,420.0
1.6495168209075928,420.0
1.6523520946502686,420.0
1.6554789543151855,420.0
1.6575953960418701,420.0
1.6595203876495361,420.0
1.661407232284546,420.0
1.663194179534912,420.0
1.6649670600891113,420.0
1.6667368412017822,420.0
1.6685080528259277,420.0
1.6702816486358643,420.0
1.6723377704620361,420.0
1.6748104095458984,420.0
1.6774706840515137,420.0
1.67970871925354,420.0
1.6843760013580322,420.0
1.6869027614593506,420.0
1.6891968250274658,420.0
1.6927611827850342,420.0
1.6956520080566406,420.0
1.6987171173095703,420.0
1.7007019519805908,420.0
1.7025916576385498,420.0
1.7044360637664795,420.0
1.7063241004943848,420.0
1.708158016204834,420.0
1.7099664211273193,420.0
1.711860179901123,420.0
1.7136576175689697,420.0
1.7154297828674316,420.0
1.7172174453735352,420.0
1.7189874649047852,420.0
1.720763921737671,420.0
1.7492547035217285,420.0
1.7515840530395508,420.0
1.7534518241882324,420.0
1.7552423477172852,420.0
1.7570240497589111,420.0
1.7588019371032715,420.0
1.7605812549591064,420.0
1.7626402378082275,420.0
1.7653579711914062,420.0
1.7681386470794678,420.0
1.770798683166504,420.0
1.7735240459442139,420.0
1.776270866394043,420.0
1.7789373397827148,420.0
1.7816128730773926,440.0
1.784282922744751,440.0
1.7870502471923828,440.0
1.7896728515625,440.0
1.79221510887146,440.0
1.794328212738037,440.0
1.7962746620178223,440.0
1.7982051372528076,440.0
1.8001742362976074,440.0
1.802062749862671,440.0
1.8039021492004395,420.0
1.8057301044464111,420.0
1.8075664043426514,420.0
1.8094840049743652,420.0
1.8112859725952148,420.0
1.8133323192596436,420.0
1.8161695003509521,420.0
1.8188848495483398,420.0
1.8223042488098145,420.0
1.8250043392181396,420.0
1.8276655673980713,440.0
1.8304128646850586,440.0
1.833225965499878,440.0
1.8359341621398926,440.0
1.8387343883514404,440.0
1.8414850234985352,440.0
1.8440914154052734,440.0
1.84627103805542,440.0
1.848140001296997,440.0
1.8499858379364014,440.0
1.8518157005310059,440.0
1.8536474704742432,440.0
1.8555278778076172,440.0
1.8573212623596191,440.0
1.8591022491455078,420.0
1.8608956336975098,420.0
1.8626668453216553,420.0
1.8644609451293945,420.0
1.86698579788208,420.0
1.8697082996368408,420.0
1.8723740577697754,420.0
1.8751511573791504,440.0
1.8779420852661133,440.0
1.880688190460205,440.0
1.8833298683166504,440.0
1.886026382446289,440.0
1.8886866569519043,440.0
1.8912477493286133,440.0
1.893733024597168,440.0
1.8963079452514648,440.0
1.8984808921813965,440.0
1.900373935699463,440.0
1.9021964073181152,440.0
1.9040143489837646,440.0
1.9058663845062256,440.0
1.9076566696166992,440.0
1.9094679355621338,440.0
1.9112465381622314,420.0
1.913029670715332,420.0
1.9150161743164062,420.0
1.917762041091919,420.0
1.9204070568084717,420.0
1.9230191707611084,440.0
1.925658941268921,440.0
1.9283499717712402,440.0
1.931032419204712,440.0
1.9336886405944824,440.0
1.9363510608673096,440.0
1.9390249252319336,440.0
1.9416611194610596,440.0
1.9438660144805908,440.0
1.945859670639038,440.0
1.9478387832641602,440.0
1.9497458934783936,440.0
1.9515705108642578,440.0
1.9533774852752686,440.0
1.9552042484283447,440.0
1.9569945335388184,440.0
1.9587676525115967,440.0
1.960552453994751,440.0
1.962374210357666,420.0
1.964341402053833,420.0
1.9676909446716309,420.0
1.9705810546875,440.0
1.9741153717041016,440.0
1.9840211868286133,440.0
1.9872260093688965,440.0
1.9920010566711426,440.0
1.9951820373535156,440.0
1.9976420402526855,440.0
1.9998655319213867,440.0
2.001728057861328,440.0
2.0036041736602783,440.0
2.005446434020996,440.0
2.0073256492614746,440.0
2.009180784225464,440.0
2.0110788345336914,440.0
2.01291823387146,440.0
2.014906883239746,440.0
2.0208330154418945,440.0
2.027686834335327,440.0
2.040512800216675,440.0
2.0447287559509277,440.0
2.048182249069214,440.0
2.05082106590271,440.0
2.0538220405578613,440.0
2.056145668029785,440.0
2.058253526687622,440.0
2.0607059001922607,440.0
2.06290340423584,440.0
2.0647332668304443,440.0
2.066526174545288,440.0
2.068328857421875,440.0
2.0701239109039307,440.0
2.071915626525879,440.0
2.089935541152954,440.0
2.092679262161255,440.0
2.095259428024292,440.0
2.0979301929473877,440.0
2.1005043983459473,440.0
2.103229522705078,440.0
2.1054179668426514,440.0
2.1073741912841797,440.0
2.1091928482055664,440.0
2.1110129356384277,440.0
2.1128320693969727,440.0
2.1146206855773926,440.0
2.1164090633392334,440.0
2.118189573287964,440.0
2.11997652053833,440.0
2.1223292350769043,440.0
2.1249918937683105,440.0
2.1276395320892334,440.0
2.130429983139038,440.0
2.1331288814544678,440.0
2.135993003845215,440.0
2.138639450073242,440.0
2.141280174255371,440.0
2.143834352493286,440.0
2.146358013153076,440.0
2.1490485668182373,440.0
2.151435375213623,440.0
2.153679609298706,440.0
2.155792236328125,440.0
2.1578657627105713,440.0
2.1598827838897705,440.0
2.161769390106201,440.0
2.1636152267456055,440.0
2.165411949157715,440.0
2.1672017574310303,440.0
2.169009208679199,440.0
2.1707942485809326,440.0
2.267181873321533,440.0
2.2690112590789795,440.0
2.2861061096191406,440.0
2.2891299724578857,440.0
2.2919840812683105,440.0
2.2948853969573975,440.0
2.2981860637664795,460.0
2.3003807067871094,440.0
2.302284002304077,440.0
2.3042187690734863,440.0
2.306021213531494,440.0
2.307793378829956,440.0
2.3095643520355225,440.0
2.31136417388916,440.0
2.3132410049438477,440.0
2.3153977394104004,440.0
2.318057060241699,440.0
2.320564031600952,440.0
2.3231825828552246,440.0
2.3256869316101074,440.0
2.3281350135803223,440.0
2.330645799636841,440.0
2.333103656768799,440.0
2.3355493545532227,440.0
2.338054895401001,440.0
2.340498208999634,460.0
2.343088150024414,460.0
2.3453385829925537,460.0
2.3473665714263916,440.0
2.349306106567383,440.0
2.3512344360351562,440.0
2.3531317710876465,440.0
2.3550209999084473,440.0
2.356818675994873,440.0
2.358588933944702,440.0
2.3603594303131104,440.0
2.36214017868042,440.0
2.3639163970947266,440.0
2.3663177490234375,440.0
2.3690598011016846,440.0
2.3717920780181885,440.0
2.3745193481445312,440.0
2.3772993087768555,440.0
2.379920721054077,440.0
2.3826184272766113,440.0
2.3853440284729004,440.0
2.38808012008667,440.0
2.390850067138672,440.0
2.3932547569274902,440.0
2.3952856063842773,440.0
2.3971285820007324,440.0
2.3989241123199463,440.0
2.4007160663604736,440.0
2.4025163650512695,440.0
2.4043257236480713,440.0
2.4061474800109863,440.0
2.4079291820526123,440.0
2.4097161293029785,440.0
2.411484956741333,440.0
2.413255453109741,440.0
2.4150233268737793,440.0
2.417753219604492,440.0
2.4204397201538086,440.0
2.4230992794036865,440.0
2.4258079528808594,440.0
2.4284920692443848,440.0
2.431133508682251,440.0
2.433859348297119,440.0
2.436553716659546,440.0
2.4392223358154297,440.0
2.4419074058532715,440.0
2.444314479827881,440.0
2.4464316368103027,440.0
2.4483203887939453,440.0
2.4501428604125977,440.0
2.45194673538208,440.0
2.453751802444458,440.0
2.455843687057495,440.0
2.4577043056488037,440.0
2.459482192993164,440.0
2.46126127243042,440.0
2.4630513191223145,440.0
2.464850902557373,440.0
2.46740460395813,440.0
2.470503568649292,440.0
2.4732418060302734,440.0
2.4763314723968506,440.0
2.480181932449341,440.0
2.483180284500122,440.0
2.485924243927002,440.0
2.4889490604400635,440.0
2.4912681579589844,440.0
2.4934170246124268,440.0
2.4954018592834473,440.0
2.4974639415740967,440.0
2.4993152618408203,440.0
2.5011558532714844,440.0
2.502953290939331,440.0
2.504960536956787,440.0
2.5068411827087402,440.0
2.5086472034454346,440.0
2.5104353427886963,440.0
2.512240409851074,440.0
2.51405668258667,440.0
2.5288989543914795,440.0
2.531625270843506,440.0
2.5341904163360596,440.0
2.536680221557617,440.0
2.5391149520874023,440.0
2.5416903495788574,440.0
2.544489622116089,440.0
2.5467746257781982,440.0
2.54878568649292,440.0
2.5507097244262695,440.0
2.5525777339935303,440.0
2.554354190826416,440.0
2.5561299324035645,440.0
2.55790114402771,440.0
2.5596752166748047,440.0
2.561577558517456,440.0
2.5642237663269043,440.0
2.566953659057617,440.0
2.5696535110473633,440.0
2.5724754333496094,440.0
2.57523512840271,440.0
2.5779919624328613,440.0
2.5807199478149414,440.0
2.5833663940429688,440.0
2.5861823558807373,440.0
2.5888545513153076,440.0
2.5916049480438232,440.0
2.593670129776001,440.0
2.5955119132995605,440.0
2.597334384918213,440.0
2.599125862121582,440.0
2.600929021835327,440.0
2.6028988361358643,440.0
2.6047050952911377,440.0
2.6064815521240234,440.0
2.608260154724121,440.0
2.610111713409424,440.0
2.6120753288269043,440.0
2.6146280765533447,440.0
2.617302894592285,440.0
2.6199774742126465,440.0
2.622580051422119,440.0
2.625330686569214,440.0
2.627941846847534,440.0
2.6306207180023193,440.0
2.6333436965942383,440.0
2.6360485553741455,440.0
2.6387016773223877,440.0
2.641434669494629,440.0
2.6436209678649902,440.0
2.645519971847534,440.0
2.647413730621338,440.0
2.6492488384246826,440.0
2.6510422229766846,440.0
2.6528432369232178,440.0
2.654651165008545,440.0
2.6565070152282715,440.0
2.6582958698272705,440.0
2.6600711345672607,440.0
2.6618423461914062,440.0
2.663611888885498,420.0
2.6661856174468994,440.0
2.6703941822052,440.0
2.6733181476593018,440.0
2.6759581565856934,440.0
2.6786515712738037,440.0
2.6812186241149902,440.0
2.6840806007385254,440.0
2.6866977214813232,440.0
2.689363479614258,440.0
2.6921305656433105,440.0
2.69450044631958,440.0
2.696796417236328,440.0
2.698953866958618,440.0
2.7009377479553223,440.0
2.7029316425323486,440.0
2.7051491737365723,440.0
2.7070446014404297,440.0
2.708857536315918,440.0
2.710702419281006,440.0
2.712491512298584,440.0
2.71427583694458,420.0
2.716524839401245,420.0
2.7190515995025635,420.0
2.72196102142334,440.0
2.724602460861206,440.0
2.727017641067505,440.0
2.729508638381958,440.0
2.732042074203491,440.0
2.73462176322937,440.0
2.7375028133392334,440.0
2.7402918338775635,440.0
2.742837429046631,440.0
2.7450997829437256,440.0
2.7471230030059814,440.0
2.7490692138671875,440.0
2.7510154247283936,440.0
2.75302791595459,440.0
2.755025625228882,440.0
2.7570223808288574,440.0
2.7588131427764893,440.0
2.7605936527252197,440.0
2.762366533279419,440.0
2.7641379833221436,420.0
2.7659084796905518,420.0
2.7684810161590576,420.0
2.7711985111236572,420.0
2.7739217281341553,440.0
2.776634454727173,440.0
2.7792797088623047,440.0
2.782013416290283,440.0
2.784658193588257,440.0
2.787388563156128,440.0
2.790168523788452,440.0
2.7929110527038574,440.0
2.7951128482818604,440.0
2.797940254211426,440.0
2.799814462661743,440.0
2.8016295433044434,440.0
2.803523540496826,440.0
2.8053524494171143,440.0
2.807173252105713,440.0
2.8089523315429688,440.0
2.8107259273529053,440.0
2.8125076293945312,420.0
2.814281463623047,420.0
2.8161325454711914,420.0
2.818727731704712,420.0
2.8215830326080322,420.0
2.8243494033813477,420.0
2.8270857334136963,440.0
2.829890251159668,440.0
2.832714796066284,440.0
2.8354523181915283,440.0
2.8382909297943115,440.0
2.8411130905151367,440.0
2.8437647819519043,440.0
2.8459794521331787,440.0
2.847944736480713,440.0
2.8498263359069824,440.0
2.8516643047332764,440.0
2.8534867763519287,440.0
2.8553059101104736,440.0
2.8571109771728516,440.0
2.8588902950286865,440.0
2.8606698513031006,440.0
2.8624391555786133,420.0
2.86447811126709,420.0
2.876049757003784,440.0
2.8788232803344727,440.0
2.881535768508911,440.0
2.8842532634735107,440.0
2.8869705200195312,440.0
2.8897013664245605,440.0
2.892408609390259,440.0
2.8951480388641357,440.0
2.897202491760254,440.0
2.8990561962127686,440.0
2.9008777141571045,440.0
2.9026801586151123,440.0
2.9044837951660156,440.0
2.9064111709594727,440.0
2.908193826675415,440.0
2.9099626541137695,420.0
2.911745548248291,420.0
2.9139440059661865,420.0
2.9166297912597656,420.0
2.919327735900879,440.0
2.9220855236053467,440.0
2.924837112426758,440.0
2.9275262355804443,440.0
2.930286169052124,440.0
2.9331228733062744,440.0
2.9358596801757812,440.0
2.93866229057312,440.0
2.941359281539917,440.0
2.9433672428131104,440.0
2.945234537124634,440.0
2.9474291801452637,440.0
2.949293375015259,440.0
2.951096773147583,440.0
2.9529471397399902,440.0
2.954745054244995,440.0
2.956547975540161,440.0
2.958324670791626,440.0
2.960123062133789,420.0
2.961992025375366,420.0
2.964540481567383,420.0
2.9671273231506348,420.0
2.969774007797241,440.0
2.9723119735717773,440.0
2.9747650623321533,440.0
2.9772627353668213,440.0
2.979797601699829,440.0
2.9822919368743896,440.0
2.984694719314575,440.0
2.9887242317199707,440.0
2.9921367168426514,440.0
2.9952099323272705,440.0
2.9972996711730957,440.0
2.999316453933716,440.0
3.0013065338134766,440.0
3.003283739089966,440.0
3.0052247047424316,440.0
3.0070383548736572,440.0
3.008867025375366,440.0
3.0106966495513916,440.0
3.0124905109405518,440.0
3.0143284797668457,440.0
3.016159772872925,420.0
3.0184688568115234,420.0
3.021327495574951,440.0
3.024207830429077,440.0
3.0270845890045166,440.0
3.030006170272827,440.0
3.032890796661377,440.0
3.035545587539673,440.0
3.0383827686309814,440.0
3.041135311126709,440.0
3.0437984466552734,440.0
3.0463027954101562,440.0
3.048581838607788,440.0
3.0520050525665283,440.0
3.0553367137908936,440.0
3.0586414337158203,440.0
3.0629775524139404,440.0
3.0662691593170166,420.0
3.069716453552246,420.0
3.0734992027282715,440.0
3.076140880584717,440.0
3.0787644386291504,440.0
3.081507682800293,440.0
3.0837745666503906,440.0
3.0864713191986084,440.0
3.088829517364502,440.0
3.0919697284698486,440.0
3.0945823192596436,440.0
3.096780300140381,440.0
3.098839044570923,440.0
3.100796937942505,440.0
3.102710247039795,440.0
3.1046202182769775,440.0
3.1064493656158447,440.0
3.1082518100738525,440.0
3.1100447177886963,440.0
3.111820697784424,440.0
3.113593816757202,440.0
3.115365982055664,440.0
3.1171441078186035,420.0
3.140028238296509,440.0
3.1428022384643555,440.0
3.1454246044158936,440.0
3.1480658054351807,440.0
3.1500346660614014,440.0
3.1519970893859863,440.0
3.1538681983947754,440.0
3.155734062194824,440.0
3.157541513442993,440.0
3.1593704223632812,440.0
3.1611669063568115,440.0
3.162954568862915,440.0
3.1653759479522705,420.0
3.1676671504974365,440.0
3.1705362796783447,440.0
3.173185348510742,440.0
3.1757943630218506,440.0
3.1786067485809326,440.0
3.1813201904296875,440.0
3.183899402618408,440.0
3.186426877975464,440.0
3.1892483234405518,440.0
3.1919875144958496,440.0
3.194260835647583,440.0
3.196288585662842,440.0
3.1982192993164062,440.0
3.2001140117645264,440.0
3.2019307613372803,440.0
3.2037410736083984,440.0
3.20552659034729,440.0
3.2073471546173096,440.0
3.2091269493103027,440.0
3.210923433303833,440.0
3.212698459625244,440.0
3.214864730834961,440.0
3.217542886734009,440.0
3.2202632427215576,440.0
3.2230026721954346,440.0
3.2256758213043213,440.0
3.2283802032470703,440.0
3.2310972213745117,440.0
3.233889579772949,440.0
3.2366302013397217,440.0
3.2392752170562744,440.0
3.2420361042022705,440.0
3.244297504425049,440.0
3.2463021278381348,440.0
3.2482244968414307,440.0
3.2500698566436768,440.0
3.2518699169158936,440.0
3.253713607788086,440.0
3.2555131912231445,440.0
3.257288694381714,440.0
3.259077548980713,440.0
3.2608604431152344,440.0
3.2626938819885254,440.0
3.277982711791992,440.0
3.280749559402466,440.0
3.2834529876708984,440.0
3.2862648963928223,440.0
3.2890264987945557,440.0
3.29164981842041,440.0
3.293710231781006,440.0
3.2955563068389893,440.0
3.298448085784912,440.0
3.3004820346832275,440.0
3.302259683609009,440.0
3.304032564163208,440.0
3.305804967880249,440.0
3.30855131149292,440.0
3.3111698627471924,440.0
3.3139355182647705,440.0
3.3166697025299072,440.0
3.319359540939331,440.0
3.322089195251465,440.0
3.3248226642608643,440.0
3.327446699142456,440.0
3.3302154541015625,440.0
3.333404064178467,440.0
3.336202383041382,440.0
3.338702440261841,440.0
3.340623378753662,440.0
3.342460870742798,440.0
3.3442676067352295,440.0
3.3460681438446045,440.0
3.347865581512451,440.0
3.3497886657714844,440.0
3.3515994548797607,440.0
3.353398561477661,440.0
3.3551690578460693,440.0
3.3569581508636475,440.0
3.3587279319763184,440.0
3.3610987663269043,440.0
3.3636693954467773,440.0
3.3667938709259033,440.0
3.3694539070129395,440.0
3.371966600418091,440.0
3.3745408058166504,440.0
3.3770503997802734,440.0
3.380676746368408,440.0
3.3831839561462402,440.0
3.3857581615448,440.0
3.3882791996002197,440.0
3.3903534412384033,440.0
3.39231276512146,440.0
3.3942408561706543,440.0
3.396145820617676,440.0
3.3980324268341064,440.0
3.3999040126800537,440.0
3.401777505874634,440.0
3.4035592079162598,440.0
3.405334949493408,440.0
3.4071075916290283,440.0
3.4088919162750244,440.0
3.410670757293701,420.0
3.4132986068725586,440.0
3.415945529937744,440.0
3.418532371520996,440.0
3.4212238788604736,440.0
3.423807144165039,440.0
3.426473379135132,440.0
3.4291787147521973,440.0
3.431818723678589,440.0
3.4345312118530273,440.0
3.4371917247772217,440.0
3.4396448135375977,440.0
3.4416074752807617,440.0
3.4435365200042725,440.0
3.4453749656677246,440.0
3.4471776485443115,440.0
3.448974847793579,440.0
3.4507594108581543,440.0
3.4525718688964844,440.0
3.4543423652648926,440.0
3.456195116043091,440.0
3.4579672813415527,440.0
3.459742307662964,420.0
3.4618701934814453,420.0
3.464628219604492,440.0
3.467315196990967,440.0
3.4700510501861572,440.0
3.4730148315429688,440.0
3.475656270980835,440.0
3.4784319400787354,440.0
3.4811837673187256,440.0
3.4838979244232178,440.0
3.4865036010742188,440.0
3.488940715789795,440.0
3.4911820888519287,440.0
3.493178367614746,440.0
3.495041847229004,440.0
3.4968581199645996,440.0
3.498709201812744,440.0
3.5005481243133545,440.0
3.5023250579833984,440.0
3.5041136741638184,440.0
3.5058987140655518,440.0
3.5076992511749268,440.0
3.509488821029663,420.0
3.511742115020752,420.0
3.5146145820617676,440.0
3.5221524238586426,440.0
3.524909019470215,440.0
3.527411460876465,440.0
3.5301756858825684,440.0
3.5326902866363525,440.0
3.535125255584717,440.0
3.5376639366149902,440.0
3.539853811264038,440.0
3.541965961456299,440.0
3.5439302921295166,440.0
3.5458285808563232,440.0
3.547684669494629,440.0
3.5494794845581055,440.0
3.551244020462036,440.0
3.55301570892334,440.0
3.5547828674316406,440.0
3.5565497875213623,420.0
3.558875799179077,420.0
3.5614850521087646,440.0
3.5641729831695557,440.0
3.5668697357177734,440.0
3.56960129737854,440.0
3.5722875595092773,440.0
3.5749850273132324,440.0
3.577704906463623,440.0
3.580406427383423,440.0
3.583137035369873,440.0
3.5860300064086914,440.0
3.5884881019592285,440.0
3.5914597511291504,440.0
3.594421148300171,440.0
3.5972366333007812,440.0
3.599945068359375,440.0
3.6024866104125977,440.0
3.6042606830596924,440.0
3.6066322326660156,420.0
3.6094260215759277,420.0
3.6121432781219482,440.0
3.614842653274536,440.0
3.6175425052642822,440.0
3.620272159576416,440.0
3.622955560684204,440.0
3.625657796859741,440.0
3.6283442974090576,440.0
3.630967617034912,440.0
3.6337149143218994,440.0
3.6359691619873047,440.0
3.637953758239746,440.0
3.6398022174835205,440.0
3.641627550125122,440.0
3.6434342861175537,440.0
3.645265817642212,440.0
3.647115468978882,440.0
3.6489083766937256,440.0
3.6506943702697754,440.0
3.6524829864501953,440.0
3.6542534828186035,440.0
3.6560330390930176,420.0
3.6585423946380615,420.0
3.6612443923950195,440.0
3.663973331451416,440.0
3.6666817665100098,440.0
3.6694600582122803,440.0
3.6722233295440674,440.0
3.6749017238616943,440.0
3.6775624752044678,440.0
3.6802151203155518,440.0
3.682927131652832,440.0
3.6855411529541016,440.0
3.6886072158813477,440.0
3.690661668777466,440.0
3.6925225257873535,440.0
3.694366931915283,440.0
3.6961896419525146,440.0
3.698103189468384,440.0
3.699932098388672,440.0
3.701728582382202,440.0
3.7035133838653564,440.0
3.7053003311157227,440.0
3.7073185443878174,420.0
3.710005044937134,440.0
3.7125155925750732,440.0
3.714949369430542,440.0
3.717491388320923,440.0
3.7200310230255127,440.0
3.7226390838623047,440.0
3.7257626056671143,440.0
3.7283542156219482,440.0
3.7309365272521973,440.0
3.733736991882324,440.0
3.7360901832580566,440.0
3.738227605819702,440.0
3.740299940109253,440.0
3.7423481941223145,440.0
3.744422674179077,440.0
3.7467286586761475,440.0
3.748631477355957,440.0
3.75045108795166,440.0
3.752227544784546,440.0
3.7540082931518555,440.0
3.7557809352874756,440.0
3.7575502395629883,440.0
3.7690224647521973,440.0
3.7717084884643555,440.0
3.7744176387786865,440.0
3.777184009552002,440.0
3.779872417449951,440.0
3.782569646835327,440.0
3.7853941917419434,440.0
3.7877113819122314,440.0
3.789888858795166,440.0
3.7917580604553223,440.0
3.7935760021209717,440.0
3.79538631439209,440.0
3.797161817550659,440.0
3.799004316329956,440.0
3.800793409347534,440.0
3.8025784492492676,440.0
3.804492950439453,440.0
3.8071115016937256,440.0
3.8100345134735107,440.0
3.812777519226074,440.0
3.815483808517456,440.0
3.818359613418579,440.0
3.8211703300476074,440.0
3.8238911628723145,440.0
3.826601028442383,440.0
3.829392910003662,440.0
3.831892490386963,440.0
3.834106206893921,440.0
3.836038827896118,440.0
3.8378660678863525,440.0
3.839700698852539,440.0
3.8415119647979736,440.0
3.843291759490967,440.0
3.8451168537139893,440.0
3.846907377243042,440.0
3.848687171936035,440.0
3.8504586219787598,440.0
3.8522284030914307,440.0
3.8539974689483643,440.0
3.8567540645599365,440.0
3.859459161758423,440.0
3.8622965812683105,440.0
3.8651421070098877,440.0
3.8678338527679443,440.0
3.870539426803589,440.0
3.8733675479888916,440.0
3.87619686126709,440.0
3.8789713382720947,440.0
3.8816850185394287,440.0
3.884220838546753,440.0
3.8871917724609375,440.0
3.889784812927246,440.0
3.892526388168335,440.0
3.894815683364868,440.0
3.8966095447540283,440.0
3.8983826637268066,440.0
3.900167942047119,440.0
3.901942729949951,440.0
3.903712034225464,440.0
3.9180715084075928,440.0
3.9208016395568848,440.0
3.9234347343444824,440.0
3.926170587539673,440.0
3.928881883621216,440.0
3.932328701019287,440.0
3.934691905975342,440.0
3.9365687370300293,440.0
3.938491106033325,440.0
3.9404067993164062,440.0
3.9421982765197754,440.0
3.9439895153045654,440.0
3.9458956718444824,440.0
3.947690963745117,440.0
3.9506211280822754,440.0
3.9540767669677734,440.0
3.956663131713867,440.0
3.9590706825256348,440.0
3.961735963821411,440.0
3.964733839035034,440.0
3.9681427478790283,440.0
3.971369504928589,440.0
3.9750123023986816,440.0
3.9775776863098145,440.0
3.9796385765075684,440.0
3.9817371368408203,440.0
3.9837074279785156,440.0
3.9856574535369873,440.0
3.987583637237549,440.0
3.989590883255005,440.0
3.992966890335083,440.0
3.9962832927703857,440.0
3.9991369247436523,440.0
4.000930309295654,440.0
4.002732276916504,440.0
4.01641845703125,440.0
4.019107103347778,440.0
4.021939754486084,440.0
4.024864673614502,440.0
4.027469635009766,440.0
4.030326843261719,440.0
4.033005714416504,440.0
4.035642623901367,440.0
4.038024663925171,440.0
4.040123701095581,440.0
4.041963338851929,440.0
4.04377555847168,440.0
4.045576810836792,440.0
4.0473792552948,440.0
4.0491943359375,440.0
4.050966739654541,440.0
4.052741289138794,440.0
4.054991722106934,440.0
4.057716369628906,440.0
4.060215711593628,440.0
4.062877893447876,440.0
4.065539836883545,440.0
4.068072557449341,440.0
4.070642471313477,440.0
4.075304746627808,440.0
4.077924966812134,440.0
4.081207275390625,440.0
4.084573030471802,440.0
4.087979078292847,440.0
4.091364860534668,440.0
4.094251871109009,440.0
4.097230911254883,440.0
4.100498199462891,440.0
4.1037821769714355,440.0
4.107127904891968,420.0
4.11018705368042,440.0
4.112912893295288,440.0
4.115586996078491,440.0
4.11837363243103,440.0
4.121215581893921,440.0
4.123964071273804,440.0
4.126651048660278,440.0
4.129415273666382,440.0
4.132124900817871,440.0
4.134869575500488,440.0
4.1372010707855225,440.0
4.139142036437988,440.0
4.141058444976807,440.0
4.142949819564819,440.0
4.14477801322937,440.0
4.14662504196167,440.0
4.148509740829468,440.0
4.150303840637207,440.0
4.1521689891815186,440.0
4.153952360153198,440.0
4.155735492706299,420.0
4.15854549407959,420.0
4.161275625228882,420.0
4.163748264312744,440.0
4.1670660972595215,440.0
4.169572591781616,440.0
4.172264099121094,440.0
4.174927711486816,440.0
4.1778833866119385,440.0
4.182631492614746,440.0
4.1850035190582275,440.0
4.187036037445068,440.0
4.189143657684326,440.0
4.191088676452637,440.0
4.192974805831909,440.0
4.194860458374023,440.0
4.196714162826538,440.0
4.198505401611328,440.0
4.20029878616333,440.0
4.202100992202759,440.0
4.2039031982421875,440.0
4.205679893493652,420.0
4.207451581954956,420.0
4.22515869140625,440.0
4.228136301040649,440.0
4.230897426605225,440.0
4.233733892440796,440.0
4.236402273178101,440.0
4.239266633987427,440.0
4.241436243057251,440.0
4.243820428848267,440.0
4.245702028274536,440.0
4.247548818588257,440.0
4.24936580657959,440.0
4.251140117645264,440.0
4.253573894500732,440.0
4.256265878677368,440.0
4.2587890625,440.0
4.261385679244995,440.0
4.264026641845703,440.0
4.266759634017944,440.0
4.269422292709351,440.0
4.271827220916748,440.0
4.27439022064209,440.0
4.277013540267944,440.0
4.279421091079712,440.0
4.281870365142822,440.0
4.283925771713257,440.0
4.286116361618042,440.0
4.288071155548096,440.0
4.289961814880371,440.0
4.291826963424683,440.0
4.293737888336182,440.0
4.295547723770142,440.0
4.297327756881714,440.0
4.299116373062134,440.0
4.300937652587891,440.0
4.302720546722412,420.0
4.305088996887207,420.0
4.30771803855896,440.0
4.310300350189209,440.0
4.31301212310791,440.0
4.3156585693359375,440.0
4.318389654159546,440.0
4.321163654327393,440.0
4.323967456817627,440.0
4.326577425003052,440.0
4.329334020614624,440.0
4.332330703735352,440.0
4.334473371505737,440.0
4.336296558380127,440.0
4.338190317153931,440.0
4.3399927616119385,440.0
4.341826915740967,440.0
4.343618154525757,440.0
4.345536947250366,440.0
4.3473546504974365,440.0
4.349142074584961,440.0
4.350919485092163,420.0
4.3526928424835205,420.0
4.354899883270264,420.0
4.3577892780303955,420.0
4.360365867614746,420.0
4.363055467605591,440.0
4.365580320358276,440.0
4.36821174621582,440.0
4.370709180831909,440.0
4.373514652252197,440.0
4.3761305809021,440.0
4.3787806034088135,440.0
4.381344795227051,440.0
4.383713006973267,440.0
4.3857762813568115,440.0
4.387694358825684,440.0
4.389679670333862,440.0
4.391577243804932,440.0
4.3934831619262695,440.0
4.395355701446533,440.0
4.39716362953186,440.0
4.398950576782227,440.0
4.400724649429321,420.0
4.40249490737915,420.0
4.404267072677612,420.0
4.406482934951782,420.0
4.409092664718628,420.0
4.411899089813232,420.0
4.414563417434692,420.0
4.417332887649536,440.0
4.419928312301636,440.0
4.4225499629974365,440.0
4.4252769947052,440.0
4.427935838699341,440.0
4.430567979812622,440.0
4.433131217956543,440.0
4.4354939460754395,440.0
4.437815189361572,440.0
4.439678192138672,440.0
4.4415178298950195,440.0
4.443327188491821,440.0
4.445150852203369,440.0
4.446953296661377,440.0
4.448731184005737,420.0
4.450516223907471,420.0
4.452303886413574,420.0
4.454080581665039,420.0
4.456466436386108,420.0
4.459147930145264,420.0
4.461886405944824,420.0
4.464639902114868,420.0
4.467363357543945,440.0
4.470196485519409,440.0
4.472910165786743,440.0
4.475614547729492,440.0
4.478348016738892,440.0
4.481183767318726,440.0
4.484182596206665,440.0
4.486392259597778,440.0
4.488219976425171,440.0
4.490031003952026,440.0
4.4918413162231445,440.0
4.493646144866943,440.0
4.495452165603638,440.0
4.497259140014648,440.0
4.499039173126221,420.0
4.5008158683776855,420.0
4.502668857574463,420.0
4.504450082778931,420.0
4.506770849227905,420.0
4.509503126144409,420.0
4.512138843536377,420.0
4.514836549758911,420.0
4.517510652542114,420.0
4.520246267318726,440.0
4.522897243499756,440.0
4.525630950927734,440.0
4.528273105621338,440.0
4.530969142913818,440.0
4.5339977741241455,440.0
4.536280155181885,440.0
4.538172245025635,440.0
4.5399768352508545,440.0
4.541814804077148,440.0
4.543606281280518,440.0
4.545461177825928,440.0
4.547286510467529,440.0
4.549066781997681,420.0
4.5508387088775635,420.0
4.552616357803345,420.0
4.554783582687378,420.0
4.568399429321289,440.0
4.570972442626953,440.0
4.573895692825317,440.0
4.576545476913452,440.0
4.579016447067261,440.0
4.581832408905029,440.0
4.584158658981323,440.0
4.586318254470825,440.0
4.588378667831421,440.0
4.59021520614624,440.0
4.592018127441406,440.0
4.593793869018555,440.0
4.595569610595703,420.0
4.597345590591431,420.0
4.599603652954102,420.0
4.602341890335083,420.0
4.605032205581665,440.0
4.607625246047974,440.0
4.610318422317505,440.0
4.613030910491943,440.0
4.615645408630371,440.0
4.618291139602661,440.0
4.620975017547607,440.0
4.623642206192017,440.0
4.626363754272461,440.0
4.62842321395874,440.0
4.6302995681762695,440.0
4.632158279418945,440.0
4.633959531784058,440.0
4.6357502937316895,440.0
4.637646436691284,440.0
4.639477968215942,440.0
4.641268253326416,440.0
4.643043756484985,440.0
4.644823312759399,440.0
4.646591424942017,420.0
4.648390531539917,420.0
4.650943279266357,420.0
4.653554916381836,420.0
4.656117916107178,440.0
4.658735752105713,440.0
4.661424398422241,440.0
4.664160966873169,440.0
4.666781187057495,440.0
4.669440984725952,440.0
4.672121524810791,440.0
4.67479681968689,440.0
4.67729115486145,440.0
4.6793739795684814,440.0
4.68128228187561,440.0
4.6832475662231445,440.0
4.685107231140137,440.0
4.686939716339111,440.0
4.68880295753479,440.0
4.690582990646362,440.0
4.69235634803772,440.0
4.69412636756897,420.0
4.695897579193115,420.0
4.6976683139801025,420.0
4.699865102767944,420.0
4.70258903503418,420.0
4.705731153488159,440.0
4.709145784378052,440.0
4.712946653366089,440.0
4.716115951538086,440.0
4.719614744186401,440.0
4.722354173660278,440.0
4.724834203720093,440.0
4.72710919380188,440.0
4.72904896736145,440.0
4.730889558792114,440.0
4.732717037200928,440.0
4.734512090682983,440.0
4.736371040344238,440.0
4.738227367401123,440.0
4.740058660507202,440.0
4.741902112960815,440.0
4.743706703186035,440.0
4.7455360889434814,420.0
4.747325897216797,420.0
4.74910306930542,420.0
4.776451826095581,440.0
4.779098033905029,440.0
4.781205415725708,440.0
4.783045530319214,440.0
4.784844398498535,440.0
4.786623001098633,440.0
4.7884039878845215,440.0
4.790175199508667,440.0
4.792576551437378,440.0
4.79533576965332,440.0
4.798180818557739,440.0
4.800926923751831,440.0
4.803601264953613,440.0
4.806390285491943,440.0
4.809191942214966,440.0
4.811832904815674,440.0
4.814561367034912,440.0
4.81737756729126,440.0
4.82007098197937,440.0
4.822095155715942,440.0
4.823925733566284,440.0
4.8257668018341064,440.0
4.827597379684448,440.0
4.829400539398193,440.0
4.831191539764404,440.0
4.833056449890137,440.0
4.83483624458313,440.0
4.836611747741699,440.0
4.838382244110107,440.0
4.840149641036987,420.0
4.843094825744629,440.0
4.845850706100464,440.0
4.848690509796143,440.0
4.85141658782959,440.0
4.854677677154541,440.0
4.857584476470947,440.0
4.860948324203491,440.0
4.8640456199646,440.0
4.866533041000366,440.0
4.868699073791504,440.0
4.870676040649414,440.0
4.872613191604614,440.0
4.875033855438232,440.0
4.877059459686279,440.0
4.878915309906006,440.0
4.880786657333374,440.0
4.882606029510498,440.0
4.8843817710876465,440.0
4.8861610889434814,440.0
4.887938737869263,440.0
4.889711141586304,420.0
4.904989242553711,440.0
4.9077489376068115,440.0
4.910454034805298,440.0
4.91322922706604,440.0
4.915907144546509,440.0
4.918676137924194,440.0
4.920971155166626,440.0
4.922871828079224,440.0
4.924724578857422,440.0
4.9265806674957275,440.0
4.928378343582153,440.0
4.9301581382751465,440.0
4.931928396224976,440.0
4.933703660964966,440.0
4.935479402542114,440.0
4.938147783279419,440.0
4.9408042430877686,440.0
4.943414688110352,440.0
4.9460389614105225,440.0
4.948590278625488,440.0
4.951055288314819,440.0
4.953551530838013,440.0
4.95595908164978,440.0
4.958448171615601,440.0
4.961008787155151,440.0
4.963574171066284,440.0
4.965932369232178,440.0
4.968046188354492,440.0
4.970046281814575,440.0
4.971924304962158,440.0
4.973841667175293,440.0
4.97571587562561,440.0
4.977524280548096,440.0
4.979307174682617,440.0
4.981220483779907,440.0
4.984060049057007,440.0
4.987707853317261,440.0
4.990800619125366,440.0
4.994068384170532,440.0
4.996868133544922,440.0
4.9995810985565186,440.0
5.00259804725647,440.0
5.005357980728149,440.0
5.00818657875061,440.0
5.01070499420166,440.0
5.013249635696411,440.0
5.015778064727783,440.0
5.0180723667144775,440.0
5.020092487335205,440.0
5.0220465660095215,440.0
5.023971080780029,440.0
5.0259082317352295,440.0
5.027845144271851,440.0
5.029698133468628,440.0
5.031479120254517,440.0
5.033261060714722,440.0
5.035032272338867,440.0
5.036809682846069,440.0
5.039337396621704,440.0
5.04215145111084,440.0
5.0447893142700195,440.0
5.047318696975708,440.0
5.050033807754517,440.0
5.052600860595703,440.0
5.0551698207855225,440.0
5.057851552963257,440.0
5.060340166091919,440.0
5.062921524047852,440.0
5.0659873485565186,440.0
5.068695783615112,440.0
5.070817470550537,440.0
5.073010206222534,440.0
5.074977874755859,440.0
5.07688570022583,440.0
5.078686237335205,440.0
5.080526828765869,440.0
5.08230996131897,440.0
5.0841522216796875,440.0
5.0859375,440.0
5.087996482849121,440.0
5.090360403060913,440.0
5.092972993850708,440.0
5.095062255859375,440.0
5.098183631896973,440.0
5.100880146026611,440.0
5.103708982467651,440.0
5.107002019882202,440.0
5.1126182079315186,440.0
5.11606764793396,440.0
5.119384288787842,440.0
5.122675180435181,440.0
5.12673020362854,440.0
5.129987001419067,440.0
5.133260726928711,440.0
5.148658990859985,440.0
5.151943922042847,440.0
5.154689311981201,440.0
5.157588720321655,440.0
5.160419940948486,440.0
5.163284063339233,440.0
5.165780782699585,440.0
5.16770601272583,440.0
5.169580698013306,440.0
5.171393871307373,440.0
5.173192501068115,440.0
5.174963474273682,440.0
5.1767871379852295,440.0
5.178596019744873,440.0
5.180382251739502,440.0
5.183014631271362,440.0
5.185893535614014,440.0
5.188946485519409,440.0
5.19175910949707,440.0
5.195043087005615,440.0
5.197439432144165,440.0
5.200629234313965,440.0
5.203806638717651,440.0
5.207170248031616,440.0
5.2096803188323975,440.0
5.212627172470093,440.0
5.215122222900391,440.0
5.217267036437988,440.0
5.219248056411743,440.0
5.221085786819458,440.0
5.22300386428833,440.0
5.224819183349609,440.0
5.226602792739868,440.0
5.228376626968384,440.0
5.230158805847168,440.0
5.244380712509155,440.0
5.247371196746826,440.0
5.2503063678741455,440.0
5.253223657608032,440.0
5.256005764007568,440.0
5.259121894836426,440.0
5.261839866638184,440.0
5.264003753662109,440.0
5.265877723693848,440.0
5.267736196517944,440.0
5.26954460144043,440.0
5.271332263946533,440.0
5.273118019104004,440.0
5.274935722351074,440.0
5.276928663253784,440.0
5.27940034866333,440.0
5.282066822052002,440.0
5.284846544265747,440.0
5.2873921394348145,440.0
5.290011405944824,440.0
5.292506456375122,440.0
5.295110464096069,440.0
5.297840118408203,440.0
5.300324201583862,440.0
5.303019046783447,440.0
5.305221319198608,440.0
5.307195663452148,440.0
5.309067010879517,440.0
5.311187267303467,440.0
5.313117742538452,440.0
5.314934730529785,440.0
5.316754102706909,440.0
5.318560361862183,440.0
5.320359706878662,440.0
5.322141408920288,440.0
5.323926210403442,440.0
5.325717449188232,440.0
5.328697443008423,440.0
5.331595182418823,440.0
5.334296464920044,440.0
5.336866855621338,440.0
5.339614629745483,440.0
5.3425376415252686,440.0
5.345205545425415,440.0
5.347944259643555,440.0
5.350654363632202,440.0
5.353473424911499,440.0
5.3563072681427,440.0
5.359206199645996,440.0
5.361292362213135,440.0
5.3631720542907715,440.0
5.364959716796875,440.0
5.366738319396973,440.0
5.368526935577393,440.0
5.370300054550171,440.0
5.372328519821167,440.0
5.374871015548706,440.0
5.377347230911255,440.0
5.3798956871032715,440.0
5.382504224777222,440.0
5.385147571563721,440.0
5.3876378536224365,440.0
5.3902599811553955,440.0
5.392878770828247,440.0
5.39543890953064,440.0
5.398592472076416,440.0
5.401504755020142,440.0
5.40369725227356,440.0
5.405905485153198,440.0
5.40798282623291,440.0
5.4099767208099365,440.0
5.411894798278809,440.0
5.41371488571167,440.0
5.415489673614502,440.0
5.417267084121704,440.0
5.419038534164429,440.0
5.420810222625732,440.0
5.423020601272583,440.0
5.425546646118164,440.0
5.42794394493103,440.0
5.430440902709961,440.0
5.432965040206909,440.0
5.435515642166138,440.0
5.4380717277526855,440.0
5.440544843673706,440.0
5.443131685256958,440.0
5.445680141448975,440.0
5.448303461074829,440.0
5.450652599334717,440.0
5.4528281688690186,440.0
5.454941749572754,440.0
5.456913471221924,440.0
5.458824157714844,440.0
5.460766792297363,440.0
5.46262788772583,440.0
5.464427709579468,440.0
5.4662370681762695,440.0
5.46801233291626,440.0
5.46977972984314,440.0
5.471798896789551,440.0
5.474516153335571,440.0
5.477220296859741,440.0
5.479942560195923,440.0
5.4826014041900635,440.0
5.4852681159973145,440.0
5.487685203552246,440.0
5.490262746810913,440.0
5.492742300033569,440.0
5.495237112045288,440.0
5.4978508949279785,440.0
5.500260591506958,440.0
5.5028908252716064,440.0
5.5049803256988525,440.0
5.506940126419067,440.0
5.508748769760132,440.0
5.510523796081543,440.0
5.512308835983276,440.0
5.514114141464233,440.0
5.51591944694519,440.0
5.517874717712402,440.0
5.519806861877441,440.0
5.521705865859985,440.0
5.5235466957092285,440.0
5.5254294872283936,440.0
5.527303695678711,420.0
5.529184103012085,420.0
5.531116485595703,420.0
5.533113956451416,420.0
5.535053968429565,420.0
5.5369884967803955,420.0
5.5389182567596436,420.0
5.5408477783203125,420.0
5.542762994766235,420.0
5.544715166091919,420.0
5.546655893325806,420.0
5.548591136932373,420.0
5.550579786300659,420.0
5.552555084228516,400.0
5.554520606994629,400.0
5.556526184082031,400.0
5.558534622192383,400.0
5.5605223178863525,400.0
5.562514543533325,400.0
5.564504861831665,400.0
5.566543340682983,400.0
5.568512439727783,400.0
5.5704779624938965,400.0
5.572486162185669,400.0
5.574498891830444,400.0
5.5767247676849365,400.0
5.578958749771118,380.0
5.5810980796813965,380.0
5.5831968784332275,380.0
5.5852789878845215,380.0
5.587366104125977,380.0
5.5894389152526855,380.0
5.591500997543335,380.0
5.593594551086426,380.0
5.5956950187683105,380.0
5.5978381633758545,380.0
5.599966526031494,380.0
5.602086544036865,380.0
5.60418963432312,380.0
5.606295108795166,380.0
5.608455419540405,360.0
5.610625982284546,360.0
5.612780332565308,360.0
5.614927291870117,360.0
5.617124795913696,360.0
5.619264602661133,360.0
5.621417045593262,360.0
5.623557806015015,360.0
5.625701427459717,360.0
5.627838134765625,360.0
5.629932641983032,360.0
5.632090091705322,360.0
5.634239912033081,360.0
5.636418104171753,360.0
5.638570070266724,360.0
5.640724182128906,360.0
5.642876148223877,340.0
5.645043134689331,340.0
5.647201776504517,340.0
5.649378061294556,340.0
5.651539087295532,340.0
5.653703212738037,340.0
5.655853271484375,340.0
5.658010721206665,340.0
5.660171985626221,340.0
5.662327766418457,340.0
5.664555072784424,340.0
5.666719913482666,340.0
5.668912172317505,340.0
5.671064615249634,340.0
5.673267364501953,340.0
5.6754186153411865,320.0
5.677601337432861,320.0
5.679778337478638,320.0
5.681952238082886,320.0
5.6841161251068115,320.0
5.686269283294678,320.0
5.688436508178711,320.0
5.690530061721802,320.0
5.692668914794922,320.0
5.694831609725952,320.0
5.696996688842773,320.0
5.6991517543792725,320.0
5.7013068199157715,320.0
5.703462839126587,320.0
5.705633163452148,320.0
5.7078046798706055,320.0
5.7099573612213135,320.0
5.712102651596069,300.0
5.714254379272461,300.0
5.716436386108398,300.0
5.718581199645996,300.0
5.7207255363464355,300.0
5.722866535186768,300.0
5.7250096797943115,300.0
5.727148056030273,300.0
5.729292869567871,300.0
5.731475114822388,300.0
5.733626365661621,300.0
5.73578953742981,300.0
5.7379310131073,300.0
5.740074634552002,300.0
5.742220640182495,300.0
5.7443859577178955,300.0
5.746527671813965,300.0
5.748624801635742,300.0
5.750735521316528,280.0
5.752878189086914,280.0
5.755021095275879,280.0
5.757209062576294,280.0
5.759348154067993,280.0
5.7614970207214355,280.0
5.763641595840454,280.0
5.765815496444702,280.0
5.767964839935303,280.0
5.770106554031372,280.0
5.7722461223602295,280.0
5.774390459060669,280.0
5.77654504776001,280.0
5.778683662414551,280.0
5.7809062004089355,280.0
5.783049583435059,280.0
5.7852232456207275,280.0
5.787364721298218,280.0
5.7895166873931885,280.0
5.791651487350464,280.0
5.793815851211548,280.0
5.795960903167725,260.0
5.798269033432007,260.0
5.80048131942749,260.0
5.802631855010986,260.0
5.804781198501587,260.0
5.8069212436676025,260.0
5.809013843536377,260.0
5.811106204986572,260.0
5.813257932662964,260.0
5.815399169921875,260.0
5.817558288574219,260.0
5.819692134857178,260.0
5.821856498718262,260.0
5.823998928070068,260.0
5.826141595840454,260.0
5.828525066375732,260.0
5.830730199813843,260.0
5.8329102993011475,260.0
5.835062742233276,260.0
5.837235689163208,260.0
5.839378833770752,260.0
5.841526508331299,260.0
5.843655347824097,240.0
5.845808029174805,240.0
5.84806227684021,240.0
5.850471258163452,240.0
5.8526997566223145,240.0
5.854863882064819,240.0
5.8570122718811035,240.0
5.859166860580444,240.0
5.861328125,240.0
5.863466501235962,240.0
5.865623474121094,240.0
5.867791175842285,240.0
5.869903564453125,240.0
5.872055530548096,240.0
5.874189376831055,240.0
5.876322507858276,240.0
5.878473281860352,240.0
5.880612850189209,240.0
5.8827478885650635,240.0
5.884913682937622,240.0
5.887049436569214,240.0
5.889215469360352,240.0
5.8913609981536865,240.0
5.893510818481445,240.0
5.895641326904297,240.0
5.8978588581085205,240.0
5.900013208389282,240.0
5.902157545089722,220.0
5.904305696487427,220.0
5.906445264816284,220.0
5.908582925796509,220.0
5.910725831985474,220.0
5.912897109985352,220.0
5.915027618408203,220.0
5.917206048965454,220.0
5.9193525314331055,220.0
5.921494483947754,220.0
5.923632860183716,220.0
5.926056385040283,220.0
5.928281545639038,220.0
5.930527925491333,220.0
5.932690620422363,220.0
5.934860706329346,220.0
5.937049388885498,220.0
5.93919563293457,220.0
5.941354751586914,220.0
5.943507194519043,220.0
5.945671319961548,220.0
5.947834014892578,220.0
5.949960947036743,220.0
5.952131509780884,220.0
5.95428991317749,220.0
5.95646071434021,220.0
5.958612680435181,220.0
5.960983037948608,220.0
5.9632439613342285,220.0
5.965472221374512,220.0
5.967644214630127,220.0
5.969843149185181,220.0
5.972013473510742,200.0
5.974177837371826,200.0
5.976329803466797,200.0
5.978480339050293,200.0
5.98065447807312,200.0
5.9827470779418945,200.0
5.98484206199646,200.0
5.986942768096924,200.0
5.989054203033447,200.0
5.991147756576538,200.0
5.993275880813599,200.0
5.995441436767578,200.0
5.9976806640625,200.0
6.0004541873931885,200.0
6.003500461578369,200.0
6.00699520111084,200.0
6.010082960128784,200.0
6.012234210968018,200.0
6.014350414276123,200.0
6.016464471817017,200.0
6.018700122833252,200.0
6.020840167999268,200.0
6.022932767868042,200.0
6.025204420089722,200.0
6.02739143371582,200.0
6.029247522354126,200.0
6.031057596206665,200.0
6.033117294311523,200.0
6.034924268722534,200.0
6.036713123321533,200.0
6.0384979248046875,200.0
6.040461301803589,200.0
6.0425331592559814,200.0
6.044622421264648,200.0
6.046703338623047,200.0
6.0487892627716064,200.0
6.0508856773376465,200.0
6.052980184555054,200.0
6.055089235305786,200.0
6.05722975730896,200.0
6.059321165084839,200.0
6.061417818069458,200.0
6.063502788543701,200.0
6.0655975341796875,200.0
6.067677736282349,200.0
6.06987452507019,200.0
6.072015285491943,180.0
6.074130535125732,180.0
6.076223850250244,180.0
6.0784752368927,180.0
6.0805983543396,180.0
6.082695960998535,180.0
6.084880352020264,180.0
6.086966276168823,180.0
6.0891196727752686,180.0
6.0912766456604,180.0
6.093377351760864,180.0
6.095562696456909,180.0
6.09772253036499,180.0
6.09983491897583,180.0
6.101982831954956,180.0
6.10411524772644,180.0
6.106211423873901,180.0
6.108301877975464,180.0
6.1105265617370605,180.0
6.112722158432007,180.0
6.114907503128052,180.0
6.117064952850342,180.0
6.119213104248047,180.0
6.121496677398682,180.0
6.1238694190979,180.0
6.126080274581909,180.0
6.128277778625488,180.0
6.130461692810059,180.0
6.13261079788208,180.0
6.134761810302734,180.0
6.136919021606445,180.0
6.139055252075195,180.0
6.141231298446655,180.0
6.143383741378784,180.0
6.146162986755371,180.0
6.149609804153442,180.0
6.153083086013794,180.0
6.156208753585815,180.0
6.159642219543457,180.0
6.161874532699585,180.0
6.164048194885254,180.0
6.166211128234863,180.0
6.169678449630737,180.0
6.1731038093566895,160.0
6.176526784896851,160.0
6.179947376251221,160.0
6.182115316390991,160.0
6.18427300453186,160.0
6.1864118576049805,160.0
6.1885292530059814,160.0
6.190635681152344,160.0
6.192720413208008,160.0
6.194878101348877,160.0
6.19702672958374,160.0
6.1991236209869385,160.0
6.201237440109253,160.0
6.203518867492676,160.0
6.205704689025879,160.0
6.208018064498901,160.0
6.210251808166504,160.0
6.21250581741333,160.0
6.214689016342163,160.0
6.216945648193359,160.0
6.219205379486084,160.0
6.221409797668457,160.0
6.223646879196167,160.0
6.2259275913238525,160.0
6.22810697555542,160.0
6.230258464813232,160.0
6.232632637023926,160.0
6.2349395751953125,160.0
6.237182855606079,160.0
6.239544630050659,160.0
6.242015600204468,160.0
6.244314670562744,160.0
6.246922969818115,160.0
6.2491841316223145,160.0
6.25140118598938,160.0
6.253625154495239,160.0
6.255899429321289,160.0
6.25806999206543,160.0
6.260228395462036,160.0
6.26239275932312,160.0
6.264571905136108,160.0
6.266714334487915,160.0
6.268888473510742,160.0
6.2710301876068115,160.0
6.273201942443848,160.0
6.275354385375977,160.0
6.2775115966796875,160.0
6.279646873474121,160.0
6.281828880310059,160.0
6.283981561660767,160.0
6.28612208366394,160.0
6.288242340087891,160.0
6.290380477905273,160.0
6.292555570602417,160.0
6.294713497161865,160.0
6.296892881393433,160.0
6.299030303955078,160.0
6.301207065582275,160.0
6.303348541259766,160.0
6.305486440658569,160.0
6.307636260986328,160.0
6.309835433959961,160.0
6.311980962753296,140.0
6.31414270401001,140.0
6.316279888153076,140.0
6.318426847457886,140.0
6.320581436157227,140.0
6.322715997695923,140.0
6.324896812438965,140.0
6.327038288116455,140.0
6.329224348068237,140.0
6.331368446350098,140.0
6.333530902862549,140.0
6.335685729980469,140.0
6.33786153793335,140.0
6.3400185108184814,140.0
6.342177867889404,140.0
6.344337224960327,140.0
6.346487760543823,140.0
6.348649263381958,140.0
6.35080099105835,140.0
6.3529462814331055,140.0
6.355105638504028,140.0
6.35749363899231,140.0
6.359818696975708,140.0
6.362034320831299,140.0
6.364200115203857,140.0
6.3663787841796875,140.0
6.3685407638549805,140.0
6.370693922042847,140.0
6.372876167297363,140.0
6.3750221729278564,140.0
6.377196311950684,140.0
6.379350185394287,140.0
6.381516695022583,140.0
6.383657455444336,140.0
6.385834217071533,140.0
6.387953996658325,140.0
6.390054702758789,140.0
6.392230749130249,140.0
6.394377946853638,140.0
6.396544456481934,140.0
6.3986427783966064,140.0
6.400744438171387,140.0
6.403115749359131,140.0
6.404995441436768,140.0
6.406806945800781,140.0
6.408604145050049,140.0
6.410395622253418,140.0
6.412184238433838,140.0
6.413985967636108,140.0
6.415791273117065,140.0
6.417599201202393,140.0
6.419414758682251,140.0
6.421252012252808,140.0
6.4231040477752686,140.0
6.424972057342529,140.0
6.42682957649231,140.0
6.428696155548096,140.0
6.430567264556885,140.0
6.4324610233306885,140.0
6.434368133544922,140.0
6.4362945556640625,140.0
6.438231468200684,140.0
6.4401915073394775,140.0
6.442142963409424,140.0
6.444076061248779,140.0
6.44602108001709,140.0
6.4479827880859375,140.0
6.4499595165252686,140.0
6.451945543289185,140.0
6.453953266143799,140.0
6.455969572067261,140.0
6.457998275756836,140.0
6.460049867630005,140.0
6.46209979057312,140.0
6.4641828536987305,140.0
6.466271162033081,140.0
6.468416213989258,140.0
6.4705283641815186,140.0
6.472665548324585,140.0
6.474792718887329,140.0
6.476924896240234,140.0
6.479056119918823,140.0
6.48120641708374,140.0
6.48335337638855,140.0
6.485621452331543,140.0
6.487778902053833,140.0
6.489869832992554,120.0
6.491955995559692,120.0
6.4940879344940186,120.0
6.496295690536499,120.0
6.498503923416138,120.0
6.500760316848755,140.0
6.502945423126221,140.0
6.505134344100952,120.0
6.507272243499756,120.0
6.509419202804565,120.0
6.511554956436157,120.0
6.513699293136597,120.0
6.515851020812988,120.0
6.517988920211792,120.0
6.520118474960327,120.0
6.522248983383179,120.0
6.524432897567749,120.0
6.526573419570923,120.0
6.528714179992676,120.0
6.530843734741211,120.0
6.532996892929077,120.0
6.535126209259033,120.0
6.537263870239258,120.0
6.539392471313477,120.0
6.541717290878296,120.0
6.5439817905426025,120.0
6.546131134033203,120.0
6.548274993896484,120.0
6.550414085388184,120.0
6.552558422088623,120.0
6.554692268371582,120.0
6.556829452514648,120.0
6.558968544006348,120.0
6.56113862991333,120.0
6.563270330429077,120.0
6.565408706665039,120.0
6.567540645599365,120.0
6.569671869277954,120.0
6.571832656860352,120.0
6.5739686489105225,120.0
6.576104164123535,120.0
6.578237295150757,120.0
6.580411672592163,120.0
6.582549095153809,120.0
6.584689378738403,120.0
6.586818218231201,120.0
6.5889575481414795,120.0
6.591091871261597,120.0
6.593237400054932,120.0
6.5953733921051025,120.0
6.597509384155273,120.0
6.599635601043701,120.0
6.601815462112427,120.0
6.603954076766968,120.0
6.606089115142822,120.0
6.608178377151489,120.0
6.610285043716431,120.0
6.612457752227783,120.0
6.614588737487793,120.0
6.616732835769653,120.0
6.6188764572143555,120.0
6.621015310287476,120.0
6.623155355453491,120.0
6.625292778015137,120.0
6.627425670623779,120.0
6.629559278488159,120.0
6.631689071655273,120.0
6.633852243423462,120.0
6.635984897613525,120.0
6.6381213665008545,120.0
6.6402482986450195,120.0
6.6423773765563965,120.0
6.644535064697266,120.0
6.64666223526001,120.0
6.648800849914551,120.0
6.650927782058716,120.0
6.653083086013794,120.0
6.655210733413696,120.0
6.657348871231079,120.0
6.659479141235352,120.0
6.661616802215576,120.0
6.663769245147705,120.0
6.665905237197876,120.0
6.668044567108154,120.0
6.670177698135376,120.0
6.672303676605225,120.0
6.674431800842285,120.0
6.676568984985352,120.0
6.678692579269409,120.0
6.680854797363281,120.0
6.68298077583313,120.0
6.685131788253784,120.0
6.6872594356536865,120.0
6.689407825469971,120.0
6.69154953956604,120.0
6.693685054779053,120.0
6.695870637893677,120.0
6.698004484176636,120.0
6.700136423110962,120.0
6.70227575302124,120.0
6.704439401626587,120.0
6.706573724746704,120.0
6.7087180614471436,120.0
6.710852146148682,120.0
6.7129902839660645,120.0
6.715118646621704,120.0
6.717256546020508,120.0
6.7193827629089355,120.0
6.721522331237793,120.0
6.723651647567749,120.0
6.725820779800415,120.0
6.727924585342407,120.0
6.730029106140137,120.0
6.732165336608887,120.0
6.7343010902404785,120.0
6.736496448516846,120.0
6.738800525665283,120.0
6.74098801612854,120.0
6.743128538131714,120.0
6.745275020599365,120.0
6.747406244277954,120.0
6.749574422836304,120.0
6.751708745956421,120.0
6.753872632980347,120.0
6.756007671356201,120.0
6.758186340332031,120.0
6.76032829284668,120.0
6.762465715408325,120.0
6.764603853225708,120.0
6.766735792160034,120.0
6.768878221511841,120.0
6.77100944519043,120.0
6.773166179656982,120.0
6.775296211242676,120.0
6.777439594268799,120.0
6.7795844078063965,120.0
6.781721353530884,120.0
6.78385591506958,120.0
6.7859947681427,120.0
6.788133859634399,120.0
6.790269136428833,120.0
6.792423248291016,100.0
6.7945544719696045,100.0
6.796692132949829,100.0
6.798825740814209,100.0
6.800961494445801,100.0
6.8030970096588135,100.0
6.805269241333008,100.0
6.807410955429077,100.0
6.80955171585083,100.0
6.8117451667785645,100.0
6.813902378082275,100.0
6.816068410873413,100.0
6.818211078643799,100.0
6.820342063903809,100.0
6.822491645812988,100.0
6.824655771255493,100.0
6.826799154281616,100.0
6.828975439071655,100.0
6.831108093261719,100.0
6.833247661590576,100.0
6.83539080619812,100.0
6.837530612945557,100.0
6.839656591415405,100.0
6.841854095458984,100.0
6.844006538391113,100.0
6.84614634513855,100.0
6.8482770919799805,100.0
6.850412368774414,100.0
6.852547883987427,100.0
6.854683876037598,100.0
6.856821298599243,100.0
6.858953952789307,100.0
6.861127853393555,100.0
6.863269567489624,100.0
6.865407705307007,100.0
6.867539405822754,100.0
6.869637727737427,100.0
6.871803045272827,100.0
6.873970985412598,100.0
6.87610387802124,100.0
6.878249645233154,100.0
6.8804168701171875,100.0
6.882566928863525,100.0
6.884931325912476,100.0
6.887070178985596,100.0
6.888888120651245,100.0
6.890673398971558,100.0
6.8924643993377686,120.0
6.894242525100708,120.0
6.896085739135742,120.0
6.898174285888672,120.0
6.9002649784088135,120.0
6.902366399765015,120.0
6.9044811725616455,120.0
6.906574010848999,120.0
6.908680438995361,120.0
6.9107747077941895,120.0
6.91287899017334,120.0
6.914968967437744,120.0
6.91715669631958,120.0
6.9192421436309814,120.0
6.9213409423828125,120.0
6.9234232902526855,120.0
6.925535440444946,120.0
6.927659511566162,120.0
6.929553985595703,120.0
6.931675910949707,120.0
6.9338202476501465,120.0
6.935924291610718,120.0
6.938020944595337,120.0
6.940114498138428,120.0
6.942247152328491,120.0
6.944408655166626,120.0
6.946552753448486,120.0
6.948735952377319,120.0
6.950894355773926,120.0
6.953077793121338,120.0
6.955198049545288,120.0
6.957458019256592,120.0
6.959751605987549,120.0
6.961933851242065,120.0
6.964064836502075,120.0
6.96622109413147,120.0
6.96837592124939,120.0
6.97051215171814,120.0
6.972654819488525,120.0
6.974798679351807,120.0
6.9769206047058105,120.0
6.979031562805176,120.0
6.981191158294678,120.0
6.9835615158081055,120.0
6.9858527183532715,120.0
6.987877607345581,120.0
6.989867448806763,120.0
6.991839170455933,120.0
6.9938600063323975,120.0
6.995819568634033,120.0
6.997793197631836,120.0
6.999819278717041,120.0
7.001920223236084,120.0
7.004033088684082,120.0
7.0065765380859375,120.0
7.0087080001831055,120.0
7.010849714279175,120.0
7.0132176876068115,120.0
7.015381574630737,120.0
7.017556667327881,120.0
7.019721269607544,120.0
7.022426605224609,120.0
7.025506019592285,120.0
7.02893590927124,120.0
7.031836748123169,120.0
7.033670663833618,120.0
7.0354650020599365,120.0
7.03726601600647,120.0
7.039045572280884,120.0
7.040893077850342,120.0
7.042979717254639,120.0
7.0448431968688965,120.0
7.046964168548584,120.0
7.048888683319092,120.0
7.0507543087005615,120.0
7.052613258361816,120.0
7.054473876953125,120.0
7.0563623905181885,120.0
7.058229684829712,120.0
7.060110330581665,120.0
7.0621771812438965,120.0
7.064095735549927,120.0
7.066220760345459,120.0
7.068320035934448,120.0
7.07042670249939,120.0
7.07254433631897,120.0
7.0746376514434814,120.0
7.076747417449951,120.0
7.079772710800171,120.0
7.081757068634033,120.0
7.083675384521484,120.0
7.085581064224243,120.0
7.087890148162842,120.0
7.090271472930908,120.0
7.092533349990845,120.0
7.094687223434448,120.0
7.097041606903076,120.0
7.099196672439575,120.0
7.1013243198394775,120.0
7.103438377380371,120.0
7.105572938919067,120.0
7.107661962509155,120.0
7.109801769256592,120.0
7.111905097961426,120.0
7.114016771316528,120.0
7.11611008644104,120.0
7.1182029247283936,140.0
7.120378017425537,140.0
7.122611045837402,140.0
7.125169038772583,140.0
7.127309083938599,140.0
7.129666090011597,140.0
7.1318182945251465,140.0
7.133941650390625,140.0
7.136064529418945,140.0
7.1381635665893555,140.0
7.140259265899658,140.0
7.142371654510498,140.0
7.144517183303833,140.0
7.14660906791687,140.0
7.148705005645752,140.0
7.150803804397583,140.0
7.1529059410095215,140.0
7.154995679855347,140.0
7.157138824462891,140.0
7.159246921539307,140.0
7.161415338516235,140.0
7.163534164428711,140.0
7.165632724761963,140.0
7.167753458023071,140.0
7.1698524951934814,140.0
7.1720099449157715,140.0
7.174110412597656,140.0
7.176203012466431,140.0
7.178293228149414,140.0
7.180433034896851,140.0
7.182526350021362,140.0
7.184632062911987,140.0
7.186730146408081,140.0
7.18885612487793,140.0
7.190953254699707,140.0
7.193066835403442,140.0
7.1951587200164795,140.0
7.197263956069946,140.0
7.199347972869873,140.0
7.2014381885528564,140.0
7.2035276889801025,140.0
7.205639362335205,140.0
7.207773923873901,140.0
7.21001124382019,140.0
7.212322950363159,140.0
7.214444875717163,140.0
7.218062162399292,140.0
7.222585678100586,140.0
7.2276787757873535,140.0
7.231602430343628,140.0
7.235529661178589,140.0
7.238453149795532,140.0
7.240558385848999,140.0
7.242648363113403,140.0
7.244741439819336,140.0
7.246835231781006,140.0
7.248961448669434,140.0
7.251059055328369,140.0
7.253172159194946,140.0
7.255264759063721,140.0
7.25735878944397,140.0
7.259442329406738,140.0
7.261537313461304,140.0
7.263719320297241,140.0
7.265855073928833,140.0
7.267975568771362,140.0
7.270087242126465,140.0
7.2721827030181885,140.0
7.274283170700073,140.0
7.276415109634399,140.0
7.278685092926025,140.0
7.28093409538269,140.0
7.283032655715942,140.0
7.285153865814209,140.0
7.2872679233551025,140.0
7.28937840461731,140.0
7.291475534439087,140.0
7.293577194213867,140.0
7.295676946640015,140.0
7.297795295715332,140.0
7.299906492233276,140.0
7.302017450332642,140.0
7.304112195968628,140.0
7.306219100952148,140.0
7.308323860168457,140.0
7.3104236125946045,140.0
7.312546730041504,140.0
7.314650774002075,140.0
7.31674861907959,140.0
7.318862438201904,140.0
7.320953130722046,140.0
7.323046445846558,140.0
7.325249433517456,140.0
7.327394723892212,140.0
7.329559326171875,140.0
7.331713438034058,140.0
7.3338844776153564,140.0
7.336029529571533,140.0
7.338183879852295,140.0
7.340334415435791,140.0
7.342472791671753,140.0
7.344630718231201,140.0
7.346791744232178,140.0
7.3489556312561035,140.0
7.3511106967926025,140.0
7.353259563446045,140.0
7.355602741241455,140.0
7.358144760131836,140.0
7.360306978225708,140.0
7.362414836883545,140.0
7.364548444747925,140.0
7.366643190383911,140.0
7.368747711181641,140.0
7.370840311050415,140.0
7.372971534729004,140.0
7.375110387802124,140.0
7.377260684967041,140.0
7.379421949386597,140.0
7.381577253341675,140.0
7.38367223739624,140.0
7.385789155960083,140.0
7.3878796100616455,140.0
7.38998007774353,140.0
7.3920676708221436,140.0
7.394198179244995,140.0
7.396342754364014,140.0
7.3984949588775635,140.0
7.400629997253418,140.0
7.402719259262085,140.0
7.404783725738525,140.0
7.406604051589966,140.0
7.408393383026123,140.0
7.410168409347534,140.0
7.4119486808776855,140.0
7.413727283477783,140.0
7.415657997131348,140.0
7.417776823043823,140.0
7.419889211654663,140.0
7.421976327896118,140.0
7.424058675765991,140.0
7.42615532875061,140.0
7.4282426834106445,140.0
7.430336236953735,140.0
7.432451248168945,140.0
7.434539079666138,140.0
7.436636209487915,140.0
7.438751220703125,140.0
7.440848112106323,140.0
7.442945241928101,140.0
7.445061922073364,140.0
7.447158336639404,140.0
7.449455499649048,140.0
7.451590538024902,140.0
7.453709602355957,140.0
7.455847263336182,140.0
7.457980155944824,140.0
7.460103273391724,140.0
7.462236166000366,140.0
7.464471817016602,140.0
7.466606616973877,140.0
7.46876072883606,140.0
7.470934152603149,140.0
7.473109006881714,140.0
7.475301027297974,140.0
7.477464199066162,140.0
7.479610919952393,140.0
7.4817845821380615,140.0
7.483944892883301,140.0
7.486103534698486,140.0
7.488269090652466,140.0
7.490426540374756,140.0
7.4925856590271,140.0
7.494755983352661,120.0
7.496913909912109,120.0
7.499058961868286,120.0
7.501226902008057,120.0
7.503371000289917,120.0
7.5055482387542725,120.0
7.50770115852356,120.0
7.509889841079712,120.0
7.512043476104736,120.0
7.514209508895874,120.0
7.516385316848755,120.0
7.518536329269409,120.0
7.520703315734863,120.0
7.522860288619995,120.0
7.525030851364136,120.0
7.52718710899353,120.0
7.5293591022491455,120.0
7.531514883041382,120.0
7.533665180206299,120.0
7.535853862762451,120.0
7.538034915924072,120.0
7.540209054946899,120.0
7.542368173599243,120.0
7.544538259506226,120.0
7.546701669692993,120.0
7.548876047134399,120.0
7.551015377044678,120.0
7.553213357925415,120.0
7.5553812980651855,120.0
7.557530164718628,120.0
7.559672832489014,120.0
7.561837911605835,120.0
7.56397557258606,120.0
7.56612229347229,120.0
7.568795680999756,120.0
7.5710060596466064,120.0
7.573322296142578,120.0
7.575660467147827,120.0
7.577960729598999,120.0
7.580214023590088,120.0
7.582376956939697,120.0
7.58455228805542,120.0
7.586704969406128,120.0
7.589228868484497,120.0
7.591529369354248,120.0
7.593724489212036,120.0
7.595882177352905,120.0
7.598023891448975,120.0
7.600177764892578,120.0
7.602320432662964,120.0
7.604491472244263,120.0
7.606631278991699,120.0
7.608780145645142,120.0
7.6109209060668945,120.0
7.613085508346558,120.0
7.6152238845825195,120.0
7.617364406585693,120.0
7.619515657424927,120.0
7.62167501449585,120.0
7.623860836029053,120.0
7.626039743423462,120.0
7.62818455696106,120.0
7.6303324699401855,120.0
7.632477760314941,120.0
7.634590148925781,120.0
7.636733770370483,120.0
7.638864994049072,120.0
7.641009330749512,120.0
7.64315938949585,120.0
7.645306348800659,120.0
7.647439241409302,120.0
7.649534702301025,120.0
7.651630878448486,120.0
7.653736114501953,120.0
7.655832529067993,120.0
7.657922744750977,120.0
7.660006046295166,120.0
7.6620934009552,120.0
7.66421103477478,120.0
7.666354656219482,120.0
7.668517589569092,120.0
7.670652627944946,120.0
7.672797203063965,120.0
7.674947738647461,120.0
7.677126407623291,120.0
7.679267406463623,120.0
7.681413650512695,120.0
7.68354606628418,120.0
7.685680627822876,120.0
7.687983512878418,120.0
7.690279006958008,120.0
7.692517518997192,120.0
7.694704532623291,120.0
7.6969075202941895,120.0
7.699069499969482,120.0
7.701261281967163,120.0
7.703422784805298,120.0
7.705591440200806,120.0
7.707755088806152,120.0
7.709917068481445,120.0
7.712101936340332,120.0
7.71429967880249,120.0
7.716532945632935,120.0
7.718685626983643,120.0
7.720881462097168,120.0
7.72303581237793,120.0
7.72523832321167,120.0
7.727404356002808,120.0
7.729576110839844,120.0
7.731719493865967,120.0
7.7339277267456055,120.0
7.736091613769531,120.0
7.73823881149292,120.0
7.740432024002075,120.0
7.742594480514526,120.0
7.74475359916687,100.0
7.7469096183776855,100.0
7.74908447265625,100.0
7.7512266635894775,100.0
7.753388166427612,100.0
7.755539178848267,100.0
7.757689476013184,100.0
7.759860515594482,100.0
7.7620179653167725,100.0
7.764169931411743,100.0
7.766318082809448,100.0
7.768500566482544,100.0
7.77064323425293,100.0
7.772799730300903,100.0
7.774971961975098,100.0
7.777144908905029,100.0
7.779305696487427,100.0
7.781463146209717,100.0
7.78360915184021,100.0
7.785767555236816,100.0
7.7879133224487305,100.0
7.7900755405426025,100.0
7.792242527008057,100.0
7.794397592544556,100.0
7.796573638916016,100.0
7.798741579055786,100.0
7.8009233474731445,100.0
7.803083658218384,100.0
7.805610418319702,100.0
7.807994842529297,100.0
7.810192584991455,100.0
7.81246542930603,100.0
7.814708471298218,100.0
7.816986322402954,100.0
7.819167137145996,100.0
7.821333169937134,100.0
7.823469400405884,100.0
7.825894355773926,100.0
7.828224182128906,100.0
7.830509662628174,100.0
7.832704544067383,100.0
7.83511757850647,100.0
7.837483882904053,100.0
7.839808464050293,100.0
7.842220783233643,100.0
7.8445281982421875,100.0
7.846699237823486,100.0
7.848968029022217,100.0
7.851223468780518,120.0
7.853353977203369,120.0
7.855618476867676,120.0
7.857914447784424,120.0
7.860084295272827,120.0
7.862348318099976,120.0
7.864461898803711,120.0
7.86652135848999,120.0
7.868668079376221,120.0
7.870756387710571,120.0
7.8728907108306885,120.0
7.875023365020752,120.0
7.877218008041382,120.0
7.879361629486084,120.0
7.881509780883789,120.0
7.883641481399536,120.0
7.8858137130737305,120.0
7.887956142425537,120.0
7.890101432800293,120.0
7.8922388553619385,120.0
7.8943822383880615,120.0
7.896564722061157,120.0
7.898703336715698,120.0
7.900874376296997,120.0
7.903014421463013,120.0
7.9052042961120605,120.0
7.907366752624512,120.0
7.909516334533691,100.0
7.911661148071289,100.0
7.913860082626343,100.0
7.916011810302734,100.0
7.918179988861084,100.0
7.920328617095947,100.0
7.922478914260864,100.0
7.924636602401733,100.0
7.926795721054077,100.0
7.928900241851807,100.0
7.93098783493042,100.0
7.933114290237427,100.0
7.935190439224243,100.0
7.937280178070068,100.0
7.93935751914978,100.0
7.941435813903809,100.0
7.943512916564941,100.0
7.945626735687256,100.0
7.947806358337402,120.0
7.949951648712158,120.0
7.952092409133911,120.0
7.954237699508667,120.0
7.9564290046691895,120.0
7.958596706390381,120.0
7.960795640945435,120.0
7.9629528522491455,120.0
7.96516227722168,120.0
7.967351913452148,120.0
7.969584226608276,120.0
7.971771478652954,120.0
7.973961114883423,120.0
7.97616720199585,120.0
7.978332996368408,120.0
7.980534315109253,120.0
7.982694864273071,100.0
7.984880208969116,100.0
7.987060070037842,100.0
7.989233493804932,100.0
7.991333961486816,120.0
7.993433952331543,120.0
7.995560646057129,120.0
7.99769926071167,120.0
7.999816179275513,120.0
8.001916408538818,120.0
8.004018783569336,120.0
8.006105184555054,120.0
8.00818920135498,120.0
8.01027512550354,120.0
8.012413501739502,120.0
8.014750957489014,120.0
8.01724100112915,120.0
8.019412755966187,120.0
8.021564960479736,120.0
8.023686647415161,120.0
8.025971412658691,120.0
8.028144359588623,120.0
8.03031301498413,120.0
8.032575845718384,120.0
8.03473424911499,120.0
8.03693151473999,120.0
8.039084434509277,120.0
8.04125189781189,120.0
8.04447078704834,120.0
8.047521352767944,120.0
8.050725221633911,120.0
8.053849220275879,120.0
8.055989503860474,120.0
8.05809736251831,120.0
8.060189247131348,120.0
8.062554121017456,120.0
8.064764261245728,120.0
8.066883325576782,120.0
8.069023132324219,120.0
8.071133852005005,120.0
8.073359966278076,120.0
8.07520580291748,120.0
8.077004194259644,120.0
8.078791856765747,120.0
8.080638408660889,120.0
8.082725286483765,120.0
8.08485722541809,120.0
8.086954832077026,120.0
8.089072227478027,120.0
8.091172933578491,120.0
8.093283653259277,120.0
8.09536862373352,120.0
8.09747052192688,120.0
8.099556684494019,120.0
8.101652383804321,120.0
8.103769779205322,120.0
8.105879306793213,120.0
8.107973337173462,120.0
8.110067129135132,120.0
8.112175941467285,120.0
8.114276885986328,120.0
8.116408109664917,120.0
8.118508577346802,120.0
8.120617151260376,120.0
8.122710466384888,120.0
8.124817132949829,120.0
8.126934051513672,120.0
8.129064798355103,120.0
8.131182432174683,120.0
8.13328766822815,120.0
8.13538122177124,120.0
8.137484312057495,120.0
8.139575481414795,120.0
8.14168119430542,120.0
8.143791437149048,120.0
8.145884990692139,120.0
8.147980213165283,120.0
8.150086402893066,120.0
8.152180910110474,120.0
8.154280185699463,120.0
8.156408548355103,120.0
8.158507108688354,120.0
8.160614252090454,120.0
8.162710189819336,120.0
8.164820194244385,120.0
8.166918277740479,120.0
8.169022798538208,120.0
8.17113184928894,120.0
8.173245906829834,120.0
8.175366640090942,120.0
8.17767858505249,120.0
8.180045127868652,120.0
8.182225942611694,120.0
8.184410333633423,120.0
8.186533689498901,120.0
8.188654899597168,120.0
8.190795421600342,120.0
8.192915439605713,120.0
8.19502067565918,120.0
8.197584390640259,120.0
8.199930191040039,120.0
8.202137231826782,120.0
8.204455137252808,120.0
8.206706523895264,120.0
8.208922147750854,120.0
8.211067199707031,120.0
8.213260650634766,120.0
8.215406656265259,120.0
8.217567682266235,120.0
8.219692707061768,120.0
8.221866607666016,120.0
8.22399640083313,120.0
8.226144313812256,120.0
8.228280782699585,120.0
8.230417490005493,120.0
8.232563734054565,100.0
8.234718799591064,100.0
8.236870765686035,100.0
8.239011764526367,100.0
8.24121642112732,100.0
8.24336838722229,100.0
8.245520114898682,100.0
8.24768328666687,100.0
8.249874114990234,100.0
8.252029180526733,100.0
8.254201889038086,100.0
8.256389379501343,100.0
8.258533954620361,100.0
8.261126279830933,100.0
8.263512134552002,100.0
8.268412351608276,100.0
8.273050785064697,100.0
8.277085781097412,100.0
8.281087636947632,100.0
8.285141229629517,100.0
8.28825044631958,100.0
8.290355443954468,100.0
8.29247260093689,100.0
8.294559240341187,100.0
8.29664921760559,100.0
8.298739433288574,100.0
8.300855875015259,100.0
8.302965641021729,100.0
8.305097579956055,100.0
8.307196140289307,100.0
8.309283256530762,100.0
8.311361074447632,100.0
8.31345510482788,100.0
8.3155357837677,100.0
8.31762170791626,100.0
8.319704294204712,100.0
8.32184910774231,100.0
8.324031591415405,100.0
8.326174974441528,100.0
8.328326225280762,100.0
8.330468893051147,100.0
8.332633018493652,100.0
8.334786891937256,100.0
8.336957216262817,100.0
8.339110136032104,100.0
8.34133243560791,100.0
8.343475103378296,100.0
8.345619201660156,100.0
8.3478102684021,100.0
8.34996247291565,100.0
8.35211968421936,100.0
8.354267597198486,100.0
8.356422424316406,100.0
8.358559131622314,100.0
8.360722780227661,100.0
8.362864971160889,100.0
8.365005254745483,100.0
8.367392301559448,100.0
8.369667768478394,100.0
8.37187933921814,100.0
8.374077081680298,100.0
8.376242637634277,100.0
8.378418684005737,100.0
8.38058352470398,100.0
8.38273811340332,100.0
8.38491177558899,100.0
8.3871009349823,100.0
8.389341115951538,100.0
8.391517639160156,100.0
8.39367961883545,100.0
8.39585018157959,100.0
8.398279666900635,100.0
8.400537252426147,100.0
8.402708768844604,100.0
8.404911756515503,100.0
8.406840801239014,100.0
8.408648252487183,100.0
8.410423755645752,100.0
8.41223931312561,100.0
8.414034366607666,100.0
8.415805578231812,100.0
8.41758942604065,100.0
8.419399738311768,100.0
8.421235084533691,100.0
8.423077583312988,100.0
8.42493724822998,100.0
8.426777362823486,100.0
8.428626537322998,100.0
8.430487394332886,100.0
8.432409286499023,100.0
8.434324741363525,100.0
8.43626356124878,100.0
8.438193798065186,100.0
8.440158605575562,100.0
8.442128419876099,100.0
8.444109916687012,100.0
8.446084260940552,100.0
8.448101043701172,100.0
8.450116634368896,100.0
8.452142238616943,100.0
8.454199075698853,100.0
8.456403970718384,100.0
8.458385467529297,100.0
8.460375785827637,100.0
8.46233320236206,100.0
8.464306354522705,100.0
8.466293573379517,100.0
8.468281269073486,100.0
8.470351934432983,100.0
8.472397804260254,100.0
8.474392414093018,100.0
8.476426601409912,100.0
8.478447198867798,100.0
8.480489492416382,100.0
8.482523918151855,100.0
8.484554767608643,100.0
8.486586809158325,100.0
8.488643884658813,100.0
8.490923166275024,100.0
8.493090629577637,100.0
8.495283126831055,100.0
8.49746036529541,100.0
8.499608993530273,100.0
8.501758813858032,100.0
8.503902196884155,100.0
8.506059169769287,100.0
8.508196115493774,100.0
8.510334491729736,100.0
8.512503147125244,100.0
8.514639377593994,100.0
8.516830205917358,100.0
8.518991470336914,100.0
8.521167278289795,100.0
8.523313283920288,100.0
8.525460481643677,100.0
8.52763295173645,100.0
8.529849529266357,100.0
8.532005786895752,100.0
8.534152746200562,100.0
8.536322832107544,100.0
8.538493871688843,100.0
8.540661096572876,100.0
8.542824983596802,100.0
8.54497218132019,100.0
8.54710578918457,100.0
8.549243688583374,100.0
8.551383018493652,100.0
8.55356216430664,100.0
8.555803298950195,100.0
8.557955265045166,100.0
8.560091733932495,100.0
8.56243085861206,100.0
8.564690351486206,100.0
8.566887378692627,100.0
8.569053411483765,100.0
8.571200609207153,100.0
8.573344707489014,100.0
8.575480461120605,100.0
8.577707767486572,100.0
8.579858779907227,100.0
8.5819993019104,100.0
8.584133386611938,100.0
8.586276054382324,100.0
8.588436126708984,100.0
8.590568780899048,100.0
8.59271240234375,100.0
8.594855785369873,100.0
8.596997022628784,100.0
8.599127769470215,100.0
8.601264715194702,100.0
8.603416681289673,100.0
8.605563640594482,100.0
8.607693910598755,100.0
8.609864950180054,100.0
8.612001895904541,100.0
8.614133358001709,100.0
8.616271018981934,100.0
8.618407487869263,100.0
8.620551347732544,100.0
8.622684478759766,100.0
8.624828577041626,100.0
8.626976728439331,100.0
8.629139184951782,100.0
8.631272077560425,100.0
8.6334068775177,100.0
8.635540246963501,100.0
8.637681484222412,100.0
8.639838695526123,100.0
8.641969680786133,100.0
8.644097089767456,100.0
8.646233797073364,100.0
8.64850640296936,100.0
8.65064787864685,100.0
8.652810096740723,100.0
8.654940605163574,100.0
8.657110452651978,100.0
8.659247636795044,100.0
8.66138243675232,100.0
8.663487911224365,100.0
8.66558837890625,100.0
8.66768193244934,100.0
8.66979193687439,100.0
8.672131299972534,100.0
8.674310445785522,100.0
8.676498651504517,100.0
8.67861795425415,100.0
8.680728912353516,100.0
8.682829856872559,100.0
8.684926748275757,100.0
8.687017679214478,100.0
8.689170837402344,100.0
8.691262006759644,100.0
8.693360328674316,100.0
8.6954505443573,100.0
8.697542428970337,100.0
8.69964337348938,100.0
8.701698541641235,100.0
8.703585863113403,100.0
8.70551085472107,100.0
8.707462549209595,100.0
8.709282875061035,100.0
8.71123194694519,100.0
8.71333646774292,100.0
8.715432167053223,100.0
8.717528104782104,100.0
8.719621419906616,100.0
8.7217378616333,100.0
8.723862171173096,100.0
8.725968837738037,100.0
8.728071928024292,100.0
8.730170726776123,100.0
8.732271671295166,100.0
8.734375715255737,100.0
8.736524105072021,100.0
8.738638401031494,100.0
8.74077844619751,100.0
8.742907524108887,100.0
8.745032787322998,100.0
8.747144222259521,100.0
8.749281167984009,100.0
8.75140643119812,100.0
8.753615140914917,100.0
8.755797386169434,100.0
8.757974863052368,100.0
8.760369300842285,100.0
8.762588500976562,100.0
8.764745235443115,100.0
8.766876220703125,100.0
8.76897668838501,100.0
8.771061658859253,100.0
8.773178577423096,100.0
8.775267839431763,100.0
8.777365684509277,100.0
8.779468774795532,100.0
8.781578302383423,100.0
8.78366756439209,100.0
8.785828828811646,100.0
8.78798508644104,100.0
8.790146350860596,100.0
8.79231572151184,100.0
8.794469118118286,100.0
8.79663634300232,100.0
8.798790454864502,100.0
8.800956010818481,100.0
8.80310344696045,100.0
8.805274963378906,100.0
8.807435035705566,100.0
8.809603929519653,100.0
8.811806917190552,100.0
8.813986539840698,100.0
8.816144466400146,100.0
8.818300247192383,100.0
8.820502519607544,100.0
8.822651863098145,100.0
8.82482385635376,100.0
8.826974630355835,100.0
8.829170942306519,100.0
8.831327438354492,100.0
8.833635807037354,100.0
8.83581829071045,100.0
8.838590621948242,100.0
8.840842008590698,100.0
8.843035459518433,100.0
8.845242023468018,100.0
8.84740686416626,100.0
8.84959101676941,100.0
8.851775407791138,100.0
8.853928089141846,100.0
8.856508016586304,100.0
8.858755111694336,100.0
8.860966205596924,100.0
8.863141775131226,100.0
8.86532473564148,100.0
8.867483615875244,100.0
8.86965560913086,100.0
8.871822595596313,100.0
8.873983383178711,100.0
8.876140356063843,100.0
8.878291130065918,100.0
8.880469560623169,100.0
8.88262128829956,100.0
8.884779691696167,100.0
8.887001037597656,100.0
8.889198303222656,100.0
8.891348361968994,100.0
8.893504619598389,100.0
8.895649671554565,100.0
8.897818565368652,100.0
8.899984121322632,100.0
8.90214490890503,100.0
8.904295206069946,100.0
8.90645146369934,100.0
8.908604621887207,100.0
8.910759687423706,100.0
8.912935256958008,100.0
8.915087938308716,100.0
8.91725778579712,100.0
8.919418096542358,100.0
8.921571254730225,100.0
8.923835754394531,100.0
8.926023483276367,100.0
8.92826771736145,100.0
8.930437326431274,100.0
8.932590007781982,100.0
8.934734582901001,100.0
8.93689250946045,100.0
8.9391188621521,100.0
8.94159984588623,100.0
8.944012880325317,100.0
8.946306467056274,100.0
8.948513746261597,100.0
8.950703620910645,100.0
8.952966451644897,100.0
8.955129384994507,100.0
8.957560062408447,100.0
8.960065603256226,100.0
8.962344408035278,100.0
8.964809894561768,100.0
8.967190265655518,100.0
8.969392776489258,100.0
8.971613883972168,100.0
8.973881483078003,100.0
8.976087093353271,100.0
8.978272438049316,100.0
8.980457305908203,100.0
8.982627630233765,100.0
8.984809875488281,100.0
8.986987352371216,100.0
8.989199161529541,100.0
8.991355657577515,100.0
8.993479251861572,100.0
8.995572566986084,100.0
8.997666597366333,100.0
8.999816179275513,100.0
9.00193476676941,100.0
9.004038572311401,100.0
9.00615406036377,100.0
9.00825572013855,100.0
9.010350942611694,100.0
9.01253890991211,100.0
9.014697790145874,100.0
9.016897201538086,100.0
9.019060134887695,100.0
9.021259069442749,100.0
9.02348017692566,100.0
9.025691270828247,100.0
9.028520345687866,100.0
9.031629800796509,100.0
9.035136699676514,100.0
9.038251399993896,100.0
9.040443181991577,100.0
9.042561769485474,100.0
9.044682741165161,100.0
9.046811819076538,100.0
9.048925161361694,100.0
9.051020860671997,100.0
9.053146123886108,100.0
9.055248022079468,100.0
9.057344675064087,100.0
9.059436082839966,100.0
9.061743021011353,100.0
9.063759326934814,100.0
9.065850257873535,100.0
9.06792950630188,100.0
9.06973910331726,100.0
9.071526288986206,100.0
9.073317050933838,100.0
9.075085639953613,100.0
9.076930284500122,100.0
9.078712224960327,100.0
9.080525875091553,100.0
9.082327365875244,100.0
9.084147453308105,100.0
9.085966110229492,100.0
9.087785720825195,100.0
9.089601278305054,100.0
9.091413259506226,100.0
9.093234539031982,100.0
9.095045566558838,100.0
9.096866130828857,100.0
9.09867811203003,100.0
9.100488901138306,100.0
9.102301836013794,100.0
9.104117393493652,100.0
9.105929136276245,100.0
9.107800483703613,100.0
9.109625339508057,100.0
9.111443758010864,100.0
9.113264799118042,100.0
9.115079402923584,100.0
9.116932153701782,100.0
9.118768453598022,100.0
9.12067985534668,100.0
9.12266230583191,100.0
9.124627590179443,100.0
9.126604318618774,100.0
9.128576278686523,100.0
9.130536794662476,100.0
9.132513999938965,100.0
9.134493827819824,100.0
9.136493444442749,100.0
9.138476133346558,100.0
9.140481233596802,100.0
9.142463207244873,100.0
9.14446473121643,100.0
9.146446943283081,100.0
9.148443937301636,100.0
9.150426149368286,100.0
9.152440071105957,100.0
9.154640436172485,100.0
9.156736850738525,100.0
9.158758640289307,100.0
9.160765886306763,100.0
9.162752866744995,100.0
9.164785623550415,100.0
9.166780471801758,100.0
9.168780088424683,100.0
9.170763969421387,100.0
9.17275357246399,100.0
9.17474365234375,100.0
9.176839113235474,100.0
9.178924083709717,100.0
9.181011199951172,100.0
9.183096408843994,100.0
9.185222387313843,100.0
9.18736481666565,100.0
9.189536094665527,100.0
9.191700458526611,100.0
9.19388461112976,100.0
9.196032285690308,100.0
9.198200941085815,100.0
9.200401306152344,100.0
9.202839136123657,100.0
9.20496416091919,100.0
9.207051515579224,100.0
9.209168672561646,100.0
9.211267471313477,100.0
9.213418006896973,100.0
9.215564727783203,100.0
9.217712163925171,100.0
9.219879627227783,100.0
9.222031354904175,100.0
9.224178075790405,100.0
9.226359844207764,100.0
9.228549718856812,100.0
9.230690240859985,100.0
9.232879877090454,100.0
9.23503303527832,100.0
9.237208843231201,100.0
9.239370822906494,100.0
9.241523742675781,100.0
9.24366283416748,100.0
9.245857954025269,100.0
9.248010396957397,100.0
9.2501540184021,100.0
9.252314329147339,100.0
9.254461288452148,100.0
9.256613969802856,100.0
9.258765935897827,100.0
9.260916709899902,100.0
9.26312804222107,100.0
9.26533818244934,100.0
9.267499208450317,100.0
9.26965856552124,100.0
9.271848678588867,100.0
9.274021863937378,100.0
9.276183605194092,100.0
9.278351068496704,100.0
9.28056526184082,100.0
9.28274941444397,100.0
9.285119771957397,100.0
9.287277221679688,100.0
9.289443016052246,100.0
9.29160737991333,100.0
9.293772220611572,100.0
9.295916557312012,100.0
9.298081636428833,100.0
9.300236225128174,100.0
9.302376985549927,100.0
9.304619789123535,100.0
9.306772470474243,100.0
9.308918714523315,100.0
9.311100721359253,100.0
9.313292264938354,100.0
9.315433502197266,100.0
9.317694425582886,100.0
9.319863080978394,100.0
9.32201075553894,100.0
9.324532985687256,100.0
9.326925992965698,100.0
9.331333637237549,100.0
9.336568832397461,100.0
9.343087673187256,100.0
9.347130060195923,100.0
9.35122299194336,100.0
9.353876113891602,100.0
9.35607099533081,100.0
9.358579635620117,100.0
9.360812902450562,100.0
9.362995386123657,100.0
9.365181684494019,100.0
9.367326974868774,100.0
9.369487285614014,100.0
9.37163496017456,100.0
9.373812913894653,100.0
9.376253604888916,100.0
9.378496170043945,100.0
9.380664587020874,100.0
9.382847785949707,100.0
9.385013580322266,100.0
9.387168169021606,100.0
9.389343023300171,100.0
9.391523838043213,100.0
9.393688201904297,100.0
9.395880222320557,100.0
9.398098230361938,100.0
9.400619268417358,100.0
9.402903079986572,100.0
9.405117750167847,100.0
9.407347679138184,100.0
9.409448623657227,100.0
9.411349296569824,100.0
9.413159608840942,100.0
9.414964199066162,100.0
9.416765689849854,100.0
9.418536901473999,100.0
9.420337915420532,100.0
9.422146797180176,100.0
9.42396855354309,100.0
9.425804853439331,100.0
9.427641153335571,100.0
9.429484128952026,100.0
9.431313753128052,100.0
9.433157682418823,100.0
9.435006380081177,100.0
9.43688702583313,100.0
9.438780069351196,100.0
9.44069242477417,100.0
9.4426109790802,100.0
9.444530487060547,100.0
9.44646406173706,100.0
9.448418140411377,100.0
9.450366735458374,100.0
9.452354907989502,100.0
9.454351663589478,100.0
9.456378698348999,100.0
9.458412885665894,100.0
9.460451364517212,100.0
9.462463140487671,100.0
9.464545965194702,100.0
9.466652393341064,100.0
9.468787431716919,100.0
9.470938682556152,100.0
9.4731125831604,100.0
9.475268602371216,100.0
9.477425813674927,100.0
9.479570150375366,100.0
9.48173975944519,100.0
9.483884334564209,100.0
9.486307382583618,100.0
9.488502740859985,100.0
9.490591764450073,100.0
9.49265456199646,100.0
9.494698286056519,100.0
9.49693775177002,100.0
9.49929428100586,100.0
9.501517534255981,100.0
9.504293203353882,100.0
9.50650691986084,100.0
9.508678197860718,100.0
9.510834455490112,100.0
9.513052940368652,100.0
9.515239715576172,100.0
9.517396450042725,100.0
9.519546270370483,100.0
9.521698236465454,100.0
9.523860692977905,100.0
9.52601957321167,100.0
9.52818489074707,100.0
9.530333518981934,100.0
9.532519578933716,100.0
9.534656763076782,100.0
9.536806344985962,100.0
9.538953065872192,100.0
9.541123867034912,100.0
9.543277502059937,100.0
9.545426845550537,100.0
9.547550916671753,100.0
9.549646139144897,100.0
9.551750898361206,100.0
9.553842782974243,100.0
9.555931806564331,100.0
9.558012962341309,100.0
9.560101509094238,100.0
9.5621817111969,100.0
9.564266920089722,100.0
9.566397428512573,100.0
9.568547010421753,100.0
9.570676326751709,100.0
9.572818756103516,100.0
9.574960231781006,100.0
9.577128171920776,100.0
9.57927393913269,100.0
9.581424474716187,100.0
9.583574056625366,100.0
9.585737466812134,100.0
9.587896347045898,100.0
9.590033769607544,100.0
9.592239618301392,100.0
9.5943922996521,100.0
9.596535921096802,100.0
9.5986807346344,100.0
9.60082721710205,100.0
9.602969646453857,100.0
9.605140924453735,100.0
9.607290983200073,100.0
9.609435319900513,100.0
9.61158013343811,100.0
9.613720417022705,100.0
9.615857124328613,100.0
9.618000745773315,100.0
9.620165824890137,100.0
9.622307062149048,100.0
9.624489307403564,100.0
9.626629829406738,100.0
9.628785133361816,100.0
9.630923986434937,100.0
9.63308310508728,100.0
9.635231018066406,100.0
9.637377738952637,100.0
9.639518737792969,100.0
9.641666650772095,100.0
9.643859386444092,100.0
9.646005392074585,100.0
9.648173809051514,100.0
9.650325536727905,100.0
9.652534484863281,100.0
9.654678106307983,100.0
9.656825542449951,100.0
9.658963680267334,100.0
9.661123275756836,100.0
9.663264513015747,100.0
9.665416955947876,100.0
9.667551279067993,100.0
9.669722557067871,100.0
9.671868324279785,100.0
9.674005270004272,100.0
9.67617416381836,100.0
9.678313732147217,100.0
9.680496454238892,100.0
9.682637453079224,100.0
9.684786796569824,100.0
9.686925411224365,100.0
9.68910026550293,100.0
9.691259860992432,100.0
9.693409442901611,100.0
9.695557832717896,100.0
9.697736024856567,100.0
9.699907541275024,100.0
9.702060222625732,100.0
9.704201698303223,100.0
9.706351518630981,100.0
9.7085120677948,100.0
9.710639238357544,100.0
9.71274733543396,100.0
9.714840412139893,100.0
9.71705675125122,100.0
9.719223260879517,100.0
9.72133731842041,100.0
9.723530054092407,100.0
9.725477457046509,100.0
9.727685451507568,100.0
9.72952675819397,100.0
9.731435537338257,100.0
9.733297348022461,100.0
9.735074281692505,100.0
9.73688006401062,100.0
9.73868989944458,100.0
9.74048376083374,100.0
9.74226713180542,100.0
9.744053840637207,100.0
9.745838403701782,100.0
9.747612714767456,100.0
9.749719619750977,100.0
9.751868963241577,100.0
9.754012823104858,100.0
9.756287574768066,100.0
9.758450746536255,100.0
9.760617017745972,100.0
9.762821674346924,100.0
9.765158891677856,100.0
9.767314434051514,100.0
9.769481897354126,100.0
9.771644353866577,100.0
9.773821830749512,100.0
9.775977373123169,100.0
9.778119564056396,100.0
9.780261039733887,100.0
9.782408237457275,100.0
9.784558534622192,100.0
9.786959409713745,100.0
9.789252519607544,100.0
9.791449069976807,100.0
9.793635368347168,100.0
9.795846223831177,100.0
9.798002243041992,100.0
9.800177812576294,100.0
9.802331686019897,100.0
9.804543018341064,100.0
9.80669379234314,100.0
9.808899164199829,100.0
9.811050653457642,100.0
9.813228130340576,100.0
9.815408706665039,100.0
9.817578315734863,100.0
9.819722175598145,100.0
9.821897745132446,100.0
9.824062824249268,100.0
9.826209783554077,100.0
9.82835602760315,100.0
9.830525159835815,100.0
9.83268141746521,100.0
9.8348388671875,100.0
9.837036371231079,100.0
9.839195489883423,100.0
9.8413565158844,100.0
9.8435218334198,100.0
9.845703601837158,100.0
9.847924709320068,100.0
9.850159406661987,100.0
9.852327108383179,100.0
9.854482650756836,100.0
9.856631755828857,100.0
9.858779668807983,100.0
9.861008882522583,100.0
9.86315107345581,100.0
9.865333557128906,100.0
9.867478609085083,100.0
9.869640588760376,100.0
9.871816873550415,100.0
9.87400484085083,100.0
9.876179218292236,100.0
9.878338098526001,100.0
9.880563735961914,100.0
9.882721900939941,100.0
9.884882688522339,100.0
9.887044191360474,100.0
9.889220952987671,100.0
9.89137053489685,100.0
9.893558502197266,100.0
9.895710229873657,100.0
9.897887945175171,100.0
9.900042057037354,100.0
9.90218734741211,100.0
9.904330253601074,100.0
9.906471967697144,100.0
9.908625364303589,100.0
9.910765886306763,100.0
9.912974834442139,100.0
9.915130376815796,100.0
9.917283773422241,100.0
9.919420003890991,100.0
9.921564102172852,100.0
9.923706769943237,100.0
9.925902843475342,100.0
9.928048610687256,100.0
9.930196762084961,100.0
9.932353019714355,100.0
9.934508085250854,100.0
9.936663627624512,100.0
9.93880319595337,100.0
9.940944910049438,100.0
9.943100452423096,100.0
9.945273637771606,100.0
9.947422742843628,100.0
9.949653148651123,100.0
9.951843738555908,100.0
9.9540433883667,100.0
9.956567764282227,100.0
9.958889245986938,100.0
9.961176872253418,100.0
9.963362216949463,100.0
9.966258764266968,100.0
9.968602657318115,100.0
9.970855951309204,100.0
9.973045825958252,100.0
9.975213766098022,100.0
9.977399349212646,100.0
9.97956919670105,100.0
9.981725931167603,100.0
9.983883142471313,100.0
9.986034631729126,100.0
9.988186120986938,100.0
9.990346431732178,100.0
9.992540121078491,100.0
9.994641542434692,100.0
9.99695873260498,100.0
9.99915099143982,100.0
