ts_sec,rel_ms,current_mA
1757011750.149147,0.551,0.100
1757011750.151205,2.608,0.100
1757011750.153268,4.672,0.100
1757011750.155329,6.732,0.100
1757011750.157391,8.794,0.100
1757011750.159452,10.855,0.100
1757011750.161514,12.917,0.100
1757011750.163580,14.984,0.100
1757011750.165646,17.049,0.100
1757011750.167709,19.113,0.100
1757011750.169780,21.183,0.100
1757011750.171844,23.247,0.100
1757011750.173907,25.311,0.100
1757011750.175970,27.373,0.100
1757011750.178033,29.437,0.100
1757011750.180098,31.501,0.100
1757011750.182164,33.567,0.100
1757011750.184229,35.633,0.100
1757011750.186294,37.698,0.100
1757011750.188360,39.763,0.100
1757011750.190427,41.831,0.100
1757011750.192494,43.897,0.100
1757011750.194567,45.971,0.100
1757011750.196640,48.043,0.100
1757011750.198709,50.112,0.100
1757011750.200777,52.181,0.100
1757011750.202847,54.250,0.100
1757011750.204914,56.318,0.100
1757011750.206984,58.387,0.100
1757011750.209053,60.456,0.100
1757011750.211123,62.526,0.100
1757011750.213199,64.603,0.100
1757011750.215272,66.675,0.100
1757011750.217340,68.744,0.100
1757011750.219411,70.814,0.100
1757011750.221480,72.884,0.100
1757011750.223549,74.952,0.100
1757011750.225618,77.021,0.100
1757011750.227687,79.091,0.100
1757011750.229756,81.160,0.100
1757011750.231826,83.229,0.100
1757011750.233895,85.298,0.100
1757011750.235963,87.367,0.100
1757011750.238033,89.436,0.100
1757011750.240100,91.504,0.100
1757011750.242170,93.574,0.100
1757011750.244239,95.642,0.100
1757011750.246308,97.712,0.100
1757011750.248376,99.780,0.100
1757011750.250446,101.850,0.100
1757011750.252514,103.918,0.100
1757011750.254584,105.987,0.100
1757011750.256651,108.054,0.100
1757011750.258720,110.124,0.100
1757011750.260789,112.192,0.100
1757011750.262857,114.261,0.100
1757011750.264927,116.330,0.100
1757011750.266996,118.400,0.100
1757011750.269065,120.469,0.100
1757011750.271134,122.538,0.100
1757011750.273203,124.607,0.100
1757011750.275272,126.676,0.100
1757011750.277345,128.749,0.100
1757011750.279420,130.824,0.100
1757011750.281490,132.893,0.100
1757011750.283559,134.963,0.100
1757011750.285630,137.034,0.100
1757011750.287700,139.104,0.100
1757011750.289770,141.173,0.100
1757011750.291839,143.242,0.100
1757011750.293908,145.312,0.100
1757011750.295978,147.381,0.100
1757011750.298047,149.450,0.100
1757011750.300116,151.519,0.100
1757011750.302184,153.587,0.100
1757011750.304251,155.654,0.100
1757011750.306320,157.724,0.100
1757011750.308387,159.791,0.100
1757011750.310457,161.861,0.100
1757011750.312527,163.931,0.100
1757011750.314597,166.001,0.100
1757011750.316665,168.068,0.100
1757011750.318736,170.139,0.100
1757011750.320806,172.210,0.100
1757011750.322875,174.278,0.100
1757011750.324944,176.348,0.100
1757011750.327014,178.417,0.100
1757011750.329084,180.487,0.100
1757011750.331152,182.556,0.100
1757011750.333220,184.623,0.100
1757011750.335289,186.692,0.100
1757011750.337358,188.762,0.100
1757011750.339427,190.831,0.100
1757011750.341496,192.899,0.100
1757011750.343566,194.969,0.100
1757011750.345638,197.042,0.100
1757011750.347707,199.110,0.100
1757011750.349776,201.180,0.100
1757011750.351847,203.250,0.100
1757011750.353916,205.319,0.100
1757011750.355986,207.389,0.100
1757011750.358055,209.458,0.100
1757011750.360122,211.526,0.100
1757011750.362191,213.595,0.100
1757011750.364259,215.662,0.100
1757011750.366328,217.731,0.080
1757011750.368395,219.798,0.080
1757011750.370463,221.867,0.080
1757011750.372532,223.936,0.080
1757011750.374602,226.006,0.080
1757011750.376673,228.076,0.080
1757011750.378742,230.145,0.080
1757011750.380810,232.214,0.080
1757011750.382879,234.283,0.080
1757011750.384949,236.352,0.080
1757011750.387018,238.421,0.080
1757011750.389086,240.490,0.080
1757011750.391156,242.560,0.080
1757011750.393225,244.628,0.080
1757011750.395294,246.698,0.080
1757011750.397363,248.766,0.080
1757011750.399432,250.836,0.080
1757011750.401502,252.905,0.080
1757011750.403571,254.974,0.080
1757011750.405640,257.043,0.080
1757011750.407709,259.113,0.080
1757011750.409778,261.182,0.080
1757011750.411847,263.251,0.080
1757011750.413917,265.320,0.080
1757011750.415987,267.390,0.080
1757011750.418057,269.460,0.080
1757011750.420125,271.528,0.080
1757011750.422195,273.598,0.080
1757011750.424265,275.668,0.080
1757011750.426334,277.738,0.080
1757011750.428401,279.805,0.080
1757011750.430471,281.875,0.080
1757011750.432540,283.944,0.080
1757011750.434609,286.013,0.080
1757011750.436677,288.080,0.080
1757011750.438746,290.150,0.080
1757011750.440816,292.219,0.080
1757011750.442885,294.289,0.080
1757011750.444953,296.356,0.080
1757011750.447021,298.425,0.080
1757011750.449090,300.494,0.080
1757011750.451160,302.563,0.080
1757011750.453228,304.631,0.080
1757011750.455298,306.701,0.080
1757011750.457366,308.770,0.080
1757011750.459437,310.840,0.080
1757011750.461506,312.910,0.080
1757011750.463576,314.980,0.080
1757011750.465645,317.049,0.080
1757011750.467715,319.118,0.080
1757011750.469786,321.189,0.080
1757011750.471855,323.258,0.080
1757011750.473922,325.326,0.080
1757011750.476015,327.419,0.080
1757011750.478085,329.488,0.080
1757011750.480150,331.554,0.080
1757011750.482220,333.623,0.080
1757011750.484287,335.690,0.080
1757011750.486356,337.759,0.080
1757011750.488423,339.827,0.080
1757011750.490492,341.896,0.080
1757011750.492561,343.964,0.080
1757011750.494630,346.034,0.080
1757011750.496701,348.104,0.080
1757011750.498769,350.173,0.080
1757011750.500841,352.244,0.080
1757011750.502926,354.329,0.080
1757011750.504995,356.399,0.080
1757011750.507065,358.468,0.080
1757011750.509134,360.537,0.080
1757011750.511202,362.606,0.080
1757011750.513271,364.674,0.080
1757011750.515339,366.743,0.080
1757011750.517408,368.811,0.080
1757011750.519477,370.880,0.080
1757011750.521546,372.949,0.080
1757011750.523617,375.020,0.080
1757011750.525686,377.090,0.080
1757011750.527755,379.158,0.080
1757011750.529824,381.227,0.080
1757011750.531893,383.297,0.080
1757011750.533962,385.365,0.080
1757011750.536023,387.427,0.080
1757011750.538093,389.497,0.080
1757011750.540164,391.567,0.080
1757011750.542235,393.639,0.080
1757011750.544304,395.707,0.080
1757011750.546371,397.775,0.080
1757011750.548438,399.842,0.080
1757011750.550507,401.911,0.080
1757011750.552576,403.980,0.080
1757011750.554645,406.049,0.080
1757011750.556711,408.115,0.080
1757011750.558780,410.184,0.080
1757011750.560847,412.250,0.080
1757011750.562915,414.318,0.080
1757011750.564994,416.397,0.080
1757011750.567065,418.468,0.080
1757011750.569146,420.550,0.080
1757011750.571219,422.622,0.080
1757011750.573287,424.690,0.080
1757011750.575355,426.759,0.080
1757011750.577425,428.828,0.080
1757011750.579493,430.897,0.080
1757011750.581562,432.965,0.080
1757011750.583631,435.034,0.080
1757011750.585700,437.104,0.080
1757011750.587769,439.172,0.080
1757011750.589839,441.242,0.080
1757011750.591908,443.311,0.080
1757011750.593977,445.380,0.080
1757011750.596027,447.430,0.080
1757011750.598096,449.499,0.080
1757011750.600166,451.569,0.080
1757011750.602235,453.639,0.080
1757011750.604303,455.706,0.080
1757011750.606372,457.776,0.080
1757011750.608439,459.843,0.080
1757011750.610508,461.912,0.080
1757011750.612576,463.979,0.080
1757011750.614645,466.048,0.080
1757011750.616714,468.118,0.080
1757011750.618783,470.187,0.080
1757011750.620852,472.256,0.080
1757011750.622921,474.324,0.080
1757011750.624991,476.395,0.080
1757011750.627060,478.464,0.080
1757011750.629130,480.533,0.080
1757011750.631199,482.603,0.080
1757011750.633269,484.673,0.080
1757011750.635339,486.742,0.080
1757011750.637408,488.812,0.080
1757011750.639477,490.881,0.080
1757011750.641546,492.950,0.080
1757011750.643616,495.020,0.080
1757011750.645685,497.089,0.080
1757011750.647755,499.159,0.080
1757011750.649825,501.229,0.080
1757011750.651894,503.298,0.080
1757011750.653964,505.367,0.080
1757011750.656032,507.435,0.080
1757011750.658100,509.504,0.080
1757011750.660170,511.573,0.080
1757011750.662240,513.644,0.080
1757011750.664307,515.711,0.080
1757011750.666381,517.784,0.080
1757011750.668450,519.854,0.080
1757011750.670520,521.923,0.080
1757011750.672587,523.991,0.080
1757011750.674657,526.060,0.080
1757011750.676727,528.130,0.080
1757011750.678797,530.200,0.080
1757011750.680866,532.269,0.080
1757011750.682935,534.338,0.080
1757011750.685004,536.408,0.080
1757011750.687073,538.477,0.080
1757011750.689141,540.545,0.080
1757011750.691211,542.614,0.080
1757011750.693280,544.683,0.080
1757011750.695349,546.752,0.080
1757011750.697420,548.824,0.080
1757011750.699490,550.893,0.080
1757011750.701560,552.963,0.080
1757011750.703629,555.033,0.080
1757011750.705698,557.102,0.080
1757011750.707768,559.172,0.080
1757011750.709838,561.241,0.080
1757011750.711907,563.311,0.080
1757011750.713977,565.380,0.080
1757011750.716026,567.429,0.080
1757011750.718095,569.498,0.080
1757011750.720164,571.567,0.080
1757011750.722233,573.636,0.080
1757011750.724300,575.704,0.080
1757011750.726369,577.773,0.080
1757011750.728436,579.840,0.080
1757011750.730505,581.909,0.080
1757011750.732574,583.978,0.080
1757011750.734644,586.047,0.080
1757011750.736712,588.116,0.080
1757011750.738782,590.186,0.080
1757011750.740850,592.253,0.080
1757011750.742920,594.323,0.080
1757011750.744990,596.393,0.080
1757011750.747059,598.462,0.080
1757011750.749127,600.531,0.080
1757011750.751197,602.600,0.080
1757011750.753266,604.669,0.080
1757011750.755336,606.740,0.080
1757011750.757406,608.809,0.080
1757011750.759475,610.878,0.080
1757011750.761547,612.950,0.080
1757011750.763615,615.019,0.080
1757011750.765687,617.090,0.080
1757011750.767756,619.159,0.080
1757011750.769824,621.228,0.080
1757011750.771897,623.300,0.080
1757011750.773966,625.370,0.080
1757011750.776022,627.426,0.080
1757011750.778091,629.494,0.080
1757011750.780160,631.563,0.080
1757011750.782229,633.632,0.080
1757011750.784296,635.700,0.080
1757011750.786366,637.769,0.080
1757011750.788435,639.838,0.080
1757011750.790504,641.908,0.080
1757011750.792572,643.976,0.080
1757011750.794643,646.046,0.080
1757011750.796714,648.118,0.080
1757011750.798784,650.187,0.080
1757011750.800852,652.255,0.080
1757011750.802921,654.325,0.080
1757011750.804990,656.394,0.080
1757011750.807058,658.461,0.080
1757011750.809116,660.519,0.080
1757011750.811177,662.580,0.080
1757011750.813252,664.656,0.080
1757011750.815312,666.716,0.080
1757011750.817373,668.777,0.080
1757011750.819431,670.834,0.080
1757011750.821488,672.891,0.080
1757011750.823545,674.948,0.080
1757011750.825602,677.005,0.080
1757011750.827659,679.062,0.080
1757011750.829716,681.120,0.080
1757011750.831775,683.178,0.080
1757011750.833833,685.236,0.080
1757011750.835889,687.293,0.080
1757011750.837947,689.350,0.080
1757011750.840005,691.408,0.080
1757011750.842066,693.470,0.080
1757011750.844136,695.540,0.080
1757011750.846206,697.610,0.080
1757011750.848277,699.680,0.080
1757011750.850347,701.751,0.080
1757011750.852416,703.819,0.080
1757011750.854480,705.883,0.080
1757011750.856539,707.943,0.080
1757011750.858976,710.379,0.080
1757011750.861051,712.455,0.080
1757011750.863111,714.514,0.100
1757011750.865170,716.573,0.100
1757011750.867229,718.632,0.100
1757011750.869286,720.689,0.100
1757011750.871344,722.748,0.100
1757011750.873404,724.808,0.100
1757011750.875464,726.867,0.100
1757011750.877524,728.927,0.100
1757011750.879584,730.988,0.080
1757011750.881652,733.056,0.100
1757011750.883712,735.116,0.100
1757011750.885771,737.175,0.100
1757011750.887831,739.234,0.100
1757011750.889891,741.295,0.100
1757011750.891952,743.355,0.100
1757011750.894024,745.428,0.100
1757011750.896092,747.495,0.100
1757011750.898159,749.563,0.100
1757011750.900221,751.624,0.100
1757011750.902289,753.692,0.100
1757011750.904354,755.757,0.100
1757011750.906420,757.823,0.100
1757011750.908484,759.887,0.100
1757011750.910547,761.951,0.100
1757011750.912617,764.021,0.100
1757011750.914685,766.088,0.100
1757011750.916756,768.159,0.100
1757011750.918823,770.227,0.100
1757011750.920890,772.294,0.100
1757011750.922962,774.366,0.100
1757011750.925032,776.436,0.100
1757011750.927100,778.503,0.100
1757011750.929174,780.578,0.100
1757011750.931244,782.648,0.100
1757011750.933314,784.717,0.100
1757011750.935383,786.787,0.100
1757011750.937453,788.856,0.100
1757011750.939522,790.926,0.100
1757011750.941591,792.994,0.100
1757011750.943660,795.064,0.100
1757011750.945730,797.133,0.100
1757011750.947799,799.203,0.100
1757011750.949869,801.273,0.080
1757011750.951939,803.343,0.080
1757011750.954009,805.412,0.080
1757011750.956076,807.479,0.080
1757011750.958145,809.549,0.080
1757011750.960215,811.619,0.080
1757011750.962284,813.687,0.080
1757011750.964351,815.754,0.080
1757011750.966419,817.823,0.080
1757011750.968489,819.893,0.080
1757011750.970558,821.961,0.080
1757011750.972628,824.031,0.080
1757011750.974697,826.101,0.080
1757011750.976767,828.170,0.080
1757011750.978837,830.240,0.080
1757011750.980903,832.307,0.080
1757011750.982972,834.375,0.080
1757011750.985041,836.444,0.080
1757011750.987110,838.514,0.080
1757011750.989179,840.583,0.080
1757011750.991248,842.651,0.080
1757011750.993317,844.720,0.080
1757011750.995387,846.790,0.080
1757011750.997456,848.860,0.080
1757011750.999527,850.930,0.080
1757011751.001595,852.998,0.080
1757011751.003664,855.067,0.080
1757011751.005733,857.137,0.080
1757011751.007802,859.206,0.080
1757011751.009871,861.274,0.080
1757011751.011940,863.343,0.080
1757011751.014010,865.413,0.080
1757011751.016077,867.481,0.080
1757011751.018146,869.549,0.080
1757011751.020216,871.619,0.080
1757011751.022285,873.688,0.080
1757011751.024351,875.755,0.080
1757011751.026421,877.824,0.080
1757011751.028490,879.893,0.080
1757011751.030558,881.962,0.080
1757011751.032625,884.029,0.080
1757011751.034695,886.098,0.080
1757011751.036764,888.167,0.080
1757011751.038841,890.244,0.080
1757011751.040911,892.315,0.080
1757011751.042981,894.384,0.080
1757011751.045050,896.453,0.080
1757011751.047120,898.523,0.080
1757011751.049188,900.591,0.080
1757011751.051257,902.661,0.080
1757011751.053330,904.733,0.080
1757011751.055401,906.804,0.080
1757011751.057472,908.875,0.080
1757011751.059542,910.945,0.080
1757011751.061610,913.014,0.080
1757011751.063680,915.083,0.080
1757011751.065751,917.155,0.080
1757011751.067820,919.223,0.080
1757011751.069888,921.291,0.080
1757011751.071957,923.360,0.080
1757011751.074027,925.430,0.080
1757011751.076094,927.497,0.080
1757011751.078163,929.566,0.080
1757011751.080232,931.636,0.080
1757011751.082301,933.705,0.080
1757011751.084369,935.773,0.080
1757011751.086439,937.842,0.080
1757011751.088507,939.911,0.080
1757011751.090577,941.980,0.080
1757011751.092645,944.049,0.080
1757011751.094714,946.117,0.080
1757011751.096782,948.186,0.080
1757011751.098850,950.254,0.080
1757011751.100919,952.323,0.080
1757011751.102989,954.392,0.080
1757011751.105058,956.461,0.080
1757011751.107126,958.530,0.080
1757011751.109194,960.598,0.080
1757011751.111263,962.667,0.080
1757011751.113332,964.736,0.080
1757011751.115401,966.805,0.080
1757011751.117471,968.874,0.080
1757011751.119540,970.943,0.080
1757011751.121608,973.011,0.080
1757011751.123677,975.080,0.080
1757011751.125746,977.149,0.080
1757011751.127815,979.219,0.080
1757011751.129884,981.288,0.080
1757011751.131954,983.357,0.080
1757011751.134023,985.427,0.080
1757011751.136090,987.494,0.080
1757011751.138159,989.562,0.080
1757011751.140226,991.630,0.080
1757011751.142295,993.699,0.080
1757011751.144362,995.766,0.080
1757011751.146431,997.834,0.080
1757011751.148500,999.904,0.080
1757011751.150569,1001.972,0.080
1757011751.152637,1004.041,0.080
1757011751.154707,1006.111,0.080
1757011751.156776,1008.180,0.080
1757011751.158845,1010.249,0.080
1757011751.160914,1012.317,0.080
1757011751.162982,1014.386,0.080
1757011751.165051,1016.455,0.080
1757011751.167120,1018.524,0.080
1757011751.169188,1020.591,0.080
1757011751.171257,1022.660,0.080
1757011751.173325,1024.728,0.080
1757011751.175394,1026.797,0.080
1757011751.177468,1028.872,0.080
1757011751.179538,1030.942,0.080
1757011751.181607,1033.011,0.080
1757011751.183676,1035.080,0.080
1757011751.185746,1037.149,0.080
1757011751.187815,1039.218,0.080
1757011751.189884,1041.287,0.080
1757011751.191953,1043.356,0.080
1757011751.194022,1045.426,0.080
1757011751.196089,1047.493,0.080
1757011751.198158,1049.562,0.080
1757011751.200225,1051.629,0.080
1757011751.202295,1053.699,0.080
1757011751.204361,1055.765,0.080
1757011751.206431,1057.834,0.080
1757011751.208502,1059.906,0.080
1757011751.210570,1061.974,0.080
1757011751.212638,1064.042,0.080
1757011751.214708,1066.112,0.080
1757011751.216777,1068.180,0.080
1757011751.218846,1070.249,0.080
1757011751.220913,1072.317,0.080
1757011751.222982,1074.386,0.080
1757011751.225052,1076.455,0.080
1757011751.227120,1078.524,0.080
1757011751.229189,1080.592,0.080
1757011751.231258,1082.662,0.080
1757011751.233327,1084.731,0.080
1757011751.235397,1086.801,0.080
1757011751.237471,1088.875,0.080
1757011751.239541,1090.945,0.080
1757011751.241610,1093.013,0.080
1757011751.243679,1095.082,0.080
1757011751.245747,1097.150,0.080
1757011751.247816,1099.219,0.080
1757011751.249885,1101.288,0.080
1757011751.251953,1103.357,0.080
1757011751.254023,1105.426,0.080
1757011751.256089,1107.493,0.080
1757011751.258159,1109.563,0.080
1757011751.260229,1111.632,0.080
1757011751.262297,1113.701,0.080
1757011751.264365,1115.769,0.080
1757011751.266435,1117.838,0.080
1757011751.268504,1119.907,0.080
1757011751.270573,1121.977,0.080
1757011751.272640,1124.044,0.080
1757011751.274710,1126.113,0.080
1757011751.276778,1128.182,0.080
1757011751.278848,1130.251,0.080
1757011751.280919,1132.322,0.080
1757011751.282987,1134.391,0.080
1757011751.285057,1136.460,0.080
1757011751.287130,1138.533,0.080
1757011751.289199,1140.602,0.080
1757011751.291268,1142.671,0.080
1757011751.293337,1144.741,0.080
1757011751.295406,1146.810,0.080
1757011751.297476,1148.880,0.080
1757011751.299546,1150.949,0.080
1757011751.301614,1153.018,0.080
1757011751.303683,1155.086,0.080
1757011751.305752,1157.155,0.080
1757011751.308129,1159.532,0.080
1757011751.310207,1161.610,0.080
1757011751.312279,1163.683,0.080
1757011751.314350,1165.753,0.080
1757011751.316421,1167.824,0.080
1757011751.318492,1169.895,0.080
1757011751.320567,1171.971,0.080
1757011751.322638,1174.041,0.080
1757011751.324707,1176.111,0.080
1757011751.326777,1178.180,0.080
1757011751.328847,1180.251,0.080
1757011751.330917,1182.321,0.080
1757011751.332986,1184.389,0.080
1757011751.335056,1186.459,0.080
1757011751.337125,1188.529,0.080
1757011751.339195,1190.598,0.080
1757011751.341263,1192.666,0.080
1757011751.343333,1194.736,0.080
1757011751.345402,1196.805,0.080
1757011751.347471,1198.874,0.080
1757011751.349540,1200.943,0.080
1757011751.351609,1203.012,0.080
1757011751.353678,1205.082,0.080
1757011751.355748,1207.151,0.080
1757011751.357817,1209.221,0.080
1757011751.359887,1211.290,0.080
1757011751.361958,1213.361,0.080
1757011751.364022,1215.425,0.080
1757011751.366091,1217.494,0.060
1757011751.368160,1219.563,0.060
1757011751.370229,1221.632,0.060
1757011751.372296,1223.700,0.060
1757011751.374366,1225.770,0.060
1757011751.376434,1227.838,0.060
1757011751.378503,1229.906,0.060
1757011751.380569,1231.973,0.060
1757011751.382638,1234.041,0.060
1757011751.384709,1236.112,0.060
1757011751.386777,1238.180,0.060
1757011751.388844,1240.248,0.060
1757011751.390913,1242.316,0.060
1757011751.392982,1244.385,0.060
1757011751.395051,1246.454,0.060
1757011751.397118,1248.522,0.060
1757011751.399187,1250.591,0.060
1757011751.401256,1252.659,0.060
1757011751.403326,1254.729,0.060
1757011751.405397,1256.800,0.060
1757011751.407466,1258.869,0.060
1757011751.409535,1260.938,0.060
1757011751.411603,1263.007,0.060
1757011751.413672,1265.076,0.060
1757011751.415740,1267.144,0.060
1757011751.417809,1269.213,0.060
1757011751.419879,1271.283,0.060
1757011751.421947,1273.350,0.060
1757011751.424021,1275.424,0.060
1757011751.426090,1277.493,0.060
1757011751.428158,1279.562,0.060
1757011751.430226,1281.630,0.060
1757011751.432293,1283.697,0.060
1757011751.434362,1285.766,0.060
1757011751.436432,1287.836,0.060
1757011751.438502,1289.905,0.060
1757011751.440570,1291.973,0.060
1757011751.442638,1294.042,0.060
1757011751.444707,1296.110,0.060
1757011751.446784,1298.187,0.060
1757011751.448854,1300.258,0.060
1757011751.450925,1302.328,0.060
1757011751.452993,1304.396,0.060
1757011751.455063,1306.466,0.060
1757011751.457131,1308.534,0.060
1757011751.459200,1310.603,0.060
1757011751.461269,1312.673,0.060
1757011751.463339,1314.742,0.060
1757011751.465415,1316.818,0.060
1757011751.467485,1318.889,0.060
1757011751.469556,1320.959,0.060
1757011751.471626,1323.029,0.060
1757011751.473695,1325.099,0.060
1757011751.475765,1327.169,0.060
1757011751.477835,1329.239,0.060
1757011751.479906,1331.309,0.060
1757011751.481975,1333.378,0.060
1757011751.484019,1335.423,0.060
1757011751.486089,1337.492,0.060
1757011751.488158,1339.561,0.060
1757011751.490227,1341.630,0.060
1757011751.492294,1343.697,0.060
1757011751.494366,1345.769,0.060
1757011751.496433,1347.836,0.060
1757011751.498502,1349.906,0.060
1757011751.500571,1351.975,0.060
1757011751.502640,1354.043,0.060
1757011751.504709,1356.112,0.060
1757011751.506777,1358.181,0.060
1757011751.508846,1360.249,0.060
1757011751.510914,1362.318,0.060
1757011751.512983,1364.387,0.060
1757011751.515052,1366.456,0.060
1757011751.517121,1368.524,0.060
1757011751.519190,1370.593,0.060
1757011751.521259,1372.662,0.060
1757011751.523328,1374.731,0.060
1757011751.525398,1376.802,0.060
1757011751.527467,1378.871,0.060
1757011751.529536,1380.940,0.060
1757011751.531605,1383.009,0.060
1757011751.533676,1385.080,0.060
1757011751.535746,1387.150,0.060
1757011751.537815,1389.218,0.060
1757011751.539884,1391.288,0.060
1757011751.541953,1393.356,0.060
1757011751.544029,1395.432,0.060
1757011751.546097,1397.501,0.060
1757011751.548166,1399.569,0.060
1757011751.550235,1401.639,0.060
1757011751.552302,1403.706,0.060
1757011751.554372,1405.775,0.060
1757011751.556440,1407.844,0.060
1757011751.558510,1409.913,0.060
1757011751.560578,1411.982,0.060
1757011751.562647,1414.051,0.060
1757011751.564716,1416.119,0.060
1757011751.566785,1418.189,0.060
1757011751.568858,1420.261,0.060
1757011751.570927,1422.330,0.060
1757011751.573000,1424.404,0.060
1757011751.575069,1426.473,0.060
1757011751.577137,1428.540,0.060
1757011751.579206,1430.609,0.060
1757011751.581274,1432.678,0.060
1757011751.583344,1434.747,0.060
1757011751.585414,1436.817,0.060
1757011751.587482,1438.886,0.060
1757011751.589551,1440.954,0.060
1757011751.591620,1443.024,0.060
1757011751.593689,1445.092,0.060
1757011751.595757,1447.161,0.060
1757011751.597825,1449.229,0.060
1757011751.599895,1451.298,0.060
1757011751.601963,1453.367,0.060
1757011751.604022,1455.426,0.060
1757011751.606091,1457.494,0.060
1757011751.608160,1459.563,0.060
1757011751.610228,1461.632,0.060
1757011751.612296,1463.700,0.060
1757011751.614365,1465.768,0.060
1757011751.616433,1467.837,0.060
1757011751.618502,1469.905,0.060
1757011751.620569,1471.972,0.060
1757011751.622637,1474.040,0.060
1757011751.624705,1476.108,0.060
1757011751.626773,1478.176,0.060
1757011751.628839,1480.243,0.060
1757011751.630909,1482.312,0.060
1757011751.632979,1484.382,0.060
1757011751.635048,1486.451,0.060
1757011751.637116,1488.519,0.060
1757011751.639184,1490.588,0.060
1757011751.641252,1492.656,0.060
1757011751.643321,1494.725,0.060
1757011751.645391,1496.794,0.060
1757011751.647460,1498.863,0.060
1757011751.649528,1500.931,0.060
1757011751.651597,1503.001,0.060
1757011751.653666,1505.070,0.060
1757011751.655735,1507.139,0.060
1757011751.657803,1509.207,0.060
1757011751.659873,1511.276,0.060
1757011751.661942,1513.345,0.060
1757011751.664030,1515.434,0.060
1757011751.666100,1517.503,0.060
1757011751.668169,1519.572,0.060
1757011751.670238,1521.642,0.060
1757011751.672306,1523.709,0.060
1757011751.674381,1525.785,0.060
1757011751.676449,1527.853,0.060
1757011751.678518,1529.922,0.060
1757011751.680585,1531.989,0.060
1757011751.682655,1534.058,0.060
1757011751.684724,1536.127,0.060
1757011751.686792,1538.196,0.060
1757011751.688861,1540.265,0.060
1757011751.690930,1542.333,0.060
1757011751.692999,1544.403,0.060
1757011751.695068,1546.472,0.060
1757011751.697137,1548.540,0.060
1757011751.699205,1550.609,0.060
1757011751.701273,1552.677,0.060
1757011751.703342,1554.745,0.060
1757011751.705412,1556.816,0.060
1757011751.707482,1558.886,0.060
1757011751.709551,1560.955,0.060
1757011751.711620,1563.024,0.060
1757011751.713689,1565.093,0.060
1757011751.715758,1567.162,0.060
1757011751.717827,1569.230,0.060
1757011751.719897,1571.300,0.060
1757011751.721966,1573.369,0.060
1757011751.724021,1575.424,0.060
1757011751.726091,1577.494,0.060
1757011751.728159,1579.563,0.060
1757011751.730228,1581.632,0.060
1757011751.732295,1583.699,0.060
1757011751.734365,1585.768,0.060
1757011751.736434,1587.838,0.060
1757011751.738503,1589.907,0.060
1757011751.740571,1591.974,0.060
1757011751.742640,1594.043,0.060
1757011751.744708,1596.112,0.060
1757011751.746777,1598.180,0.060
1757011751.748846,1600.249,0.060
1757011751.750915,1602.319,0.060
1757011751.752984,1604.387,0.060
1757011751.755053,1606.456,0.060
1757011751.757121,1608.525,0.060
1757011751.759190,1610.594,0.060
1757011751.761259,1612.662,0.060
1757011751.763329,1614.732,0.060
1757011751.765398,1616.801,0.060
1757011751.767467,1618.870,0.060
1757011751.769537,1620.940,0.060
1757011751.771605,1623.009,0.060
1757011751.773674,1625.077,0.060
1757011751.775743,1627.147,0.060
1757011751.777812,1629.216,0.060
1757011751.779881,1631.285,0.060
1757011751.781950,1633.354,0.060
1757011751.784024,1635.427,0.060
1757011751.786093,1637.496,0.060
1757011751.788161,1639.565,0.060
1757011751.790230,1641.634,0.060
1757011751.792296,1643.700,0.060
1757011751.794366,1645.769,0.060
1757011751.796433,1647.836,0.060
1757011751.798502,1649.906,0.060
1757011751.800573,1651.976,0.060
1757011751.802642,1654.046,0.060
1757011751.805131,1656.534,0.060
1757011751.807207,1658.610,0.060
1757011751.809279,1660.683,0.060
1757011751.811355,1662.759,0.060
1757011751.813428,1664.832,0.060
1757011751.815498,1666.901,0.060
1757011751.817581,1668.985,0.060
1757011751.819656,1671.060,0.060
1757011751.821726,1673.129,0.060
1757011751.823796,1675.199,0.060
1757011751.825864,1677.267,0.060
1757011751.827934,1679.337,0.060
1757011751.830003,1681.407,0.060
1757011751.832072,1683.476,0.060
1757011751.834142,1685.546,0.060
1757011751.836211,1687.615,0.060
1757011751.838280,1689.684,0.060
1757011751.840347,1691.751,0.060
1757011751.842416,1693.820,0.060
1757011751.844485,1695.888,0.060
1757011751.846554,1697.957,0.060
1757011751.848621,1700.025,0.060
1757011751.850690,1702.094,0.060
1757011751.852767,1704.170,0.060
1757011751.854836,1706.240,0.060
1757011751.856904,1708.307,0.060
1757011751.858973,1710.376,0.060
1757011751.861042,1712.445,0.060
1757011751.863109,1714.512,0.060
1757011751.865170,1716.574,0.060
1757011751.867228,1718.632,0.060
1757011751.869292,1720.695,0.060
1757011751.871350,1722.753,0.060
1757011751.873407,1724.811,0.060
1757011751.875492,1726.896,0.060
1757011751.877560,1728.964,0.060
1757011751.879621,1731.025,0.060
1757011751.881690,1733.093,0.060
1757011751.883758,1735.161,0.060
1757011751.885828,1737.232,0.060
1757011751.887898,1739.301,0.060
1757011751.889968,1741.372,0.060
1757011751.892025,1743.428,0.060
1757011751.894094,1745.498,0.060
1757011751.896163,1747.566,0.060
1757011751.898232,1749.636,0.060
1757011751.900300,1751.704,0.060
1757011751.902369,1753.773,0.060
1757011751.904439,1755.843,0.060
1757011751.906509,1757.913,0.060
1757011751.908576,1759.980,0.060
1757011751.910645,1762.049,0.060
1757011751.912715,1764.118,0.060
1757011751.914784,1766.187,0.060
1757011751.916852,1768.255,0.060
1757011751.918921,1770.324,0.060
1757011751.920989,1772.393,0.060
1757011751.923059,1774.462,0.060
1757011751.925127,1776.531,0.060
1757011751.927196,1778.599,0.060
1757011751.929265,1780.668,0.060
1757011751.931334,1782.737,0.060
1757011751.933409,1784.813,0.060
1757011751.935478,1786.882,0.060
1757011751.937547,1788.951,0.060
1757011751.939617,1791.020,0.060
1757011751.941685,1793.088,0.060
1757011751.943755,1795.159,0.060
1757011751.945825,1797.228,0.060
1757011751.947894,1799.297,0.060
1757011751.949964,1801.367,0.060
1757011751.952033,1803.437,0.060
1757011751.954102,1805.506,0.060
1757011751.956171,1807.574,0.060
1757011751.958240,1809.644,0.060
1757011751.960307,1811.711,0.060
1757011751.962377,1813.781,0.060
1757011751.964444,1815.847,0.060
1757011751.966512,1817.916,0.060
1757011751.968581,1819.985,0.060
1757011751.970651,1822.054,0.060
1757011751.972720,1824.123,0.060
1757011751.974790,1826.193,0.060
1757011751.976859,1828.263,0.060
1757011751.978928,1830.332,0.060
1757011751.980997,1832.400,0.060
1757011751.983066,1834.470,0.060
1757011751.985134,1836.538,0.060
1757011751.987204,1838.607,0.060
1757011751.989273,1840.676,0.060
1757011751.991342,1842.745,0.060
1757011751.993415,1844.818,0.060
1757011751.995485,1846.888,0.060
1757011751.997554,1848.958,0.060
1757011751.999624,1851.027,0.060
1757011752.001693,1853.097,0.060
1757011752.003763,1855.166,0.060
1757011752.005832,1857.236,0.060
1757011752.007902,1859.305,0.060
1757011752.009971,1861.375,0.060
1757011752.012028,1863.432,0.060
1757011752.014097,1865.500,0.060
1757011752.016165,1867.569,0.060
1757011752.018235,1869.638,0.060
1757011752.020301,1871.705,0.060
1757011752.022370,1873.773,0.060
1757011752.024437,1875.841,0.060
1757011752.026506,1877.910,0.060
1757011752.028574,1879.978,0.060
1757011752.030643,1882.046,0.060
1757011752.032712,1884.116,0.060
1757011752.034780,1886.184,0.060
1757011752.036849,1888.253,0.060
1757011752.038918,1890.322,0.060
1757011752.040992,1892.396,0.060
1757011752.043062,1894.465,0.060
1757011752.045133,1896.536,0.060
1757011752.047202,1898.605,0.060
1757011752.049272,1900.675,0.060
1757011752.051341,1902.744,0.060
1757011752.053411,1904.814,0.060
1757011752.055481,1906.884,0.060
1757011752.057550,1908.954,0.060
1757011752.059620,1911.024,0.060
1757011752.061689,1913.093,0.060
1757011752.063759,1915.163,0.060
1757011752.065828,1917.231,0.060
1757011752.067898,1919.301,0.060
1757011752.069969,1921.372,0.060
1757011752.072028,1923.431,0.060
1757011752.074097,1925.501,0.060
1757011752.076167,1927.570,0.060
1757011752.078236,1929.639,0.060
1757011752.080303,1931.707,0.060
1757011752.082373,1933.776,0.060
1757011752.084440,1935.844,0.060
1757011752.086509,1937.913,0.060
1757011752.088576,1939.980,0.060
1757011752.090645,1942.049,0.060
1757011752.092715,1944.118,0.060
1757011752.094784,1946.187,0.060
1757011752.096851,1948.254,0.060
1757011752.098920,1950.324,0.060
1757011752.100988,1952.392,0.060
1757011752.103058,1954.462,0.060
1757011752.105127,1956.531,0.060
1757011752.107197,1958.601,0.060
1757011752.109266,1960.670,0.060
1757011752.111337,1962.740,0.060
1757011752.113415,1964.818,0.060
1757011752.115484,1966.887,0.060
1757011752.117553,1968.957,0.060
1757011752.119622,1971.026,0.060
1757011752.121691,1973.094,0.060
1757011752.123760,1975.164,0.060
1757011752.125830,1977.233,0.060
1757011752.127899,1979.302,0.060
1757011752.129968,1981.371,0.060
1757011752.132023,1983.426,0.060
1757011752.134093,1985.496,0.060
1757011752.136161,1987.565,0.060
1757011752.138230,1989.634,0.060
1757011752.140298,1991.701,0.060
1757011752.142366,1993.770,0.060
1757011752.144435,1995.838,0.060
1757011752.146504,1997.907,0.060
1757011752.148571,1999.974,0.060
1757011752.150641,2002.044,0.060
1757011752.152712,2004.115,0.060
1757011752.154781,2006.184,0.060
1757011752.156850,2008.253,0.060
1757011752.158919,2010.322,0.060
1757011752.160987,2012.391,0.060
1757011752.163056,2014.460,0.060
1757011752.165125,2016.529,0.060
1757011752.167194,2018.597,0.060
1757011752.169263,2020.666,0.060
1757011752.171336,2022.739,0.060
1757011752.173410,2024.813,0.060
1757011752.175480,2026.884,0.060
1757011752.177551,2028.954,0.060
1757011752.179620,2031.023,0.060
1757011752.181690,2033.093,0.060
1757011752.183759,2035.162,0.060
1757011752.185827,2037.231,0.060
1757011752.187897,2039.301,0.060
1757011752.189966,2041.370,0.060
1757011752.192022,2043.426,0.060
1757011752.194092,2045.496,0.060
1757011752.196162,2047.565,0.060
1757011752.198230,2049.634,0.060
1757011752.200298,2051.701,0.060
1757011752.202367,2053.771,0.060
1757011752.204435,2055.838,0.060
1757011752.206504,2057.907,0.060
1757011752.208571,2059.974,0.060
1757011752.210640,2062.044,0.060
1757011752.212709,2064.113,0.060
1757011752.214779,2066.182,0.060
1757011752.216847,2068.250,0.060
1757011752.218916,2070.320,0.060
1757011752.220986,2072.390,0.060
1757011752.223058,2074.461,0.060
1757011752.225128,2076.532,0.060
1757011752.227197,2078.601,0.060
1757011752.229265,2080.668,0.060
1757011752.231334,2082.738,0.060
1757011752.233406,2084.810,0.060
1757011752.235476,2086.879,0.060
1757011752.237546,2088.949,0.060
1757011752.239615,2091.019,0.060
1757011752.241684,2093.087,0.060
1757011752.243753,2095.156,0.060
1757011752.245822,2097.226,0.060
1757011752.247891,2099.295,0.060
1757011752.249961,2101.364,0.060
1757011752.252027,2103.431,0.060
1757011752.254097,2105.501,0.060
1757011752.256167,2107.571,0.060
1757011752.258236,2109.639,0.060
1757011752.260303,2111.706,0.060
1757011752.262372,2113.775,0.060
1757011752.264439,2115.842,0.060
1757011752.266508,2117.911,0.060
1757011752.268576,2119.979,0.060
1757011752.270645,2122.048,0.060
1757011752.272715,2124.119,0.060
1757011752.274785,2126.188,0.060
1757011752.276853,2128.257,0.060
1757011752.278923,2130.326,0.060
1757011752.280991,2132.395,0.060
1757011752.283060,2134.464,0.060
1757011752.285128,2136.531,0.060
1757011752.287197,2138.600,0.060
1757011752.289266,2140.670,0.060
1757011752.291336,2142.739,0.060
1757011752.293405,2144.808,0.060
1757011752.295474,2146.877,0.060
1757011752.297543,2148.946,0.060
1757011752.299612,2151.015,0.060
1757011752.301683,2153.086,0.060
1757011752.303752,2155.156,0.060
1757011752.305821,2157.224,0.060
1757011752.307890,2159.293,0.060
1757011752.309959,2161.362,0.060
1757011752.312022,2163.425,0.060
1757011752.314091,2165.495,0.060
1757011752.316161,2167.565,0.060
1757011752.318233,2169.636,0.060
1757011752.320300,2171.703,0.060
1757011752.322370,2173.773,0.060
1757011752.324438,2175.841,0.060
1757011752.326507,2177.911,0.060
1757011752.328576,2179.979,0.060
1757011752.330645,2182.049,0.060
1757011752.332714,2184.118,0.060
1757011752.334783,2186.187,0.060
1757011752.336851,2188.254,0.060
1757011752.338920,2190.323,0.060
1757011752.340989,2192.392,0.060
1757011752.343058,2194.462,0.060
1757011752.345127,2196.530,0.060
1757011752.347196,2198.600,0.060
1757011752.349268,2200.672,0.060
1757011752.351648,2203.052,0.060
1757011752.353725,2205.129,0.060
1757011752.355798,2207.201,0.060
1757011752.357868,2209.271,0.060
1757011752.359939,2211.342,0.060
1757011752.362009,2213.412,0.060
1757011752.364076,2215.479,0.060
1757011752.366144,2217.548,0.060
1757011752.368214,2219.618,0.060
1757011752.370284,2221.687,0.060
1757011752.372350,2223.754,0.060
1757011752.374418,2225.822,0.060
1757011752.376489,2227.892,0.060
1757011752.378557,2229.961,0.060
1757011752.380626,2232.030,0.060
1757011752.382696,2234.099,0.060
1757011752.384764,2236.168,0.060
1757011752.386833,2238.236,0.060
1757011752.388901,2240.305,0.060
1757011752.390970,2242.374,0.060
1757011752.393039,2244.442,0.060
1757011752.395108,2246.511,0.060
1757011752.397178,2248.581,0.060
1757011752.399247,2250.650,0.060
1757011752.401315,2252.719,0.060
1757011752.403384,2254.787,0.060
1757011752.405453,2256.856,0.060
1757011752.407521,2258.925,0.060
1757011752.409590,2260.993,0.060
1757011752.411659,2263.062,0.060
1757011752.413728,2265.132,0.060
1757011752.415798,2267.201,0.060
1757011752.417866,2269.270,0.060
1757011752.419935,2271.338,0.060
1757011752.422004,2273.407,0.060
1757011752.424071,2275.474,0.060
1757011752.426139,2277.543,0.060
1757011752.428206,2279.609,0.060
1757011752.430275,2281.678,0.060
1757011752.432344,2283.747,0.060
1757011752.434412,2285.816,0.060
1757011752.436483,2287.886,0.060
1757011752.438552,2289.956,0.060
1757011752.440622,2292.025,0.060
1757011752.442691,2294.094,0.060
1757011752.444760,2296.164,0.060
1757011752.446830,2298.233,0.060
1757011752.448897,2300.301,0.060
1757011752.450967,2302.370,0.060
1757011752.453035,2304.438,0.060
1757011752.455103,2306.507,0.060
1757011752.457206,2308.610,0.060
1757011752.459285,2310.688,0.060
1757011752.461355,2312.759,0.060
1757011752.463427,2314.830,0.060
1757011752.465497,2316.900,0.060
1757011752.467566,2318.970,0.060
1757011752.469636,2321.039,0.060
1757011752.471706,2323.109,0.060
1757011752.473775,2325.178,0.060
1757011752.475846,2327.249,0.060
1757011752.477916,2329.319,0.060
1757011752.479986,2331.389,0.060
1757011752.482055,2333.459,0.060
1757011752.484123,2335.526,0.060
1757011752.486191,2337.595,0.060
1757011752.488260,2339.664,0.060
1757011752.490329,2341.732,0.060
1757011752.492395,2343.799,0.060
1757011752.494464,2345.868,0.060
1757011752.496531,2347.935,0.060
1757011752.498600,2350.004,0.060
1757011752.500670,2352.073,0.060
1757011752.502738,2354.142,0.060
1757011752.504807,2356.210,0.060
1757011752.506875,2358.279,0.060
1757011752.508943,2360.347,0.060
1757011752.511013,2362.416,0.060
1757011752.513082,2364.485,0.060
1757011752.515151,2366.554,0.060
1757011752.517219,2368.623,0.060
1757011752.519288,2370.692,0.060
1757011752.521381,2372.785,0.060
1757011752.523450,2374.853,0.060
1757011752.525519,2376.923,0.060
1757011752.527588,2378.992,0.060
1757011752.529657,2381.061,0.060
1757011752.531726,2383.129,0.060
1757011752.533796,2385.200,0.060
1757011752.535865,2387.269,0.060
1757011752.537936,2389.339,0.060
1757011752.540018,2391.422,0.060
1757011752.542087,2393.491,0.060
1757011752.544155,2395.558,0.060
1757011752.546223,2397.627,0.060
1757011752.548290,2399.693,0.060
1757011752.550358,2401.762,0.060
1757011752.552425,2403.829,0.060
1757011752.554496,2405.900,0.060
1757011752.556563,2407.967,0.060
1757011752.558632,2410.035,0.060
1757011752.560702,2412.105,0.060
1757011752.562771,2414.174,0.060
1757011752.564842,2416.245,0.060
1757011752.566911,2418.314,0.060
1757011752.568979,2420.382,0.060
1757011752.571047,2422.450,0.060
1757011752.573115,2424.518,0.060
1757011752.575183,2426.586,0.060
1757011752.577251,2428.655,0.060
1757011752.579320,2430.724,0.060
1757011752.581391,2432.794,0.060
1757011752.583459,2434.863,0.060
1757011752.585528,2436.932,0.060
1757011752.587597,2439.001,0.060
1757011752.589666,2441.069,0.060
1757011752.591735,2443.139,0.060
1757011752.593806,2445.209,0.060
1757011752.595874,2447.278,0.060
1757011752.597942,2449.346,0.060
1757011752.600029,2451.432,0.060
1757011752.602098,2453.501,0.060
1757011752.604166,2455.570,0.060
1757011752.606235,2457.638,0.060
1757011752.608301,2459.705,0.060
1757011752.610371,2461.774,0.060
1757011752.612437,2463.841,0.060
1757011752.614506,2465.909,0.060
1757011752.616574,2467.978,0.060
1757011752.618643,2470.047,0.060
1757011752.620712,2472.116,0.060
1757011752.622781,2474.185,0.060
1757011752.624849,2476.252,0.060
1757011752.626918,2478.321,0.060
1757011752.628985,2480.389,0.060
1757011752.631054,2482.457,0.060
1757011752.633121,2484.525,0.060
1757011752.635190,2486.593,0.060
1757011752.637258,2488.662,0.060
1757011752.639327,2490.731,0.060
1757011752.641397,2492.800,0.060
1757011752.643466,2494.869,0.060
1757011752.645535,2496.938,0.060
1757011752.647604,2499.007,0.060
1757011752.649686,2501.089,0.060
1757011752.651757,2503.160,0.060
1757011752.653826,2505.230,0.060
1757011752.655896,2507.299,0.060
1757011752.657966,2509.369,0.060
1757011752.660026,2511.430,0.060
1757011752.662095,2513.498,0.060
1757011752.664163,2515.566,0.060
1757011752.666231,2517.635,0.060
1757011752.668300,2519.703,0.060
1757011752.670371,2521.775,0.060
1757011752.672440,2523.843,0.060
1757011752.674508,2525.912,0.060
1757011752.676576,2527.979,0.060
1757011752.678644,2530.048,0.060
1757011752.680714,2532.117,0.060
1757011752.682782,2534.186,0.060
1757011752.684849,2536.252,0.060
1757011752.686918,2538.321,0.060
1757011752.688986,2540.389,0.060
1757011752.691054,2542.458,0.060
1757011752.693126,2544.529,0.060
1757011752.695195,2546.599,0.060
1757011752.697265,2548.668,0.060
1757011752.699334,2550.738,0.060
1757011752.701413,2552.816,0.060
1757011752.703482,2554.886,0.060
1757011752.705551,2556.954,0.060
1757011752.707620,2559.023,0.060
1757011752.709688,2561.092,0.060
1757011752.711757,2563.160,0.060
1757011752.713825,2565.228,0.060
1757011752.715894,2567.297,0.060
1757011752.717963,2569.366,0.060
1757011752.720028,2571.432,0.060
1757011752.722096,2573.500,0.060
1757011752.724165,2575.569,0.060
1757011752.726233,2577.637,0.060
1757011752.728301,2579.705,0.060
1757011752.730370,2581.773,0.060
1757011752.732437,2583.840,0.060
1757011752.734506,2585.909,0.060
1757011752.736573,2587.976,0.060
1757011752.738642,2590.045,0.060
1757011752.740709,2592.113,0.060
1757011752.742778,2594.181,0.060
1757011752.744846,2596.250,0.060
1757011752.746915,2598.319,0.060
1757011752.748984,2600.388,0.060
1757011752.751054,2602.457,0.060
1757011752.753123,2604.526,0.060
1757011752.755192,2606.595,0.060
1757011752.757261,2608.665,0.060
1757011752.759330,2610.734,0.060
1757011752.761399,2612.803,0.060
1757011752.763468,2614.872,0.060
1757011752.765537,2616.940,0.060
1757011752.767606,2619.010,0.060
1757011752.769675,2621.078,0.060
1757011752.771744,2623.147,0.060
1757011752.773813,2625.216,0.060
1757011752.775881,2627.285,0.060
1757011752.777950,2629.354,0.060
1757011752.780025,2631.428,0.060
1757011752.782094,2633.497,0.060
1757011752.784163,2635.566,0.060
1757011752.786231,2637.635,0.060
1757011752.788298,2639.701,0.060
1757011752.790366,2641.770,0.060
1757011752.792433,2643.836,0.060
1757011752.794502,2645.905,0.060
1757011752.796571,2647.975,0.060
1757011752.798642,2650.046,0.060
1757011752.800712,2652.116,0.060
1757011752.802781,2654.185,0.060
1757011752.804856,2656.260,0.060
1757011752.807261,2658.664,0.060
1757011752.809335,2660.738,0.060
1757011752.811405,2662.808,0.060
1757011752.813474,2664.878,0.060
1757011752.815545,2666.948,0.060
1757011752.817613,2669.016,0.060
1757011752.819682,2671.086,0.060
1757011752.821752,2673.156,0.060
1757011752.823822,2675.225,0.060
1757011752.825890,2677.294,0.060
1757011752.827959,2679.363,0.060
1757011752.830029,2681.432,0.060
1757011752.832097,2683.501,0.060
1757011752.834165,2685.569,0.060
1757011752.836233,2687.636,0.060
1757011752.838300,2689.704,0.060
1757011752.840369,2691.772,0.060
1757011752.842438,2693.841,0.060
1757011752.844506,2695.909,0.060
1757011752.846575,2697.978,0.060
1757011752.848644,2700.047,0.060
1757011752.850713,2702.116,0.060
1757011752.852781,2704.185,0.060
1757011752.854851,2706.255,0.060
1757011752.856919,2708.322,0.060
1757011752.858988,2710.391,0.060
1757011752.861055,2712.459,0.060
1757011752.863124,2714.527,0.060
1757011752.865193,2716.596,0.060
1757011752.867262,2718.665,0.060
1757011752.869329,2720.733,0.060
1757011752.871398,2722.802,0.060
1757011752.873467,2724.871,0.060
1757011752.875536,2726.940,0.060
1757011752.877604,2729.007,0.060
1757011752.879673,2731.076,0.060
1757011752.881742,2733.145,0.060
1757011752.883811,2735.214,0.060
1757011752.885882,2737.285,0.060
1757011752.887950,2739.354,0.060
1757011752.890020,2741.423,0.060
1757011752.892086,2743.490,0.060
1757011752.894155,2745.558,0.060
1757011752.896224,2747.627,0.060
1757011752.898293,2749.696,0.060
1757011752.900360,2751.763,0.060
1757011752.902428,2753.832,0.060
1757011752.904497,2755.900,0.060
1757011752.906565,2757.968,0.060
1757011752.908632,2760.036,0.060
1757011752.910700,2762.104,0.060
1757011752.912769,2764.173,0.060
1757011752.914838,2766.242,0.060
1757011752.916905,2768.309,0.060
1757011752.918975,2770.378,0.060
1757011752.921046,2772.450,0.060
1757011752.923118,2774.521,0.060
1757011752.925221,2776.625,0.060
1757011752.927294,2778.697,0.060
1757011752.929370,2780.773,0.060
1757011752.931440,2782.843,0.060
1757011752.933508,2784.912,0.060
1757011752.935577,2786.981,0.060
1757011752.937646,2789.049,0.060
1757011752.939715,2791.118,0.060
1757011752.941783,2793.187,0.060
1757011752.943852,2795.255,0.060
1757011752.945921,2797.324,0.060
1757011752.947989,2799.392,0.060
1757011752.950056,2801.460,0.060
1757011752.952122,2803.526,0.060
1757011752.954191,2805.595,0.060
1757011752.956259,2807.663,0.060
1757011752.958328,2809.732,0.060
1757011752.960395,2811.798,0.060
1757011752.962464,2813.868,0.060
1757011752.964533,2815.937,0.060
1757011752.966602,2818.006,0.060
1757011752.968669,2820.073,0.060
1757011752.970738,2822.141,0.060
1757011752.972805,2824.209,0.060
1757011752.974874,2826.277,0.060
1757011752.976942,2828.346,0.060
1757011752.979012,2830.415,0.060
1757011752.981080,2832.484,0.060
1757011752.983149,2834.552,0.060
1757011752.985217,2836.620,0.060
1757011752.987285,2838.688,0.060
1757011752.989353,2840.756,0.060
1757011752.991421,2842.825,0.060
1757011752.993490,2844.894,0.060
1757011752.995559,2846.962,0.060
1757011752.997627,2849.030,0.060
1757011752.999696,2851.099,0.060
1757011753.001764,2853.168,0.060
1757011753.003832,2855.236,0.060
1757011753.005901,2857.304,0.060
1757011753.007970,2859.374,0.060
1757011753.010042,2861.445,0.060
1757011753.012109,2863.513,0.060
1757011753.014179,2865.582,0.060
1757011753.016246,2867.650,0.060
1757011753.018315,2869.718,0.060
1757011753.020398,2871.802,0.060
1757011753.022487,2873.890,0.060
1757011753.024557,2875.961,0.060
1757011753.026628,2878.031,0.060
1757011753.028697,2880.100,0.060
1757011753.030766,2882.169,0.060
1757011753.032834,2884.238,0.060
1757011753.034904,2886.307,0.060
1757011753.036972,2888.376,0.060
1757011753.039043,2890.446,0.060
1757011753.041114,2892.518,0.060
1757011753.043186,2894.590,0.060
1757011753.045255,2896.659,0.060
1757011753.047323,2898.727,0.060
1757011753.049393,2900.796,0.060
1757011753.051462,2902.865,0.060
1757011753.053530,2904.934,0.060
1757011753.055599,2907.003,0.060
1757011753.057670,2909.073,0.060
1757011753.059739,2911.142,0.060
1757011753.061808,2913.211,0.060
1757011753.063876,2915.280,0.060
1757011753.065946,2917.349,0.060
1757011753.068023,2919.426,0.060
1757011753.070103,2921.507,0.060
1757011753.072175,2923.578,0.060
1757011753.074245,2925.648,0.060
1757011753.076313,2927.716,0.060
1757011753.078382,2929.785,0.060
1757011753.080450,2931.854,0.060
1757011753.082519,2933.923,0.060
1757011753.084586,2935.989,0.060
1757011753.086654,2938.058,0.060
1757011753.088723,2940.127,0.060
1757011753.090792,2942.196,0.060
1757011753.092861,2944.265,0.060
1757011753.094930,2946.334,0.060
1757011753.096999,2948.403,0.060
1757011753.099068,2950.471,0.060
1757011753.101137,2952.540,0.060
1757011753.103205,2954.609,0.060
1757011753.105278,2956.682,0.060
1757011753.107347,2958.751,0.060
1757011753.109421,2960.825,0.060
1757011753.111490,2962.893,0.060
1757011753.113559,2964.962,0.060
1757011753.115629,2967.032,0.060
1757011753.117698,2969.102,0.060
1757011753.119766,2971.170,0.060
1757011753.121835,2973.238,0.060
1757011753.123904,2975.307,0.060
1757011753.125973,2977.377,0.060
1757011753.128022,2979.426,0.060
1757011753.130091,2981.495,0.060
1757011753.132159,2983.562,0.060
1757011753.134227,2985.631,0.060
1757011753.136295,2987.699,0.060
1757011753.138364,2989.768,0.060
1757011753.140432,2991.836,0.060
1757011753.142501,2993.904,0.060
1757011753.144568,2995.972,0.060
1757011753.146636,2998.040,0.060
1757011753.148705,3000.108,0.060
1757011753.150773,3002.177,0.060
1757011753.152843,3004.246,0.060
1757011753.154912,3006.315,0.060
1757011753.156981,3008.385,0.060
1757011753.159050,3010.453,0.060
1757011753.161118,3012.521,0.060
1757011753.163186,3014.590,0.060
1757011753.165267,3016.671,0.060
1757011753.167339,3018.742,0.060
1757011753.169408,3020.812,0.060
1757011753.171477,3022.881,0.060
1757011753.173547,3024.951,0.060
1757011753.175617,3027.020,0.060
1757011753.177685,3029.089,0.060
1757011753.179755,3031.159,0.060
1757011753.181823,3033.227,0.060
1757011753.183892,3035.296,0.060
1757011753.185962,3037.365,0.060
1757011753.188019,3039.422,0.060
1757011753.190088,3041.492,0.060
1757011753.192158,3043.561,0.060
1757011753.194227,3045.630,0.060
1757011753.196295,3047.699,0.060
1757011753.198364,3049.767,0.060
1757011753.200429,3051.833,0.060
1757011753.202498,3053.901,0.060
1757011753.204565,3055.969,0.060
1757011753.206634,3058.037,0.060
1757011753.208703,3060.107,0.060
1757011753.210772,3062.175,0.060
1757011753.212839,3064.243,0.060
1757011753.214919,3066.323,0.060
1757011753.216990,3068.394,0.060
1757011753.219059,3070.463,0.060
1757011753.221128,3072.532,0.060
1757011753.223197,3074.600,0.060
1757011753.225266,3076.670,0.060
1757011753.227335,3078.739,0.060
1757011753.229405,3080.809,0.060
1757011753.231474,3082.877,0.060
1757011753.233543,3084.946,0.060
1757011753.235611,3087.015,0.060
1757011753.237680,3089.083,0.060
1757011753.239749,3091.153,0.060
1757011753.241818,3093.222,0.060
1757011753.243888,3095.291,0.060
1757011753.245956,3097.360,0.060
1757011753.248025,3099.429,0.060
1757011753.250095,3101.498,0.060
1757011753.252164,3103.567,0.060
1757011753.254233,3105.636,0.060
1757011753.256304,3107.708,0.060
1757011753.258373,3109.776,0.060
1757011753.260442,3111.845,0.060
1757011753.262511,3113.914,0.060
1757011753.264580,3115.984,0.060
1757011753.266649,3118.053,0.060
1757011753.268718,3120.121,0.060
1757011753.270787,3122.190,0.060
1757011753.272856,3124.259,0.060
1757011753.274924,3126.328,0.060
1757011753.276996,3128.400,0.060
1757011753.279065,3130.469,0.060
1757011753.281133,3132.537,0.060
1757011753.283202,3134.606,0.060
1757011753.285270,3136.673,0.060
1757011753.287339,3138.742,0.060
1757011753.289408,3140.811,0.060
1757011753.291477,3142.881,0.060
1757011753.293549,3144.952,0.060
1757011753.295622,3147.026,0.060
1757011753.297690,3149.094,0.060
1757011753.299764,3151.168,0.060
1757011753.301833,3153.237,0.060
1757011753.303903,3155.306,0.060
1757011753.305972,3157.375,0.060
1757011753.308024,3159.428,0.060
1757011753.310092,3161.496,0.060
1757011753.312161,3163.564,0.060
1757011753.314230,3165.633,0.060
1757011753.316296,3167.700,0.060
1757011753.318366,3169.769,0.060
1757011753.320434,3171.837,0.060
1757011753.322503,3173.906,0.060
1757011753.324573,3175.976,0.060
1757011753.326643,3178.046,0.060
1757011753.328710,3180.114,0.060
1757011753.330778,3182.182,0.060
1757011753.332847,3184.251,0.060
1757011753.334917,3186.320,0.060
1757011753.336986,3188.389,0.060
1757011753.339055,3190.458,0.060
1757011753.341123,3192.526,0.060
1757011753.343192,3194.596,0.060
1757011753.345262,3196.666,0.060
1757011753.347331,3198.734,0.060
1757011753.349401,3200.804,0.060
1757011753.351469,3202.872,0.060
1757011753.353538,3204.942,0.060
1757011753.355607,3207.011,0.060
1757011753.357676,3209.080,0.060
1757011753.359745,3211.148,0.060
1757011753.361814,3213.217,0.060
1757011753.363883,3215.287,0.060
1757011753.365952,3217.356,0.060
1757011753.368030,3219.434,0.060
1757011753.370099,3221.502,0.060
1757011753.372168,3223.572,0.060
1757011753.374238,3225.641,0.060
1757011753.376305,3227.708,0.060
1757011753.378373,3229.776,0.060
1757011753.380443,3231.846,0.060
1757011753.382512,3233.915,0.060
1757011753.384580,3235.983,0.060
1757011753.386648,3238.051,0.060
1757011753.388716,3240.119,0.060
1757011753.390785,3242.188,0.060
1757011753.392853,3244.256,0.060
1757011753.394921,3246.325,0.060
1757011753.396990,3248.393,0.060
1757011753.399057,3250.461,0.060
1757011753.401127,3252.530,0.060
1757011753.403195,3254.598,0.060
1757011753.405264,3256.668,0.060
1757011753.407333,3258.737,0.060
1757011753.409402,3260.805,0.060
1757011753.411470,3262.874,0.060
1757011753.413539,3264.942,0.060
1757011753.415608,3267.011,0.060
1757011753.417676,3269.080,0.060
1757011753.419744,3271.148,0.060
1757011753.421813,3273.217,0.060
1757011753.423883,3275.287,0.060
1757011753.425952,3277.356,0.060
1757011753.428021,3279.425,0.060
1757011753.430091,3281.494,0.060
1757011753.432160,3283.564,0.060
1757011753.434229,3285.632,0.060
1757011753.436296,3287.699,0.060
1757011753.438365,3289.768,0.060
1757011753.440433,3291.836,0.060
1757011753.442501,3293.905,0.060
1757011753.444569,3295.972,0.060
1757011753.446638,3298.041,0.060
1757011753.448712,3300.115,0.060
1757011753.450781,3302.184,0.060
1757011753.452848,3304.252,0.060
1757011753.454917,3306.320,0.060
1757011753.456985,3308.389,0.060
1757011753.459054,3310.457,0.060
1757011753.461121,3312.525,0.060
1757011753.463190,3314.593,0.060
1757011753.465258,3316.662,0.060
1757011753.467326,3318.730,0.060
1757011753.469397,3320.800,0.060
1757011753.471465,3322.868,0.060
1757011753.473534,3324.937,0.060
1757011753.475607,3327.010,0.060
1757011753.477676,3329.080,0.060
1757011753.479746,3331.150,0.060
1757011753.481814,3333.217,0.060
1757011753.483883,3335.286,0.060
1757011753.485951,3337.355,0.060
1757011753.488024,3339.428,0.060
1757011753.490094,3341.497,0.060
1757011753.492161,3343.565,0.060
1757011753.494231,3345.634,0.060
1757011753.496298,3347.702,0.060
1757011753.498368,3349.771,0.060
1757011753.500438,3351.842,0.060
1757011753.502507,3353.910,0.060
1757011753.504574,3355.978,0.060
1757011753.506642,3358.046,0.060
1757011753.508711,3360.114,0.060
1757011753.510779,3362.183,0.060
1757011753.512848,3364.252,0.060
1757011753.514917,3366.321,0.060
1757011753.516986,3368.389,0.060
1757011753.519054,3370.458,0.060
1757011753.521123,3372.527,0.060
1757011753.523192,3374.596,0.060
1757011753.525261,3376.665,0.060
1757011753.527330,3378.734,0.060
1757011753.529398,3380.802,0.060
1757011753.531467,3382.871,0.060
1757011753.533536,3384.939,0.060
1757011753.535605,3387.009,0.060
1757011753.537677,3389.080,0.060
1757011753.539745,3391.149,0.060
1757011753.541814,3393.217,0.060
1757011753.543883,3395.287,0.060
1757011753.545952,3397.356,0.060
1757011753.548015,3399.418,0.060
1757011753.550084,3401.487,0.060
1757011753.552151,3403.554,0.060
1757011753.554220,3405.623,0.060
1757011753.556287,3407.691,0.060
1757011753.558357,3409.760,0.060
1757011753.560425,3411.828,0.060
1757011753.562495,3413.898,0.060
1757011753.564564,3415.967,0.060
1757011753.566633,3418.036,0.060
1757011753.568702,3420.105,0.060
1757011753.570771,3422.174,0.060
1757011753.572840,3424.244,0.060
1757011753.574909,3426.313,0.060
1757011753.576978,3428.382,0.060
1757011753.579048,3430.451,0.060
1757011753.581116,3432.520,0.060
1757011753.583185,3434.589,0.060
1757011753.585252,3436.656,0.060
1757011753.587321,3438.724,0.060
1757011753.589389,3440.793,0.060
1757011753.591459,3442.862,0.060
1757011753.593527,3444.931,0.060
1757011753.595596,3447.000,0.060
1757011753.597664,3449.068,0.060
1757011753.599733,3451.136,0.060
1757011753.601801,3453.205,0.060
1757011753.603870,3455.273,0.060
1757011753.605939,3457.343,0.060
1757011753.608022,3459.425,0.060
1757011753.610090,3461.494,0.060
1757011753.612157,3463.560,0.060
1757011753.614227,3465.630,0.060
1757011753.616294,3467.697,0.060
1757011753.618363,3469.766,0.060
1757011753.620430,3471.833,0.060
1757011753.622499,3473.902,0.060
1757011753.624567,3475.971,0.060
1757011753.626636,3478.039,0.060
1757011753.628706,3480.110,0.060
1757011753.630774,3482.177,0.060
1757011753.632842,3484.246,0.060
1757011753.634912,3486.315,0.060
1757011753.636979,3488.383,0.060
1757011753.639048,3490.451,0.060
1757011753.641115,3492.519,0.060
1757011753.643184,3494.588,0.060
1757011753.645252,3496.655,0.060
1757011753.647320,3498.724,0.060
1757011753.649389,3500.793,0.060
1757011753.651458,3502.862,0.060
1757011753.653526,3504.930,0.060
1757011753.655596,3506.999,0.060
1757011753.657664,3509.068,0.060
1757011753.659733,3511.137,0.060
1757011753.661805,3513.208,0.060
1757011753.663874,3515.278,0.060
1757011753.665942,3517.346,0.060
1757011753.668018,3519.422,0.060
1757011753.670087,3521.490,0.060
1757011753.672158,3523.561,0.060
1757011753.674226,3525.629,0.060
1757011753.676292,3527.696,0.060
1757011753.678360,3529.763,0.060
1757011753.680428,3531.832,0.060
1757011753.682498,3533.901,0.060
1757011753.684566,3535.969,0.060
1757011753.686634,3538.038,0.060
1757011753.688703,3540.107,0.060
1757011753.690772,3542.176,0.060
1757011753.692840,3544.244,0.060
1757011753.694909,3546.313,0.060
1757011753.696978,3548.382,0.060
1757011753.699047,3550.451,0.060
1757011753.701116,3552.519,0.060
1757011753.703185,3554.589,0.060
1757011753.705254,3556.658,0.060
1757011753.707323,3558.727,0.060
1757011753.709392,3560.795,0.060
1757011753.711461,3562.865,0.060
1757011753.713530,3564.934,0.060
1757011753.715600,3567.003,0.060
1757011753.717667,3569.070,0.060
1757011753.719736,3571.140,0.060
1757011753.721804,3573.207,0.060
1757011753.723873,3575.276,0.060
1757011753.725941,3577.344,0.060
1757011753.728027,3579.430,0.060
1757011753.730096,3581.499,0.060
1757011753.732165,3583.569,0.060
1757011753.734234,3585.638,0.060
1757011753.736300,3587.704,0.060
1757011753.738369,3589.773,0.060
1757011753.740439,3591.842,0.060
1757011753.742508,3593.912,0.060
1757011753.744577,3595.980,0.060
1757011753.746646,3598.049,0.060
1757011753.748714,3600.117,0.060
1757011753.750783,3602.186,0.060
1757011753.752853,3604.257,0.060
1757011753.754922,3606.326,0.060
1757011753.756993,3608.396,0.060
1757011753.759062,3610.465,0.060
1757011753.761131,3612.535,0.060
1757011753.763200,3614.603,0.060
1757011753.765269,3616.672,0.060
1757011753.767337,3618.740,0.060
1757011753.769406,3620.809,0.060
1757011753.771474,3622.878,0.060
1757011753.773543,3624.947,0.060
1757011753.775612,3627.016,0.060
1757011753.777681,3629.085,0.060
1757011753.779751,3631.154,0.060
1757011753.781818,3633.222,0.060
1757011753.783888,3635.292,0.060
1757011753.785957,3637.360,0.060
1757011753.788021,3639.424,0.060
1757011753.790090,3641.494,0.060
1757011753.792158,3643.561,0.060
1757011753.794227,3645.631,0.060
1757011753.796295,3647.699,0.060
1757011753.798364,3649.768,0.060
1757011753.800434,3651.837,0.060
1757011753.802502,3653.906,0.060
1757011753.804569,3655.972,0.060
1757011753.806638,3658.042,0.060
1757011753.808707,3660.111,0.060
1757011753.810777,3662.180,0.060
1757011753.812843,3664.247,0.060
1757011753.814912,3666.316,0.060
1757011753.816984,3668.387,0.060
1757011753.819053,3670.457,0.060
1757011753.821122,3672.526,0.060
1757011753.823190,3674.594,0.060
1757011753.825259,3676.662,0.060
1757011753.827328,3678.731,0.060
1757011753.829397,3680.801,0.060
1757011753.831466,3682.870,0.060
1757011753.833535,3684.939,0.060
1757011753.835604,3687.008,0.060
1757011753.837673,3689.077,0.060
1757011753.839742,3691.146,0.060
1757011753.841812,3693.215,0.060
1757011753.843881,3695.284,0.060
1757011753.845949,3697.353,0.060
1757011753.848023,3699.426,0.060
1757011753.850091,3701.495,0.060
1757011753.852160,3703.563,0.060
1757011753.854230,3705.634,0.060
1757011753.856297,3707.701,0.060
1757011753.858367,3709.771,0.060
1757011753.860435,3711.839,0.060
1757011753.862504,3713.907,0.060
1757011753.864571,3715.974,0.060
1757011753.866640,3718.043,0.060
1757011753.868709,3720.112,0.060
1757011753.870777,3722.180,0.060
1757011753.872846,3724.249,0.060
1757011753.874914,3726.317,0.060
1757011753.876985,3728.388,0.060
1757011753.879053,3730.456,0.060
1757011753.881120,3732.524,0.060
1757011753.883189,3734.592,0.060
1757011753.885258,3736.661,0.060
1757011753.887326,3738.729,0.060
1757011753.889401,3740.804,0.060
1757011753.891469,3742.872,0.060
1757011753.893537,3744.941,0.060
1757011753.895606,3747.010,0.060
1757011753.897674,3749.078,0.060
1757011753.899743,3751.147,0.060
1757011753.901812,3753.216,0.060
1757011753.903881,3755.285,0.060
1757011753.905950,3757.353,0.060
1757011753.908022,3759.425,0.060
1757011753.910090,3761.493,0.060
1757011753.912160,3763.563,0.060
1757011753.914229,3765.632,0.060
1757011753.916296,3767.699,0.060
1757011753.918364,3769.768,0.060
1757011753.920433,3771.837,0.060
1757011753.922502,3773.905,0.060
1757011753.924568,3775.971,0.060
1757011753.926636,3778.040,0.060
1757011753.928706,3780.109,0.060
1757011753.930774,3782.177,0.060
1757011753.932842,3784.245,0.060
1757011753.934911,3786.314,0.060
1757011753.936980,3788.383,0.060
1757011753.939049,3790.452,0.060
1757011753.941116,3792.519,0.060
1757011753.943186,3794.590,0.060
1757011753.945256,3796.659,0.060
1757011753.947325,3798.728,0.060
1757011753.949395,3800.799,0.060
1757011753.951463,3802.867,0.060
1757011753.953532,3804.935,0.060
1757011753.955601,3807.004,0.060
1757011753.957670,3809.073,0.060
1757011753.959739,3811.143,0.060
1757011753.961808,3813.212,0.060
1757011753.963877,3815.280,0.060
1757011753.965945,3817.349,0.060
1757011753.968026,3819.429,0.060
1757011753.970094,3821.498,0.060
1757011753.972162,3823.565,0.060
1757011753.974231,3825.635,0.060
1757011753.976299,3827.702,0.060
1757011753.978367,3829.771,0.060
1757011753.980436,3831.840,0.060
1757011753.982504,3833.908,0.060
1757011753.984572,3835.976,0.060
1757011753.986641,3838.045,0.060
1757011753.988709,3840.113,0.060
1757011753.990778,3842.182,0.060
1757011753.992846,3844.250,0.060
1757011753.994915,3846.318,0.060
1757011753.996986,3848.389,0.060
1757011753.999055,3850.458,0.060
1757011754.001123,3852.526,0.060
1757011754.003192,3854.595,0.060
1757011754.005260,3856.664,0.060
1757011754.007329,3858.733,0.060
1757011754.009401,3860.804,0.060
1757011754.011470,3862.874,0.060
1757011754.013540,3864.944,0.060
1757011754.015608,3867.012,0.060
1757011754.017677,3869.081,0.060
1757011754.019746,3871.150,0.060
1757011754.021815,3873.218,0.060
1757011754.023884,3875.287,0.060
1757011754.025953,3877.357,0.060
1757011754.028025,3879.428,0.060
1757011754.030094,3881.498,0.060
1757011754.032163,3883.566,0.060
1757011754.034231,3885.635,0.060
1757011754.036299,3887.702,0.060
1757011754.038368,3889.771,0.060
1757011754.040436,3891.840,0.060
1757011754.042505,3893.909,0.060
1757011754.044577,3895.980,0.060
1757011754.046647,3898.051,0.060
1757011754.048717,3900.121,0.060
1757011754.050787,3902.190,0.060
1757011754.052855,3904.258,0.060
1757011754.054924,3906.327,0.060
1757011754.056994,3908.398,0.060
1757011754.059063,3910.467,0.060
1757011754.061131,3912.535,0.060
1757011754.063200,3914.603,0.060
1757011754.065269,3916.672,0.060
1757011754.067338,3918.742,0.060
1757011754.069408,3920.811,0.060
1757011754.071477,3922.880,0.060
1757011754.073546,3924.949,0.060
1757011754.075615,3927.019,0.060
1757011754.077683,3929.087,0.060
1757011754.079752,3931.156,0.060
1757011754.081823,3933.226,0.060
1757011754.083892,3935.295,0.060
1757011754.085962,3937.365,0.060
1757011754.088027,3939.431,0.060
1757011754.090096,3941.499,0.060
1757011754.092165,3943.568,0.060
1757011754.094233,3945.636,0.060
1757011754.096300,3947.704,0.060
1757011754.098369,3949.773,0.060
1757011754.100437,3951.840,0.060
1757011754.102505,3953.909,0.060
1757011754.104573,3955.977,0.060
1757011754.106642,3958.046,0.060
1757011754.108711,3960.115,0.060
1757011754.110780,3962.184,0.060
1757011754.112850,3964.253,0.060
1757011754.114919,3966.323,0.060
1757011754.116988,3968.391,0.060
1757011754.119056,3970.460,0.060
1757011754.121125,3972.529,0.060
1757011754.123194,3974.598,0.060
1757011754.125263,3976.666,0.060
1757011754.127331,3978.735,0.060
1757011754.129400,3980.804,0.060
1757011754.131469,3982.872,0.060
1757011754.133538,3984.941,0.060
1757011754.135607,3987.011,0.060
1757011754.137676,3989.079,0.060
1757011754.139745,3991.148,0.060
1757011754.141814,3993.217,0.060
1757011754.143882,3995.286,0.060
1757011754.145951,3997.355,0.060
1757011754.148029,3999.432,0.060
1757011754.150098,4001.501,0.060
1757011754.152166,4003.570,0.060
1757011754.154236,4005.639,0.060
1757011754.156304,4007.708,0.060
1757011754.158379,4009.782,0.060
1757011754.160449,4011.852,0.060
1757011754.162518,4013.922,0.060
1757011754.164586,4015.989,0.060
1757011754.166654,4018.058,0.060
1757011754.168724,4020.128,0.060
1757011754.170793,4022.196,0.060
1757011754.172861,4024.265,0.060
1757011754.174930,4026.334,0.060
1757011754.176999,4028.403,0.060
1757011754.179068,4030.472,0.060
1757011754.181137,4032.540,0.060
1757011754.183206,4034.610,0.060
1757011754.185274,4036.678,0.060
1757011754.187344,4038.747,0.060
1757011754.189412,4040.816,0.060
1757011754.191482,4042.885,0.060
1757011754.193550,4044.953,0.060
1757011754.195619,4047.023,0.060
1757011754.197689,4049.092,0.060
1757011754.199758,4051.162,0.060
1757011754.201827,4053.231,0.060
1757011754.203896,4055.299,0.060
1757011754.205965,4057.368,0.060
1757011754.208025,4059.429,0.060
1757011754.210094,4061.497,0.060
1757011754.212162,4063.566,0.060
1757011754.214235,4065.639,0.060
1757011754.216304,4067.707,0.060
1757011754.218373,4069.776,0.060
1757011754.220440,4071.843,0.060
1757011754.222508,4073.912,0.060
1757011754.224575,4075.979,0.060
1757011754.226644,4078.048,0.060
1757011754.228713,4080.117,0.060
1757011754.230782,4082.186,0.060
1757011754.232850,4084.254,0.060
1757011754.234920,4086.324,0.060
1757011754.236988,4088.391,0.060
1757011754.239057,4090.460,0.060
1757011754.241126,4092.529,0.060
1757011754.243195,4094.598,0.060
1757011754.245268,4096.672,0.060
1757011754.247336,4098.740,0.060
1757011754.249406,4100.809,0.060
1757011754.251475,4102.879,0.060
1757011754.253545,4104.948,0.060
1757011754.255614,4107.018,0.060
1757011754.257683,4109.087,0.060
1757011754.259752,4111.156,0.060
1757011754.261821,4113.225,0.060
1757011754.263891,4115.294,0.060
1757011754.265960,4117.363,0.060
1757011754.268025,4119.428,0.060
1757011754.270093,4121.497,0.060
1757011754.272161,4123.565,0.060
1757011754.274230,4125.634,0.060
1757011754.276297,4127.700,0.060
1757011754.278365,4129.769,0.060
1757011754.280435,4131.839,0.060
1757011754.282504,4133.908,0.060
1757011754.284576,4135.979,0.060
1757011754.286646,4138.049,0.060
1757011754.288718,4140.121,0.060
1757011754.290788,4142.192,0.060
1757011754.292856,4144.259,0.060
1757011754.294924,4146.327,0.060
1757011754.296999,4148.403,0.060
1757011754.299069,4150.472,0.060
1757011754.301136,4152.539,0.060
1757011754.303204,4154.608,0.060
1757011754.305272,4156.675,0.060
1757011754.307341,4158.745,0.060
1757011754.309412,4160.815,0.060
1757011754.311480,4162.884,0.060
1757011754.313550,4164.953,0.060
1757011754.315619,4167.023,0.060
1757011754.317689,4169.092,0.060
1757011754.319758,4171.161,0.060
1757011754.321828,4173.231,0.060
1757011754.323898,4175.301,0.060
1757011754.325967,4177.370,0.060
1757011754.328028,4179.432,0.060
1757011754.330098,4181.501,0.060
1757011754.332166,4183.569,0.060
1757011754.334235,4185.638,0.060
1757011754.336307,4187.710,0.060
1757011754.338376,4189.780,0.060
1757011754.340445,4191.849,0.060
1757011754.342875,4194.278,0.060
1757011754.344938,4196.342,0.060
1757011754.346997,4198.400,0.060
1757011754.349074,4200.477,0.060
1757011754.351135,4202.538,0.060
1757011754.353194,4204.597,0.060
1757011754.355254,4206.657,0.060
1757011754.357327,4208.730,0.060
1757011754.359388,4210.791,0.060
1757011754.361446,4212.850,0.060
1757011754.363503,4214.907,0.060
1757011754.365561,4216.965,0.060
1757011754.367619,4219.022,0.060
1757011754.369676,4221.079,0.060
1757011754.371733,4223.137,0.060
1757011754.373790,4225.194,0.060
1757011754.375848,4227.251,0.060
1757011754.377914,4229.318,0.060
1757011754.379987,4231.390,0.060
1757011754.382273,4233.677,0.060
1757011754.384365,4235.768,0.060
1757011754.386439,4237.842,0.060
1757011754.388500,4239.903,0.060
1757011754.390563,4241.967,0.060
1757011754.392623,4244.026,0.060
1757011754.394681,4246.084,0.080
1757011754.396739,4248.142,0.080
1757011754.398804,4250.208,0.080
1757011754.400863,4252.267,0.080
1757011754.402922,4254.326,0.080
1757011754.404982,4256.385,0.080
1757011754.407039,4258.443,0.080
1757011754.409099,4260.503,0.080
1757011754.411159,4262.563,0.080
1757011754.413220,4264.623,0.080
1757011754.415280,4266.684,0.080
1757011754.417339,4268.743,0.080
1757011754.419399,4270.802,0.080
1757011754.421460,4272.864,0.080
1757011754.423522,4274.926,0.080
1757011754.425585,4276.988,0.080
1757011754.427648,4279.051,0.080
1757011754.429710,4281.114,0.080
1757011754.431773,4283.177,0.080
1757011754.433838,4285.242,0.080
1757011754.435904,4287.307,0.080
1757011754.437970,4289.373,0.080
1757011754.440024,4291.428,0.080
1757011754.442094,4293.498,0.080
1757011754.444164,4295.568,0.080
1757011754.446233,4297.637,0.080
1757011754.448299,4299.703,0.080
1757011754.450368,4301.772,0.080
1757011754.452436,4303.839,0.080
1757011754.454505,4305.908,0.080
1757011754.456573,4307.976,0.080
1757011754.458642,4310.045,0.080
1757011754.460712,4312.116,0.080
1757011754.462781,4314.185,0.080
1757011754.464849,4316.253,0.080
1757011754.466918,4318.321,0.080
1757011754.468986,4320.390,0.080
1757011754.471054,4322.458,0.080
1757011754.473126,4324.529,0.080
1757011754.475194,4326.598,0.080
1757011754.477262,4328.666,0.080
1757011754.479331,4330.734,0.080
1757011754.481407,4332.810,0.080
1757011754.483477,4334.880,0.080
1757011754.485546,4336.949,0.080
1757011754.487614,4339.018,0.080
1757011754.489683,4341.087,0.080
1757011754.491753,4343.156,0.080
1757011754.493822,4345.226,0.080
1757011754.495892,4347.295,0.080
1757011754.497960,4349.364,0.080
1757011754.500022,4351.426,0.080
1757011754.502091,4353.494,0.080
1757011754.504159,4355.562,0.080
1757011754.506228,4357.631,0.080
1757011754.508295,4359.699,0.080
1757011754.510365,4361.768,0.080
1757011754.512433,4363.837,0.080
1757011754.514502,4365.906,0.080
1757011754.516571,4367.975,0.080
1757011754.518641,4370.044,0.080
1757011754.520710,4372.114,0.080
1757011754.522779,4374.183,0.080
1757011754.524847,4376.250,0.080
1757011754.526915,4378.319,0.080
1757011754.528984,4380.388,0.080
1757011754.531053,4382.456,0.080
1757011754.533120,4384.523,0.080
1757011754.535191,4386.594,0.080
1757011754.537261,4388.665,0.080
1757011754.539332,4390.735,0.080
1757011754.541401,4392.805,0.080
1757011754.543471,4394.874,0.080
1757011754.545540,4396.944,0.080
1757011754.547609,4399.013,0.080
1757011754.549680,4401.083,0.080
1757011754.551749,4403.153,0.080
1757011754.553840,4405.244,0.080
1757011754.555913,4407.316,0.080
1757011754.557982,4409.385,0.080
1757011754.560024,4411.427,0.080
1757011754.562093,4413.497,0.080
1757011754.564161,4415.564,0.080
1757011754.566223,4417.626,0.080
1757011754.568289,4419.692,0.080
1757011754.570358,4421.762,0.080
1757011754.572423,4423.826,0.080
1757011754.574491,4425.894,0.080
1757011754.576559,4427.963,0.080
1757011754.578628,4430.032,0.080
1757011754.580698,4432.101,0.080
1757011754.582767,4434.170,0.080
1757011754.584833,4436.236,0.080
1757011754.586902,4438.305,0.080
1757011754.588970,4440.374,0.080
1757011754.591039,4442.442,0.080
1757011754.593108,4444.512,0.080
1757011754.595177,4446.581,0.080
1757011754.597246,4448.650,0.080
1757011754.599316,4450.719,0.080
1757011754.601386,4452.790,0.080
1757011754.603456,4454.859,0.080
1757011754.605525,4456.928,0.080
1757011754.607593,4458.996,0.080
1757011754.609662,4461.066,0.080
1757011754.611731,4463.135,0.080
1757011754.613801,4465.204,0.080
1757011754.615870,4467.273,0.080
1757011754.617939,4469.342,0.080
1757011754.620025,4471.428,0.080
1757011754.622094,4473.497,0.080
1757011754.624161,4475.565,0.080
1757011754.626230,4477.634,0.080
1757011754.628299,4479.702,0.080
1757011754.630367,4481.771,0.080
1757011754.632434,4483.837,0.080
1757011754.634503,4485.907,0.080
1757011754.636572,4487.976,0.080
1757011754.638640,4490.044,0.080
1757011754.640707,4492.110,0.080
1757011754.642776,4494.179,0.080
1757011754.644845,4496.249,0.080
1757011754.646914,4498.318,0.080
1757011754.648982,4500.386,0.080
1757011754.651052,4502.455,0.080
1757011754.653120,4504.523,0.080
1757011754.655192,4506.595,0.080
1757011754.657261,4508.665,0.080
1757011754.659332,4510.735,0.080
1757011754.661401,4512.805,0.080
1757011754.663471,4514.874,0.080
1757011754.665540,4516.943,0.080
1757011754.667609,4519.012,0.060
1757011754.669677,4521.081,0.060
1757011754.671746,4523.150,0.060
1757011754.673815,4525.219,0.060
1757011754.675890,4527.294,0.060
1757011754.677960,4529.363,0.060
1757011754.680019,4531.422,0.060
1757011754.682087,4533.491,0.060
1757011754.684157,4535.560,0.060
1757011754.686226,4537.629,0.060
1757011754.688293,4539.697,0.060
1757011754.690362,4541.766,0.060
1757011754.692431,4543.835,0.060
1757011754.694499,4545.903,0.060
1757011754.696568,4547.971,0.060
1757011754.698637,4550.040,0.060
1757011754.700706,4552.109,0.060
1757011754.702775,4554.179,0.060
1757011754.704844,4556.247,0.060
1757011754.706912,4558.316,0.060
1757011754.708982,4560.385,0.060
1757011754.711050,4562.454,0.060
1757011754.713119,4564.522,0.060
1757011754.715188,4566.592,0.060
1757011754.717258,4568.661,0.060
1757011754.719327,4570.731,0.060
1757011754.721398,4572.802,0.060
1757011754.723467,4574.871,0.060
1757011754.725537,4576.940,0.060
1757011754.727607,4579.010,0.060
1757011754.729675,4581.079,0.060
1757011754.731745,4583.148,0.060
1757011754.733813,4585.217,0.060
1757011754.735882,4587.285,0.060
1757011754.737950,4589.354,0.060
1757011754.740031,4591.435,0.060
1757011754.742100,4593.503,0.060
1757011754.744168,4595.571,0.060
1757011754.746236,4597.640,0.060
1757011754.748304,4599.707,0.060
1757011754.750372,4601.776,0.060
1757011754.752439,4603.843,0.060
1757011754.754508,4605.911,0.060
1757011754.756576,4607.979,0.060
1757011754.758645,4610.048,0.060
1757011754.760715,4612.118,0.060
1757011754.762783,4614.187,0.060
1757011754.764851,4616.254,0.060
1757011754.766920,4618.323,0.060
1757011754.768988,4620.392,0.060
1757011754.771057,4622.461,0.060
1757011754.773126,4624.529,0.060
1757011754.775195,4626.599,0.060
1757011754.777263,4628.666,0.060
1757011754.779332,4630.735,0.060
1757011754.781402,4632.806,0.060
1757011754.783472,4634.876,0.060
1757011754.785543,4636.946,0.060
1757011754.787612,4639.016,0.060
1757011754.789680,4641.084,0.060
1757011754.791755,4643.159,0.060
1757011754.793825,4645.228,0.060
1757011754.795894,4647.297,0.060
1757011754.797962,4649.366,0.060
1757011754.800022,4651.426,0.060
1757011754.802092,4653.495,0.060
1757011754.804160,4655.564,0.060
1757011754.806229,4657.632,0.060
1757011754.808295,4659.699,0.060
1757011754.810364,4661.768,0.060
1757011754.812434,4663.837,0.060
1757011754.814503,4665.907,0.060
1757011754.816570,4667.974,0.060
1757011754.818640,4670.043,0.060
1757011754.820708,4672.112,0.060
1757011754.822777,4674.180,0.060
1757011754.824846,4676.249,0.060
1757011754.826915,4678.319,0.060
1757011754.828983,4680.387,0.060
1757011754.831052,4682.455,0.060
1757011754.833119,4684.523,0.060
1757011754.835189,4686.593,0.060
1757011754.837258,4688.662,0.060
1757011754.839327,4690.730,0.060
1757011754.841397,4692.800,0.060
1757011754.843466,4694.869,0.060
1757011754.845535,4696.938,0.060
1757011754.847603,4699.007,0.060
1757011754.849672,4701.075,0.060
1757011754.851741,4703.144,0.060
1757011754.853808,4705.212,0.060
1757011754.855878,4707.281,0.060
1757011754.857946,4709.350,0.060
1757011754.860026,4711.430,0.060
1757011754.862095,4713.498,0.060
1757011754.864163,4715.566,0.060
1757011754.866232,4717.636,0.060
1757011754.868300,4719.704,0.060
1757011754.870369,4721.772,0.060
1757011754.872436,4723.840,0.060
1757011754.874504,4725.907,0.060
1757011754.876572,4727.976,0.060
1757011754.878642,4730.045,0.060
1757011754.880710,4732.114,0.060
1757011754.882779,4734.182,0.060
1757011754.884845,4736.248,0.060
1757011754.886914,4738.317,0.060
1757011754.888982,4740.386,0.060
1757011754.891051,4742.454,0.060
1757011754.893120,4744.523,0.060
1757011754.895189,4746.592,0.060
1757011754.897258,4748.661,0.060
1757011754.899327,4750.731,0.060
1757011754.901396,4752.799,0.060
1757011754.903465,4754.869,0.060
1757011754.905534,4756.937,0.060
1757011754.907603,4759.006,0.060
1757011754.909671,4761.074,0.060
1757011754.911739,4763.143,0.060
1757011754.913808,4765.211,0.060
1757011754.915877,4767.281,0.060
1757011754.917947,4769.350,0.060
1757011754.920021,4771.425,0.060
1757011754.922090,4773.493,0.060
1757011754.924158,4775.561,0.060
1757011754.926226,4777.629,0.060
1757011754.928294,4779.697,0.060
1757011754.930363,4781.766,0.060
1757011754.932431,4783.834,0.060
1757011754.934500,4785.903,0.060
1757011754.936566,4787.970,0.060
1757011754.938635,4790.038,0.060
1757011754.940702,4792.105,0.060
1757011754.942771,4794.174,0.060
1757011754.944839,4796.243,0.060
1757011754.946908,4798.312,0.060
1757011754.948977,4800.381,0.060
1757011754.951047,4802.450,0.060
1757011754.953115,4804.519,0.060
1757011754.955184,4806.587,0.060
1757011754.957254,4808.657,0.060
1757011754.959323,4810.726,0.060
1757011754.961393,4812.796,0.060
1757011754.963461,4814.865,0.060
1757011754.965531,4816.934,0.060
1757011754.967601,4819.004,0.060
1757011754.969669,4821.073,0.060
1757011754.971738,4823.141,0.060
1757011754.973807,4825.210,0.060
1757011754.975877,4827.280,0.060
1757011754.977946,4829.349,0.060
1757011754.980022,4831.426,0.060
1757011754.982091,4833.494,0.060
1757011754.984160,4835.563,0.060
1757011754.986228,4837.631,0.060
1757011754.988295,4839.698,0.060
1757011754.990364,4841.767,0.060
1757011754.992430,4843.833,0.060
1757011754.994498,4845.902,0.060
1757011754.996566,4847.970,0.060
1757011754.998635,4850.038,0.060
1757011755.000704,4852.107,0.060
1757011755.002772,4854.175,0.060
1757011755.004843,4856.247,0.060
1757011755.006912,4858.315,0.060
1757011755.008980,4860.384,0.060
1757011755.011048,4862.452,0.060
1757011755.013117,4864.520,0.060
1757011755.015185,4866.589,0.060
1757011755.017252,4868.656,0.060
1757011755.019321,4870.725,0.060
1757011755.021390,4872.793,0.060
1757011755.023459,4874.862,0.060
1757011755.025528,4876.931,0.060
1757011755.027596,4879.000,0.060
1757011755.029665,4881.068,0.060
1757011755.031735,4883.138,0.060
1757011755.033803,4885.206,0.060
1757011755.035872,4887.275,0.060
1757011755.037940,4889.344,0.060
1757011755.040021,4891.425,0.060
1757011755.042090,4893.494,0.060
1757011755.044157,4895.561,0.060
1757011755.046226,4897.630,0.060
1757011755.048294,4899.698,0.060
1757011755.050363,4901.767,0.060
1757011755.052430,4903.833,0.060
1757011755.054499,4905.902,0.060
1757011755.056573,4907.977,0.060
1757011755.058642,4910.045,0.060
1757011755.060711,4912.115,0.060
1757011755.062780,4914.184,0.060
1757011755.064848,4916.252,0.060
1757011755.066917,4918.321,0.060
1757011755.068985,4920.388,0.060
1757011755.071053,4922.456,0.060
1757011755.073122,4924.525,0.060
1757011755.075190,4926.594,0.060
1757011755.077259,4928.662,0.060
1757011755.079327,4930.730,0.060
1757011755.081397,4932.800,0.060
1757011755.083466,4934.870,0.060
1757011755.085536,4936.939,0.060
1757011755.087605,4939.008,0.060
1757011755.089676,4941.079,0.060
1757011755.091746,4943.150,0.060
1757011755.093818,4945.221,0.060
1757011755.095887,4947.290,0.060
1757011755.097956,4949.359,0.060
1757011755.100021,4951.425,0.060
1757011755.102090,4953.494,0.060
1757011755.104160,4955.563,0.060
1757011755.106230,4957.633,0.060
1757011755.108298,4959.702,0.060
1757011755.110367,4961.771,0.060
1757011755.112435,4963.839,0.060
1757011755.114504,4965.908,0.060
1757011755.116572,4967.975,0.060
1757011755.118641,4970.045,0.060
1757011755.120710,4972.113,0.060
1757011755.122778,4974.182,0.060
1757011755.124846,4976.249,0.060
1757011755.126914,4978.317,0.060
1757011755.128983,4980.386,0.060
1757011755.131051,4982.455,0.060
1757011755.133120,4984.524,0.060
1757011755.135189,4986.593,0.060
1757011755.137258,4988.661,0.060
1757011755.139327,4990.730,0.060
1757011755.141396,4992.800,0.060
1757011755.143465,4994.868,0.060
1757011755.145533,4996.937,0.060
1757011755.147603,4999.007,0.060
1757011755.149672,5001.075,0.060
1757011755.151744,5003.147,0.060
1757011755.153814,5005.218,0.060
1757011755.155883,5007.286,0.060
1757011755.157952,5009.355,0.060
1757011755.160022,5011.425,0.060
1757011755.162091,5013.494,0.060
1757011755.164160,5015.564,0.060
1757011755.166229,5017.633,0.060
1757011755.168296,5019.700,0.060
1757011755.170366,5021.770,0.060
1757011755.172435,5023.839,0.060
1757011755.174504,5025.907,0.060
1757011755.176572,5027.976,0.060
1757011755.178641,5030.044,0.060
1757011755.180709,5032.112,0.060
1757011755.182778,5034.181,0.060
1757011755.184845,5036.249,0.060
1757011755.186914,5038.317,0.060
1757011755.188982,5040.385,0.060
1757011755.191051,5042.455,0.060
1757011755.193120,5044.523,0.060
1757011755.195189,5046.592,0.060
1757011755.197258,5048.661,0.060
1757011755.199327,5050.730,0.060
1757011755.201396,5052.799,0.060
1757011755.203466,5054.869,0.060
1757011755.205534,5056.937,0.060
1757011755.207603,5059.006,0.060
1757011755.209671,5061.074,0.060
1757011755.211740,5063.144,0.060
1757011755.213809,5065.212,0.060
1757011755.215878,5067.282,0.060
1757011755.217947,5069.350,0.060
1757011755.220021,5071.425,0.060
1757011755.222090,5073.494,0.060
1757011755.224158,5075.562,0.060
1757011755.226226,5077.630,0.060
1757011755.228294,5079.698,0.060
1757011755.230363,5081.767,0.060
1757011755.232432,5083.836,0.060
1757011755.234502,5085.905,0.060
1757011755.236569,5087.972,0.060
1757011755.238636,5090.040,0.060
1757011755.240705,5092.108,0.060
1757011755.242773,5094.177,0.060
1757011755.244843,5096.247,0.060
1757011755.246912,5098.316,0.060
1757011755.248980,5100.384,0.060
1757011755.251049,5102.452,0.060
1757011755.253118,5104.522,0.060
1757011755.255186,5106.590,0.060
1757011755.257255,5108.658,0.060
1757011755.259323,5110.727,0.060
1757011755.261392,5112.796,0.060
1757011755.263461,5114.864,0.060
1757011755.265529,5116.933,0.060
1757011755.267599,5119.002,0.060
1757011755.269669,5121.072,0.060
1757011755.271738,5123.141,0.060
1757011755.273806,5125.209,0.060
1757011755.275875,5127.278,0.060
1757011755.277944,5129.348,0.060
1757011755.280025,5131.428,0.060
1757011755.282094,5133.497,0.060
1757011755.284163,5135.566,0.060
1757011755.286231,5137.634,0.060
1757011755.288298,5139.702,0.060
1757011755.290367,5141.770,0.060
1757011755.292435,5143.838,0.060
1757011755.294504,5145.907,0.060
1757011755.296571,5147.975,0.060
1757011755.298639,5150.043,0.060
1757011755.300707,5152.110,0.060
1757011755.302776,5154.179,0.060
1757011755.304844,5156.248,0.060
1757011755.306914,5158.317,0.060
1757011755.308983,5160.386,0.060
1757011755.311052,5162.455,0.060
1757011755.313120,5164.524,0.060
1757011755.315189,5166.592,0.060
1757011755.317257,5168.661,0.060
1757011755.319326,5170.730,0.060
1757011755.321395,5172.799,0.060
1757011755.323464,5174.868,0.060
1757011755.325534,5176.937,0.060
1757011755.327603,5179.007,0.060
1757011755.329672,5181.075,0.060
1757011755.331741,5183.145,0.060
1757011755.333809,5185.213,0.060
1757011755.335878,5187.282,0.060
1757011755.337947,5189.350,0.060
1757011755.340025,5191.429,0.060
1757011755.342094,5193.498,0.060
1757011755.344163,5195.567,0.060
1757011755.346232,5197.636,0.060
1757011755.348299,5199.703,0.060
1757011755.350368,5201.771,0.060
1757011755.352437,5203.840,0.060
1757011755.354520,5205.924,0.060
1757011755.356587,5207.991,0.060
1757011755.358656,5210.059,0.060
1757011755.360724,5212.128,0.060
1757011755.362793,5214.196,0.060
1757011755.364861,5216.264,0.060
1757011755.366930,5218.333,0.060
1757011755.368998,5220.402,0.060
1757011755.371067,5222.471,0.060
1757011755.373134,5224.538,0.060
1757011755.375203,5226.606,0.060
1757011755.377271,5228.674,0.060
1757011755.379340,5230.743,0.060
1757011755.381408,5232.812,0.060
1757011755.383478,5234.881,0.060
1757011755.385552,5236.955,0.060
1757011755.387621,5239.025,0.060
1757011755.389693,5241.097,0.060
1757011755.391761,5243.165,0.060
1757011755.393819,5245.222,0.060
1757011755.395876,5247.279,0.060
1757011755.397933,5249.337,0.060
1757011755.400007,5251.410,0.060
1757011755.402070,5253.473,0.060
1757011755.404131,5255.535,0.060
1757011755.406197,5257.600,0.060
1757011755.408265,5259.668,0.060
1757011755.410326,5261.729,0.060
1757011755.412385,5263.788,0.060
1757011755.414443,5265.846,0.060
1757011755.416500,5267.903,0.060
1757011755.418568,5269.972,0.060
1757011755.420637,5272.041,0.060
1757011755.422706,5274.110,0.060
1757011755.424774,5276.177,0.060
1757011755.426843,5278.246,0.060
1757011755.428913,5280.317,0.060
1757011755.430983,5282.386,0.060
1757011755.433050,5284.453,0.060
1757011755.435119,5286.522,0.060
1757011755.437188,5288.592,0.060
1757011755.439258,5290.661,0.060
1757011755.441329,5292.732,0.060
1757011755.443399,5294.802,0.060
1757011755.445468,5296.871,0.060
1757011755.447537,5298.940,0.060
1757011755.449605,5301.009,0.060
1757011755.451674,5303.078,0.060
1757011755.453744,5305.147,0.060
1757011755.455814,5307.217,0.060
1757011755.457882,5309.285,0.060
1757011755.459951,5311.355,0.060
1757011755.462020,5313.424,0.060
1757011755.464087,5315.490,0.060
1757011755.466156,5317.559,0.060
1757011755.468224,5319.628,0.060
1757011755.470294,5321.697,0.060
1757011755.472363,5323.766,0.060
1757011755.474432,5325.835,0.060
1757011755.476501,5327.904,0.060
1757011755.478570,5329.973,0.060
1757011755.480636,5332.040,0.060
1757011755.482705,5334.109,0.060
1757011755.484773,5336.177,0.060
1757011755.486842,5338.245,0.060
1757011755.488912,5340.315,0.060
1757011755.490981,5342.384,0.060
1757011755.493050,5344.453,0.060
1757011755.495118,5346.522,0.060
1757011755.497192,5348.595,0.060
1757011755.499261,5350.664,0.060
1757011755.501330,5352.734,0.060
1757011755.503399,5354.802,0.060
1757011755.505469,5356.873,0.060
1757011755.507538,5358.942,0.060
1757011755.509607,5361.010,0.060
1757011755.511675,5363.079,0.060
1757011755.513745,5365.148,0.060
1757011755.515814,5367.218,0.060
1757011755.517883,5369.287,0.060
1757011755.519952,5371.355,0.060
1757011755.522021,5373.424,0.060
1757011755.524088,5375.492,0.060
1757011755.526157,5377.561,0.060
1757011755.528224,5379.627,0.060
1757011755.530293,5381.696,0.060
1757011755.532360,5383.763,0.060
1757011755.534429,5385.833,0.060
1757011755.536501,5387.905,0.060
1757011755.538571,5389.974,0.060
1757011755.540637,5392.041,0.060
1757011755.542707,5394.110,0.060
1757011755.544777,5396.180,0.060
1757011755.546846,5398.250,0.060
1757011755.548915,5400.319,0.060
1757011755.550984,5402.388,0.060
1757011755.553053,5404.456,0.060
1757011755.555122,5406.526,0.060
1757011755.557193,5408.596,0.060
1757011755.559261,5410.665,0.060
1757011755.561329,5412.732,0.060
1757011755.563399,5414.802,0.060
1757011755.565468,5416.871,0.060
1757011755.567537,5418.941,0.060
1757011755.569606,5421.010,0.060
1757011755.571676,5423.079,0.060
1757011755.573744,5425.148,0.060
1757011755.575814,5427.217,0.060
1757011755.577882,5429.286,0.060
1757011755.579951,5431.354,0.060
1757011755.582020,5433.423,0.060
1757011755.584087,5435.491,0.060
1757011755.586157,5437.560,0.060
1757011755.588225,5439.629,0.060
1757011755.590294,5441.698,0.060
1757011755.592361,5443.765,0.060
1757011755.594430,5445.834,0.060
1757011755.596499,5447.903,0.060
1757011755.598568,5449.972,0.060
1757011755.600637,5452.040,0.060
1757011755.602705,5454.109,0.060
1757011755.604778,5456.181,0.060
1757011755.606846,5458.249,0.060
1757011755.608913,5460.317,0.060
1757011755.610982,5462.386,0.060
1757011755.613052,5464.456,0.060
1757011755.615121,5466.525,0.060
1757011755.617189,5468.592,0.060
1757011755.619257,5470.661,0.060
1757011755.621327,5472.730,0.060
1757011755.623396,5474.799,0.060
1757011755.625465,5476.869,0.060
1757011755.627534,5478.937,0.060
1757011755.629603,5481.006,0.060
1757011755.631671,5483.074,0.060
1757011755.633740,5485.144,0.060
1757011755.635812,5487.215,0.060
1757011755.637880,5489.283,0.060
1757011755.639949,5491.353,0.060
1757011755.642019,5493.423,0.060
1757011755.644087,5495.490,0.060
1757011755.646155,5497.559,0.060
1757011755.648226,5499.629,0.060
1757011755.650296,5501.700,0.060
1757011755.652363,5503.766,0.060
1757011755.654433,5505.836,0.060
1757011755.656503,5507.906,0.060
1757011755.658572,5509.976,0.060
1757011755.660641,5512.045,0.060
1757011755.662710,5514.114,0.060
1757011755.664779,5516.183,0.060
1757011755.666848,5518.252,0.060
1757011755.668917,5520.320,0.060
1757011755.670985,5522.388,0.060
1757011755.673053,5524.456,0.060
1757011755.675121,5526.525,0.060
1757011755.677190,5528.594,0.060
1757011755.679261,5530.664,0.060
1757011755.681329,5532.733,0.060
1757011755.683398,5534.801,0.060
1757011755.685468,5536.872,0.060
1757011755.687538,5538.941,0.060
1757011755.689606,5541.009,0.060
1757011755.691676,5543.080,0.060
1757011755.693746,5545.149,0.060
1757011755.695815,5547.219,0.060
1757011755.697884,5549.287,0.060
1757011755.699953,5551.356,0.060
1757011755.702022,5553.425,0.060
1757011755.704088,5555.491,0.060
1757011755.706157,5557.560,0.060
1757011755.708225,5559.629,0.060
1757011755.710293,5561.697,0.060
1757011755.712360,5563.764,0.060
1757011755.714430,5565.834,0.060
1757011755.716499,5567.903,0.060
1757011755.718567,5569.971,0.060
1757011755.720635,5572.038,0.060
1757011755.722704,5574.108,0.060
1757011755.724774,5576.177,0.060
1757011755.726843,5578.247,0.060
1757011755.728909,5580.313,0.060
1757011755.730979,5582.382,0.060
1757011755.733049,5584.453,0.060
1757011755.735118,5586.522,0.060
1757011755.737187,5588.591,0.060
1757011755.739255,5590.659,0.060
1757011755.741324,5592.728,0.060
1757011755.743394,5594.798,0.060
1757011755.745463,5596.867,0.060
1757011755.747532,5598.936,0.060
1757011755.749602,5601.005,0.060
1757011755.751671,5603.074,0.060
1757011755.753742,5605.145,0.060
1757011755.755810,5607.213,0.060
1757011755.757879,5609.282,0.060
1757011755.759949,5611.352,0.060
1757011755.762017,5613.420,0.060
1757011755.764084,5615.487,0.060
1757011755.766153,5617.557,0.060
1757011755.768219,5619.623,0.060
1757011755.770289,5621.693,0.060
1757011755.772357,5623.761,0.060
1757011755.774427,5625.830,0.060
1757011755.776500,5627.903,0.060
1757011755.778569,5629.972,0.060
1757011755.780636,5632.039,0.060
1757011755.782705,5634.109,0.060
1757011755.784776,5636.180,0.060
1757011755.786845,5638.249,0.060
1757011755.788914,5640.317,0.060
1757011755.790983,5642.387,0.060
1757011755.793053,5644.457,0.060
1757011755.795123,5646.526,0.060
1757011755.797192,5648.595,0.060
1757011755.799261,5650.664,0.060
1757011755.801329,5652.733,0.060
1757011755.803398,5654.801,0.060
1757011755.805467,5656.870,0.060
1757011755.807537,5658.941,0.060
1757011755.809606,5661.009,0.060
1757011755.811676,5663.079,0.060
1757011755.813747,5665.150,0.060
1757011755.815817,5667.221,0.060
1757011755.817887,5669.290,0.060
1757011755.819957,5671.360,0.060
1757011755.822026,5673.429,0.060
1757011755.824093,5675.497,0.060
1757011755.826163,5677.566,0.060
1757011755.828231,5679.634,0.060
1757011755.830299,5681.702,0.060
1757011755.832365,5683.769,0.060
1757011755.834434,5685.837,0.060
1757011755.836501,5687.904,0.060
1757011755.838568,5689.971,0.060
1757011755.840635,5692.038,0.060
1757011755.842703,5694.107,0.060
1757011755.844773,5696.177,0.060
1757011755.846843,5698.246,0.060
1757011755.848912,5700.315,0.060
1757011755.850981,5702.384,0.060
1757011755.853050,5704.453,0.060
1757011755.855119,5706.522,0.060
1757011755.857187,5708.591,0.060
1757011755.859256,5710.660,0.060
1757011755.861325,5712.729,0.060
1757011755.863394,5714.798,0.060
1757011755.865464,5716.867,0.060
1757011755.867533,5718.936,0.060
1757011755.869602,5721.006,0.060
1757011755.871671,5723.075,0.060
1757011755.873741,5725.145,0.060
1757011755.875811,5727.215,0.060
1757011755.877880,5729.283,0.060
1757011755.879949,5731.353,0.060
1757011755.882018,5733.422,0.060
1757011755.884086,5735.490,0.060
1757011755.886157,5737.560,0.060
1757011755.888224,5739.627,0.060
1757011755.890292,5741.695,0.060
1757011755.892358,5743.762,0.060
1757011755.894427,5745.831,0.060
1757011755.896496,5747.900,0.060
1757011755.898566,5749.969,0.060
1757011755.900633,5752.037,0.060
1757011755.902703,5754.106,0.060
1757011755.904773,5756.176,0.060
1757011755.906842,5758.245,0.060
1757011755.908911,5760.315,0.060
1757011755.910980,5762.384,0.060
1757011755.913053,5764.456,0.060
1757011755.915121,5766.524,0.060
1757011755.917191,5768.594,0.060
1757011755.919260,5770.664,0.060
1757011755.921329,5772.733,0.060
1757011755.923399,5774.803,0.060
1757011755.925470,5776.873,0.060
1757011755.927539,5778.943,0.060
1757011755.929608,5781.011,0.060
1757011755.931677,5783.081,0.060
1757011755.933747,5785.151,0.060
1757011755.935816,5787.220,0.060
1757011755.937885,5789.289,0.060
1757011755.939954,5791.357,0.060
1757011755.942023,5793.426,0.060
1757011755.944088,5795.492,0.060
1757011755.946158,5797.561,0.060
1757011755.948225,5799.629,0.060
1757011755.950295,5801.699,0.060
1757011755.952362,5803.766,0.060
1757011755.954432,5805.835,0.060
1757011755.956511,5807.915,0.060
1757011755.958585,5809.989,0.060
1757011755.960655,5812.058,0.060
1757011755.962725,5814.128,0.060
1757011755.964795,5816.198,0.060
1757011755.966865,5818.269,0.060
1757011755.968933,5820.337,0.060
1757011755.971003,5822.406,0.060
1757011755.973072,5824.476,0.060
1757011755.975142,5826.545,0.060
1757011755.977209,5828.612,0.060
1757011755.979278,5830.681,0.060
1757011755.981346,5832.750,0.060
1757011755.983415,5834.819,0.060
1757011755.985484,5836.887,0.060
1757011755.987554,5838.957,0.060
1757011755.989623,5841.026,0.060
1757011755.991691,5843.095,0.060
1757011755.993762,5845.165,0.060
1757011755.995831,5847.235,0.060
1757011755.997900,5849.303,0.060
1757011755.999969,5851.373,0.060
1757011756.002039,5853.442,0.060
1757011756.004107,5855.510,0.060
1757011756.006176,5857.580,0.060
1757011756.008243,5859.647,0.060
1757011756.010313,5861.716,0.060
1757011756.012380,5863.783,0.060
1757011756.014449,5865.853,0.060
1757011756.016517,5867.920,0.060
1757011756.018586,5869.989,0.060
1757011756.020653,5872.056,0.060
1757011756.022721,5874.125,0.060
1757011756.024792,5876.195,0.060
1757011756.026860,5878.264,0.060
1757011756.028928,5880.332,0.060
1757011756.030998,5882.401,0.060
1757011756.033069,5884.472,0.060
1757011756.035139,5886.542,0.060
1757011756.037207,5888.611,0.060
1757011756.039277,5890.680,0.060
1757011756.041347,5892.750,0.060
1757011756.043416,5894.819,0.060
1757011756.045485,5896.888,0.060
1757011756.047554,5898.958,0.060
1757011756.049623,5901.027,0.060
1757011756.051694,5903.097,0.060
1757011756.053764,5905.167,0.060
1757011756.055833,5907.237,0.060
1757011756.057903,5909.306,0.060
1757011756.059973,5911.376,0.060
1757011756.062042,5913.445,0.060
1757011756.064109,5915.513,0.060
1757011756.066179,5917.582,0.060
1757011756.068245,5919.649,0.060
1757011756.070316,5921.719,0.060
1757011756.072383,5923.787,0.060
1757011756.074453,5925.856,0.060
1757011756.076521,5927.925,0.060
1757011756.078590,5929.994,0.060
1757011756.080658,5932.061,0.060
1757011756.082727,5934.130,0.060
1757011756.084796,5936.200,0.060
1757011756.086866,5938.269,0.060
1757011756.088934,5940.338,0.060
1757011756.091004,5942.407,0.060
1757011756.093074,5944.478,0.060
1757011756.095144,5946.547,0.060
1757011756.097212,5948.616,0.060
1757011756.099282,5950.686,0.060
1757011756.101350,5952.754,0.060
1757011756.103421,5954.824,0.060
1757011756.105490,5956.893,0.060
1757011756.107559,5958.963,0.060
1757011756.109628,5961.032,0.060
1757011756.111699,5963.102,0.060
1757011756.113768,5965.171,0.060
1757011756.115837,5967.241,0.060
1757011756.117906,5969.309,0.060
1757011756.119975,5971.379,0.060
1757011756.122043,5973.447,0.060
1757011756.124110,5975.514,0.060
1757011756.126181,5977.584,0.060
1757011756.128249,5979.652,0.060
1757011756.130317,5981.721,0.060
1757011756.132384,5983.787,0.060
1757011756.134453,5985.856,0.060
1757011756.136523,5987.926,0.060
1757011756.138592,5989.995,0.060
1757011756.140659,5992.062,0.060
1757011756.142727,5994.131,0.060
1757011756.144802,5996.206,0.060
1757011756.146872,5998.276,0.060
1757011756.148941,6000.345,0.060
1757011756.151011,6002.415,0.060
1757011756.153083,6004.486,0.060
1757011756.155152,6006.556,0.060
1757011756.157221,6008.625,0.060
1757011756.159291,6010.694,0.060
1757011756.161378,6012.781,0.060
1757011756.163449,6014.853,0.060
1757011756.165519,6016.922,0.060
1757011756.167589,6018.992,0.060
1757011756.169658,6021.061,0.060
1757011756.171728,6023.131,0.060
1757011756.173797,6025.200,0.060
1757011756.175866,6027.269,0.060
1757011756.177935,6029.339,0.060
1757011756.180016,6031.419,0.060
1757011756.182086,6033.489,0.060
1757011756.184153,6035.557,0.060
1757011756.186223,6037.627,0.060
1757011756.188291,6039.694,0.060
1757011756.190360,6041.764,0.060
1757011756.192427,6043.831,0.060
1757011756.194497,6045.901,0.060
1757011756.196566,6047.969,0.060
1757011756.198636,6050.039,0.060
1757011756.200703,6052.107,0.060
1757011756.202773,6054.176,0.060
1757011756.204841,6056.244,0.060
1757011756.206910,6058.314,0.060
1757011756.208978,6060.381,0.060
1757011756.211047,6062.450,0.060
1757011756.213115,6064.519,0.060
1757011756.215186,6066.589,0.060
1757011756.217255,6068.658,0.060
1757011756.219327,6070.731,0.060
1757011756.221396,6072.800,0.060
1757011756.223466,6074.870,0.060
1757011756.225536,6076.940,0.060
1757011756.227606,6079.009,0.060
1757011756.229676,6081.080,0.060
1757011756.231746,6083.150,0.060
1757011756.233816,6085.219,0.060
1757011756.235886,6087.290,0.060
1757011756.237955,6089.358,0.060
1757011756.240027,6091.431,0.060
1757011756.242096,6093.500,0.060
1757011756.244166,6095.569,0.060
1757011756.246235,6097.639,0.060
1757011756.248302,6099.705,0.060
1757011756.250372,6101.775,0.060
1757011756.252441,6103.844,0.060
1757011756.254511,6105.914,0.060
1757011756.256579,6107.982,0.060
1757011756.258648,6110.051,0.060
1757011756.260716,6112.120,0.060
1757011756.262785,6114.189,0.060
1757011756.264853,6116.256,0.060
1757011756.266922,6118.326,0.060
1757011756.268991,6120.394,0.060
1757011756.271060,6122.463,0.060
1757011756.273130,6124.534,0.060
1757011756.275200,6126.603,0.060
1757011756.277269,6128.673,0.060
1757011756.279342,6130.746,0.060
1757011756.281417,6132.820,0.060
1757011756.283498,6134.901,0.060
1757011756.285569,6136.972,0.060
1757011756.287640,6139.043,0.060
1757011756.289709,6141.112,0.060
1757011756.291779,6143.182,0.060
1757011756.293847,6145.251,0.060
1757011756.295916,6147.320,0.060
1757011756.297986,6149.390,0.060
1757011756.300023,6151.426,0.060
1757011756.302091,6153.494,0.060
1757011756.304161,6155.564,0.060
1757011756.306230,6157.633,0.060
1757011756.308298,6159.702,0.060
1757011756.310367,6161.770,0.060
1757011756.312437,6163.841,0.060
1757011756.314506,6165.909,0.060
1757011756.316573,6167.977,0.060
1757011756.318642,6170.046,0.060
1757011756.320711,6172.114,0.060
1757011756.322780,6174.183,0.060
1757011756.324848,6176.251,0.060
1757011756.326917,6178.320,0.060
1757011756.328990,6180.393,0.060
1757011756.331059,6182.462,0.060
1757011756.333127,6184.530,0.060
1757011756.335194,6186.598,0.060
1757011756.337263,6188.666,0.060
1757011756.339331,6190.735,0.060
1757011756.341402,6192.806,0.060
1757011756.343472,6194.875,0.060
1757011756.345540,6196.943,0.060
1757011756.347609,6199.012,0.060
1757011756.349677,6201.081,0.060
1757011756.351746,6203.149,0.060
1757011756.353815,6205.219,0.060
1757011756.355898,6207.301,0.060
1757011756.357967,6209.370,0.060
1757011756.360025,6211.428,0.060
1757011756.362094,6213.498,0.060
1757011756.364163,6215.567,0.060
1757011756.366232,6217.636,0.060
1757011756.368299,6219.702,0.060
1757011756.370368,6221.771,0.060
1757011756.372434,6223.837,0.060
1757011756.374503,6225.907,0.060
1757011756.376571,6227.974,0.060
1757011756.378640,6230.044,0.060
1757011756.380709,6232.112,0.060
1757011756.382778,6234.181,0.060
1757011756.384846,6236.249,0.060
1757011756.386915,6238.318,0.060
1757011756.388983,6240.386,0.060
1757011756.391052,6242.456,0.060
1757011756.393122,6244.525,0.060
1757011756.395190,6246.593,0.060
1757011756.397257,6248.661,0.060
1757011756.399326,6250.729,0.060
1757011756.401397,6252.800,0.060
1757011756.403466,6254.869,0.060
1757011756.405535,6256.939,0.060
1757011756.407604,6259.008,0.060
1757011756.409673,6261.076,0.060
1757011756.411742,6263.145,0.060
1757011756.413810,6265.214,0.060
1757011756.415879,6267.282,0.060
1757011756.417947,6269.351,0.060
1757011756.420027,6271.430,0.060
1757011756.422095,6273.499,0.060
1757011756.424164,6275.567,0.060
1757011756.426233,6277.636,0.060
1757011756.428299,6279.703,0.060
1757011756.430368,6281.772,0.060
1757011756.432436,6283.840,0.060
1757011756.434505,6285.909,0.060
1757011756.436574,6287.977,0.060
1757011756.438643,6290.046,0.060
1757011756.440712,6292.116,0.060
1757011756.442781,6294.184,0.060
1757011756.444850,6296.253,0.060
1757011756.446919,6298.323,0.060
1757011756.448987,6300.390,0.060
1757011756.451056,6302.459,0.060
1757011756.453123,6304.526,0.060
1757011756.455192,6306.596,0.060
1757011756.457262,6308.665,0.060
1757011756.459330,6310.733,0.060
1757011756.461399,6312.803,0.060
1757011756.463469,6314.872,0.060
1757011756.465537,6316.941,0.060
1757011756.467605,6319.008,0.060
1757011756.469674,6321.077,0.060
1757011756.471743,6323.146,0.060
1757011756.473813,6325.216,0.060
1757011756.475886,6327.290,0.060
1757011756.477957,6329.360,0.060
1757011756.480030,6331.434,0.060
1757011756.482099,6333.502,0.060
1757011756.484167,6335.570,0.060
1757011756.486235,6337.639,0.060
1757011756.488302,6339.706,0.060
1757011756.490372,6341.775,0.060
1757011756.492442,6343.845,0.060
1757011756.494510,6345.914,0.060
1757011756.496578,6347.982,0.060
1757011756.498647,6350.050,0.060
1757011756.500716,6352.119,0.060
1757011756.502785,6354.188,0.060
1757011756.504853,6356.257,0.060
1757011756.506922,6358.325,0.060
1757011756.508991,6360.395,0.060
1757011756.511060,6362.463,0.060
1757011756.513128,6364.532,0.060
1757011756.515197,6366.600,0.060
1757011756.517265,6368.669,0.060
1757011756.519335,6370.738,0.060
1757011756.521407,6372.811,0.060
1757011756.523476,6374.879,0.060
1757011756.525545,6376.948,0.060
1757011756.527613,6379.017,0.060
1757011756.529682,6381.085,0.060
1757011756.531751,6383.155,0.060
1757011756.533820,6385.224,0.060
1757011756.535890,6387.294,0.060
1757011756.537959,6389.363,0.060
1757011756.540024,6391.427,0.060
1757011756.542093,6393.497,0.060
1757011756.544161,6395.565,0.060
1757011756.546230,6397.634,0.060
1757011756.548298,6399.701,0.060
1757011756.550366,6401.770,0.060
1757011756.552435,6403.838,0.060
1757011756.554504,6405.908,0.060
1757011756.556572,6407.975,0.060
1757011756.558640,6410.044,0.060
1757011756.560710,6412.113,0.060
1757011756.562779,6414.182,0.060
1757011756.564846,6416.250,0.060
1757011756.566914,6418.318,0.060
1757011756.568988,6420.391,0.060
1757011756.571057,6422.461,0.060
1757011756.573125,6424.529,0.060
1757011756.575194,6426.597,0.060
1757011756.577262,6428.665,0.060
1757011756.579330,6430.734,0.060
1757011756.581399,6432.802,0.060
1757011756.583468,6434.872,0.060
1757011756.585537,6436.941,0.060
1757011756.587608,6439.012,0.060
1757011756.589677,6441.080,0.060
1757011756.591746,6443.150,0.060
1757011756.593815,6445.218,0.060
1757011756.595884,6447.288,0.060
1757011756.597953,6449.356,0.060
1757011756.600022,6451.425,0.060
1757011756.602090,6453.494,0.060
1757011756.604160,6455.563,0.060
1757011756.606228,6457.632,0.060
1757011756.608296,6459.700,0.060
1757011756.610365,6461.769,0.060
1757011756.612433,6463.837,0.060
1757011756.614502,6465.906,0.060
1757011756.616569,6467.973,0.060
1757011756.618638,6470.041,0.060
1757011756.620707,6472.110,0.060
1757011756.622776,6474.179,0.060
1757011756.624845,6476.248,0.060
1757011756.626914,6478.317,0.060
1757011756.628983,6480.386,0.060
1757011756.631052,6482.455,0.060
1757011756.633120,6484.524,0.060
1757011756.635189,6486.593,0.060
1757011756.637258,6488.661,0.060
1757011756.639327,6490.730,0.060
1757011756.641399,6492.803,0.060
1757011756.643469,6494.872,0.060
1757011756.645538,6496.941,0.060
1757011756.647607,6499.010,0.060
1757011756.649675,6501.079,0.060
1757011756.651745,6503.149,0.060
1757011756.653815,6505.219,0.060
1757011756.655884,6507.287,0.060
1757011756.657952,6509.356,0.060
1757011756.660022,6511.425,0.060
1757011756.662091,6513.494,0.060
1757011756.664159,6515.563,0.060
1757011756.666227,6517.631,0.060
1757011756.668295,6519.699,0.060
1757011756.670364,6521.767,0.060
1757011756.672433,6523.836,0.060
1757011756.674501,6525.904,0.060
1757011756.676568,6527.971,0.060
1757011756.678638,6530.042,0.060
1757011756.680707,6532.110,0.060
1757011756.682776,6534.179,0.060
1757011756.684845,6536.248,0.060
1757011756.686913,6538.317,0.060
1757011756.688981,6540.385,0.060
1757011756.691050,6542.453,0.060
1757011756.693122,6544.526,0.060
1757011756.695192,6546.595,0.060
1757011756.697261,6548.665,0.060
1757011756.699329,6550.732,0.060
1757011756.701397,6552.801,0.060
1757011756.703466,6554.870,0.060
1757011756.705534,6556.937,0.060
1757011756.707603,6559.006,0.060
1757011756.709671,6561.075,0.060
1757011756.711740,6563.144,0.060
1757011756.713809,6565.213,0.060
1757011756.715878,6567.281,0.060
1757011756.717946,6569.350,0.060
1757011756.720021,6571.425,0.060
1757011756.722090,6573.493,0.060
1757011756.724158,6575.562,0.060
1757011756.726226,6577.630,0.060
1757011756.728293,6579.697,0.060
1757011756.730362,6581.766,0.060
1757011756.732429,6583.833,0.060
1757011756.734498,6585.901,0.060
1757011756.736563,6587.967,0.060
1757011756.738632,6590.036,0.060
1757011756.740701,6592.104,0.060
1757011756.742770,6594.173,0.060
1757011756.744838,6596.242,0.060
1757011756.746907,6598.310,0.060
1757011756.748976,6600.380,0.060
1757011756.751045,6602.449,0.060
1757011756.753113,6604.516,0.060
1757011756.755181,6606.585,0.060
1757011756.757250,6608.653,0.060
1757011756.759318,6610.722,0.060
1757011756.761388,6612.792,0.060
1757011756.763457,6614.861,0.060
1757011756.765526,6616.929,0.060
1757011756.767596,6618.999,0.060
1757011756.769665,6621.069,0.060
1757011756.771738,6623.142,0.060
1757011756.773807,6625.211,0.060
1757011756.775878,6627.282,0.060
1757011756.777951,6629.354,0.060
1757011756.780024,6631.428,0.060
1757011756.782094,6633.497,0.060
1757011756.784163,6635.566,0.060
1757011756.786231,6637.634,0.060
1757011756.788298,6639.701,0.060
1757011756.790366,6641.770,0.060
1757011756.792434,6643.838,0.060
1757011756.794503,6645.906,0.060
1757011756.796574,6647.977,0.060
1757011756.798643,6650.046,0.060
1757011756.800710,6652.114,0.060
1757011756.802778,6654.181,0.060
1757011756.804846,6656.249,0.060
1757011756.806914,6658.317,0.060
1757011756.808982,6660.386,0.060
1757011756.811050,6662.454,0.060
1757011756.813118,6664.522,0.060
1757011756.815187,6666.591,0.060
1757011756.817256,6668.660,0.060
1757011756.819325,6670.729,0.060
1757011756.821395,6672.798,0.060
1757011756.823464,6674.868,0.060
1757011756.825533,6676.936,0.060
1757011756.827602,6679.006,0.060
1757011756.829671,6681.074,0.060
1757011756.831740,6683.144,0.060
1757011756.833809,6685.212,0.060
1757011756.835878,6687.281,0.060
1757011756.837946,6689.349,0.060
1757011756.840022,6691.426,0.060
1757011756.842091,6693.494,0.060
1757011756.844158,6695.562,0.060
1757011756.846228,6697.631,0.060
1757011756.848294,6699.698,0.060
1757011756.850366,6701.769,0.060
1757011756.852434,6703.838,0.060
1757011756.854503,6705.907,0.060
1757011756.856570,6707.974,0.060
1757011756.858639,6710.042,0.060
1757011756.860709,6712.112,0.060
1757011756.862777,6714.180,0.060
1757011756.864844,6716.248,0.060
1757011756.866913,6718.316,0.060
1757011756.868983,6720.386,0.060
1757011756.871052,6722.456,0.060
1757011756.873120,6724.523,0.060
1757011756.875188,6726.592,0.060
1757011756.877257,6728.660,0.060
1757011756.879325,6730.729,0.060
1757011756.881399,6732.803,0.060
1757011756.883468,6734.872,0.060
1757011756.885538,6736.942,0.060
1757011756.887608,6739.012,0.060
1757011756.889678,6741.081,0.060
1757011756.891747,6743.150,0.060
1757011756.893816,6745.219,0.060
1757011756.895885,6747.289,0.060
1757011756.897953,6749.357,0.060
1757011756.900026,6751.429,0.060
1757011756.902095,6753.499,0.060
1757011756.904163,6755.567,0.060
1757011756.906232,6757.635,0.060
1757011756.908299,6759.703,0.060
1757011756.910368,6761.772,0.060
1757011756.912436,6763.840,0.060
1757011756.914505,6765.908,0.060
1757011756.916572,6767.975,0.060
1757011756.918640,6770.044,0.060
1757011756.920708,6772.112,0.060
1757011756.922777,6774.181,0.060
1757011756.924844,6776.248,0.060
1757011756.926913,6778.317,0.060
1757011756.928982,6780.386,0.060
1757011756.931051,6782.454,0.060
1757011756.933119,6784.523,0.060
1757011756.935189,6786.592,0.060
1757011756.937258,6788.662,0.060
1757011756.939327,6790.730,0.060
1757011756.941395,6792.799,0.060
1757011756.943464,6794.868,0.060
1757011756.945533,6796.936,0.060
1757011756.947601,6799.005,0.060
1757011756.949670,6801.074,0.060
1757011756.951739,6803.142,0.060
1757011756.953808,6805.212,0.060
1757011756.955877,6807.280,0.060
1757011756.957946,6809.349,0.060
1757011756.960024,6811.428,0.060
1757011756.962093,6813.496,0.060
1757011756.964161,6815.565,0.060
1757011756.966230,6817.634,0.060
1757011756.968297,6819.700,0.060
1757011756.970365,6821.769,0.060
1757011756.972432,6823.836,0.060
1757011756.974502,6825.905,0.060
1757011756.976568,6827.972,0.060
1757011756.978638,6830.041,0.060
1757011756.980709,6832.113,0.060
1757011756.982778,6834.182,0.060
1757011756.984847,6836.251,0.060
1757011756.986916,6838.319,0.060
1757011756.988985,6840.388,0.060
1757011756.991054,6842.457,0.060
1757011756.993122,6844.526,0.060
1757011756.995192,6846.596,0.060
1757011756.997260,6848.664,0.060
1757011756.999329,6850.732,0.060
1757011757.001398,6852.802,0.060
1757011757.003467,6854.871,0.060
1757011757.005537,6856.940,0.060
1757011757.007605,6859.009,0.060
1757011757.009674,6861.077,0.060
1757011757.011742,6863.146,0.060
1757011757.013811,6865.215,0.060
1757011757.015880,6867.283,0.060
1757011757.017949,6869.352,0.060
1757011757.020028,6871.432,0.060
1757011757.022097,6873.501,0.060
1757011757.024166,6875.569,0.060
1757011757.026234,6877.637,0.060
1757011757.028301,6879.704,0.060
1757011757.030371,6881.774,0.060
1757011757.032437,6883.840,0.060
1757011757.034505,6885.909,0.060
1757011757.036573,6887.976,0.060
1757011757.038642,6890.045,0.060
1757011757.040711,6892.114,0.060
1757011757.042779,6894.183,0.060
1757011757.044848,6896.252,0.060
1757011757.046917,6898.321,0.060
1757011757.048987,6900.391,0.060
1757011757.051057,6902.460,0.060
1757011757.053123,6904.527,0.060
1757011757.055192,6906.596,0.060
1757011757.057260,6908.663,0.060
1757011757.059329,6910.733,0.060
1757011757.061398,6912.802,0.060
1757011757.063468,6914.871,0.060
1757011757.065541,6916.944,0.060
1757011757.067609,6919.013,0.060
1757011757.069678,6921.082,0.060
1757011757.071747,6923.150,0.060
1757011757.073815,6925.219,0.060
1757011757.075884,6927.288,0.060
1757011757.077953,6929.356,0.060
1757011757.080029,6931.433,0.060
1757011757.082099,6933.502,0.060
1757011757.084169,6935.572,0.060
1757011757.086237,6937.641,0.060
1757011757.088304,6939.707,0.060
1757011757.090373,6941.776,0.060
1757011757.092443,6943.846,0.060
1757011757.094511,6945.914,0.060
1757011757.096578,6947.982,0.060
1757011757.098646,6950.050,0.060
1757011757.100715,6952.118,0.060
1757011757.102784,6954.187,0.060
1757011757.104851,6956.255,0.060
1757011757.106920,6958.323,0.060
1757011757.108988,6960.391,0.060
1757011757.111057,6962.460,0.060
1757011757.113124,6964.528,0.060
1757011757.115193,6966.596,0.060
1757011757.117264,6968.667,0.060
1757011757.119332,6970.735,0.060
1757011757.121400,6972.804,0.060
1757011757.123469,6974.873,0.060
1757011757.125539,6976.943,0.060
1757011757.127608,6979.012,0.060
1757011757.129677,6981.081,0.060
1757011757.131746,6983.150,0.060
1757011757.133815,6985.218,0.060
1757011757.135884,6987.287,0.060
1757011757.137954,6989.357,0.060
1757011757.140029,6991.433,0.060
1757011757.142098,6993.502,0.060
1757011757.144168,6995.571,0.060
1757011757.146236,6997.639,0.060
1757011757.148303,6999.706,0.060
1757011757.150371,7001.775,0.060
1757011757.152439,7003.843,0.060
1757011757.154508,7005.912,0.060
1757011757.156579,7007.982,0.060
1757011757.158648,7010.051,0.060
1757011757.160717,7012.121,0.060
1757011757.162786,7014.189,0.060
1757011757.164856,7016.259,0.060
1757011757.166924,7018.327,0.060
1757011757.168992,7020.396,0.060
1757011757.171061,7022.464,0.060
1757011757.173130,7024.533,0.060
1757011757.175198,7026.601,0.060
1757011757.177265,7028.668,0.060
1757011757.179334,7030.737,0.060
1757011757.181404,7032.807,0.060
1757011757.183472,7034.875,0.060
1757011757.185540,7036.944,0.060
1757011757.187609,7039.013,0.060
1757011757.189679,7041.083,0.060
1757011757.191749,7043.152,0.060
1757011757.193817,7045.220,0.060
1757011757.195886,7047.289,0.060
1757011757.197954,7049.358,0.060
1757011757.200029,7051.432,0.060
1757011757.202098,7053.501,0.060
1757011757.204167,7055.570,0.060
1757011757.206235,7057.639,0.060
1757011757.208303,7059.706,0.060
1757011757.210372,7061.775,0.060
1757011757.212440,7063.843,0.060
1757011757.214508,7065.912,0.060
1757011757.216581,7067.984,0.060
1757011757.218654,7070.058,0.060
1757011757.220725,7072.128,0.060
1757011757.222794,7074.198,0.060
1757011757.224863,7076.266,0.060
1757011757.226933,7078.336,0.060
1757011757.229002,7080.405,0.060
1757011757.231071,7082.475,0.060
1757011757.233140,7084.543,0.060
1757011757.235210,7086.613,0.060
1757011757.237279,7088.682,0.060
1757011757.239348,7090.751,0.060
1757011757.241419,7092.822,0.060
1757011757.243488,7094.892,0.060
1757011757.245557,7096.961,0.060
1757011757.247626,7099.030,0.060
1757011757.249694,7101.098,0.060
1757011757.251763,7103.167,0.060
1757011757.253831,7105.235,0.060
1757011757.255901,7107.304,0.060
1757011757.257969,7109.373,0.060
1757011757.260027,7111.430,0.060
1757011757.262097,7113.500,0.060
1757011757.264165,7115.569,0.060
1757011757.266235,7117.638,0.060
1757011757.268721,7120.125,0.060
1757011757.270799,7122.202,0.060
1757011757.272871,7124.275,0.060
1757011757.274943,7126.346,0.060
1757011757.277014,7128.418,0.060
1757011757.279087,7130.490,0.060
1757011757.281156,7132.559,0.060
1757011757.283225,7134.629,0.060
1757011757.285295,7136.698,0.060
1757011757.287364,7138.767,0.060
1757011757.289437,7140.841,0.060
1757011757.291507,7142.911,0.060
1757011757.293577,7144.980,0.060
1757011757.295646,7147.050,0.060
1757011757.297716,7149.120,0.060
1757011757.299785,7151.189,0.060
1757011757.301854,7153.258,0.060
1757011757.303923,7155.327,0.060
1757011757.305992,7157.396,0.060
1757011757.308022,7159.426,0.060
1757011757.310092,7161.496,0.060
1757011757.312161,7163.565,0.060
1757011757.314230,7165.634,0.060
1757011757.316302,7167.706,0.060
1757011757.318372,7169.775,0.060
1757011757.320473,7171.876,0.060
1757011757.322542,7173.946,0.060
1757011757.324610,7176.013,0.060
1757011757.326678,7178.082,0.060
1757011757.328747,7180.150,0.060
1757011757.330817,7182.221,0.060
1757011757.332886,7184.289,0.060
1757011757.334956,7186.359,0.060
1757011757.337024,7188.428,0.060
1757011757.339093,7190.496,0.060
1757011757.341161,7192.565,0.060
1757011757.343230,7194.634,0.060
1757011757.345299,7196.702,0.060
1757011757.347368,7198.771,0.060
1757011757.349437,7200.841,0.060
1757011757.351507,7202.910,0.060
1757011757.353576,7204.980,0.060
1757011757.355645,7207.049,0.060
1757011757.357714,7209.117,0.060
1757011757.359783,7211.187,0.060
1757011757.361853,7213.256,0.060
1757011757.363922,7215.326,0.060
1757011757.365991,7217.395,0.060
1757011757.368028,7219.432,0.060
1757011757.370097,7221.501,0.060
1757011757.372166,7223.570,0.060
1757011757.374235,7225.638,0.060
1757011757.376301,7227.705,0.060
1757011757.378371,7229.774,0.060
1757011757.380440,7231.844,0.060
1757011757.382509,7233.913,0.060
1757011757.384577,7235.981,0.060
1757011757.386647,7238.050,0.060
1757011757.388715,7240.118,0.060
1757011757.390784,7242.187,0.060
1757011757.392850,7244.254,0.060
1757011757.394919,7246.322,0.060
1757011757.396989,7248.392,0.060
1757011757.399058,7250.461,0.060
1757011757.401125,7252.529,0.060
1757011757.403195,7254.598,0.060
1757011757.405263,7256.667,0.060
1757011757.407333,7258.736,0.060
1757011757.409403,7260.807,0.060
1757011757.411473,7262.876,0.060
1757011757.413543,7264.946,0.060
1757011757.415612,7267.016,0.060
1757011757.417681,7269.084,0.060
1757011757.419750,7271.153,0.060
1757011757.421819,7273.222,0.060
1757011757.423888,7275.292,0.060
1757011757.425958,7277.361,0.060
1757011757.428028,7279.432,0.060
1757011757.430098,7281.501,0.060
1757011757.432168,7283.571,0.060
1757011757.434237,7285.640,0.060
1757011757.436303,7287.707,0.060
1757011757.438373,7289.776,0.060
1757011757.440442,7291.846,0.060
1757011757.442512,7293.915,0.060
1757011757.444580,7295.983,0.060
1757011757.446649,7298.053,0.060
1757011757.448718,7300.122,0.060
1757011757.450787,7302.191,0.060
1757011757.452856,7304.259,0.060
1757011757.454925,7306.328,0.060
1757011757.456994,7308.397,0.060
1757011757.459063,7310.466,0.060
1757011757.461132,7312.536,0.060
1757011757.463201,7314.604,0.060
1757011757.465288,7316.691,0.060
1757011757.467359,7318.762,0.060
1757011757.469427,7320.831,0.060
1757011757.471496,7322.900,0.060
1757011757.473564,7324.968,0.060
1757011757.475633,7327.036,0.060
1757011757.477703,7329.106,0.060
1757011757.479772,7331.175,0.060
1757011757.481841,7333.244,0.060
1757011757.483910,7335.314,0.060
1757011757.485979,7337.383,0.060
1757011757.488022,7339.426,0.060
1757011757.490092,7341.495,0.060
1757011757.492161,7343.564,0.060
1757011757.494230,7345.633,0.060
1757011757.496299,7347.703,0.060
1757011757.498368,7349.771,0.060
1757011757.500437,7351.841,0.060
1757011757.502506,7353.910,0.060
1757011757.504574,7355.978,0.060
1757011757.506644,7358.047,0.060
1757011757.508714,7360.117,0.060
1757011757.510782,7362.186,0.060
1757011757.512850,7364.254,0.060
1757011757.514919,7366.323,0.060
1757011757.516988,7368.392,0.060
1757011757.519058,7370.461,0.060
1757011757.521126,7372.529,0.060
1757011757.523195,7374.599,0.060
1757011757.525266,7376.669,0.060
1757011757.527336,7378.739,0.060
1757011757.529407,7380.810,0.060
1757011757.531477,7382.881,0.060
1757011757.533546,7384.950,0.060
1757011757.535617,7387.020,0.060
1757011757.537687,7389.091,0.060
1757011757.539756,7391.160,0.060
1757011757.541825,7393.228,0.060
1757011757.543894,7395.297,0.060
1757011757.545963,7397.367,0.060
1757011757.548019,7399.422,0.060
1757011757.550088,7401.491,0.060
1757011757.552156,7403.560,0.060
1757011757.554225,7405.629,0.060
1757011757.556293,7407.696,0.060
1757011757.558362,7409.765,0.060
1757011757.560431,7411.834,0.060
1757011757.562500,7413.903,0.060
1757011757.564567,7415.970,0.060
1757011757.566636,7418.039,0.060
1757011757.568705,7420.109,0.060
1757011757.570775,7422.179,0.060
1757011757.572843,7424.247,0.060
1757011757.574912,7426.315,0.060
1757011757.576984,7428.388,0.060
1757011757.579054,7430.458,0.060
1757011757.581123,7432.527,0.060
1757011757.583191,7434.595,0.060
1757011757.585258,7436.662,0.060
1757011757.587326,7438.730,0.060
1757011757.589395,7440.798,0.060
1757011757.591461,7442.864,0.060
1757011757.593528,7444.931,0.060
1757011757.595594,7446.998,0.060
1757011757.597662,7449.065,0.060
1757011757.599730,7451.134,0.060
1757011757.601797,7453.201,0.060
1757011757.603865,7455.269,0.060
1757011757.605933,7457.337,0.060
1757011757.608012,7459.415,0.060
1757011757.610080,7461.483,0.060
1757011757.612146,7463.549,0.060
1757011757.614215,7465.618,0.060
1757011757.616282,7467.686,0.060
1757011757.618351,7469.754,0.060
1757011757.620416,7471.820,0.060
1757011757.622485,7473.889,0.060
1757011757.624552,7475.956,0.060
1757011757.626622,7478.026,0.060
1757011757.628690,7480.093,0.060
1757011757.630759,7482.163,0.060
1757011757.632828,7484.232,0.060
1757011757.634900,7486.304,0.060
1757011757.636967,7488.371,0.060
1757011757.639037,7490.441,0.060
1757011757.641106,7492.510,0.060
1757011757.643175,7494.579,0.060
1757011757.645241,7496.645,0.060
1757011757.647310,7498.714,0.060
1757011757.649379,7500.782,0.060
1757011757.651448,7502.852,0.060
1757011757.653519,7504.922,0.060
1757011757.655588,7506.992,0.060
1757011757.657660,7509.063,0.060
1757011757.659729,7511.132,0.060
1757011757.661798,7513.201,0.060
1757011757.663867,7515.271,0.060
1757011757.665936,7517.340,0.060
1757011757.668020,7519.423,0.060
1757011757.670088,7521.492,0.060
1757011757.672155,7523.559,0.060
1757011757.674224,7525.627,0.060
1757011757.676293,7527.696,0.060
1757011757.678361,7529.765,0.060
1757011757.680429,7531.832,0.060
1757011757.682515,7533.918,0.060
1757011757.684592,7535.995,0.060
1757011757.686663,7538.067,0.060
1757011757.688731,7540.135,0.060
1757011757.690801,7542.204,0.060
1757011757.692870,7544.273,0.060
1757011757.694939,7546.342,0.060
1757011757.697006,7548.409,0.060
1757011757.699074,7550.477,0.060
1757011757.701143,7552.547,0.060
1757011757.703212,7554.616,0.060
1757011757.705281,7556.685,0.060
1757011757.707350,7558.754,0.060
1757011757.709425,7560.829,0.060
1757011757.711494,7562.898,0.060
1757011757.713563,7564.967,0.060
1757011757.715632,7567.035,0.060
1757011757.717700,7569.103,0.060
1757011757.719769,7571.173,0.060
1757011757.721838,7573.241,0.060
1757011757.723907,7575.310,0.060
1757011757.725975,7577.379,0.060
1757011757.728022,7579.425,0.060
1757011757.730090,7581.493,0.060
1757011757.732158,7583.562,0.060
1757011757.734226,7585.630,0.060
1757011757.736293,7587.696,0.060
1757011757.738361,7589.765,0.060
1757011757.740430,7591.834,0.060
1757011757.742499,7593.903,0.060
1757011757.744566,7595.969,0.060
1757011757.746634,7598.038,0.060
1757011757.748701,7600.104,0.060
1757011757.750770,7602.173,0.060
1757011757.752839,7604.242,0.060
1757011757.754909,7606.312,0.060
1757011757.756975,7608.379,0.060
1757011757.759045,7610.448,0.060
1757011757.761112,7612.516,0.060
1757011757.763182,7614.585,0.060
1757011757.765250,7616.654,0.060
1757011757.767320,7618.724,0.060
1757011757.769388,7620.792,0.060
1757011757.771457,7622.860,0.060
1757011757.773528,7624.931,0.060
1757011757.775597,7627.001,0.060
1757011757.777665,7629.069,0.060
1757011757.779735,7631.138,0.060
1757011757.781803,7633.207,0.060
1757011757.783873,7635.277,0.060
1757011757.785941,7637.345,0.060
1757011757.788020,7639.424,0.060
1757011757.790089,7641.493,0.060
1757011757.792157,7643.561,0.060
1757011757.794226,7645.629,0.060
1757011757.796294,7647.697,0.060
1757011757.798362,7649.766,0.060
1757011757.800428,7651.831,0.060
1757011757.802497,7653.900,0.060
1757011757.804567,7655.970,0.060
1757011757.806635,7658.038,0.060
1757011757.808703,7660.107,0.060
1757011757.810772,7662.175,0.060
1757011757.812840,7664.244,0.060
1757011757.814909,7666.313,0.060
1757011757.816978,7668.381,0.060
1757011757.819046,7670.450,0.060
1757011757.821114,7672.517,0.060
1757011757.823182,7674.585,0.060
1757011757.825250,7676.653,0.060
1757011757.827318,7678.722,0.060
1757011757.829387,7680.790,0.060
1757011757.831455,7682.859,0.060
1757011757.833526,7684.930,0.060
1757011757.835596,7686.999,0.060
1757011757.837665,7689.068,0.060
1757011757.839733,7691.137,0.060
1757011757.841801,7693.205,0.060
1757011757.843871,7695.274,0.060
1757011757.845939,7697.343,0.060
1757011757.848018,7699.422,0.060
1757011757.850087,7701.491,0.060
1757011757.852153,7703.557,0.060
1757011757.854222,7705.626,0.060
1757011757.856289,7707.692,0.060
1757011757.858358,7709.761,0.060
1757011757.860424,7711.828,0.060
1757011757.862493,7713.896,0.060
1757011757.864562,7715.966,0.060
1757011757.866631,7718.035,0.060
1757011757.868698,7720.101,0.060
1757011757.870766,7722.169,0.060
1757011757.872835,7724.239,0.060
1757011757.874905,7726.308,0.060
1757011757.876972,7728.376,0.060
1757011757.879041,7730.445,0.060
1757011757.881110,7732.513,0.060
1757011757.883178,7734.582,0.060
1757011757.885246,7736.650,0.060
1757011757.887315,7738.718,0.060
1757011757.889384,7740.788,0.060
1757011757.891454,7742.857,0.060
1757011757.893523,7744.926,0.060
1757011757.895592,7746.996,0.060
1757011757.897662,7749.065,0.060
1757011757.899730,7751.134,0.060
1757011757.901800,7753.203,0.060
1757011757.903869,7755.273,0.060
1757011757.905938,7757.342,0.060
1757011757.908024,7759.428,0.060
1757011757.910094,7761.497,0.060
1757011757.912159,7763.563,0.060
1757011757.914228,7765.632,0.060
1757011757.916297,7767.701,0.060
1757011757.918365,7769.769,0.060
1757011757.920434,7771.837,0.060
1757011757.922504,7773.908,0.060
1757011757.924572,7775.975,0.060
1757011757.926641,7778.044,0.060
1757011757.928713,7780.116,0.060
1757011757.930782,7782.185,0.060
1757011757.932851,7784.254,0.060
1757011757.934921,7786.324,0.060
1757011757.936990,7788.393,0.060
1757011757.939060,7790.464,0.060
1757011757.941128,7792.532,0.060
1757011757.943197,7794.600,0.060
1757011757.945266,7796.669,0.060
1757011757.947335,7798.739,0.060
1757011757.949409,7800.812,0.060
1757011757.951478,7802.882,0.060
1757011757.953547,7804.950,0.060
1757011757.955616,7807.019,0.060
1757011757.957684,7809.088,0.060
1757011757.959753,7811.156,0.060
1757011757.961829,7813.232,0.060
1757011757.963900,7815.303,0.060
1757011757.965970,7817.373,0.060
1757011757.968021,7819.425,0.060
1757011757.970092,7821.495,0.060
1757011757.972158,7823.561,0.060
1757011757.974228,7825.631,0.060
1757011757.976295,7827.698,0.060
1757011757.978363,7829.767,0.060
1757011757.980432,7831.835,0.060
1757011757.982501,7833.904,0.060
1757011757.984568,7835.972,0.060
1757011757.986637,7838.040,0.060
1757011757.988705,7840.108,0.060
1757011757.990773,7842.177,0.060
1757011757.992841,7844.245,0.060
1757011757.994910,7846.313,0.060
1757011757.996977,7848.381,0.060
1757011757.999047,7850.451,0.060
1757011758.001117,7852.521,0.060
1757011758.003186,7854.590,0.060
1757011758.005256,7856.659,0.060
1757011758.007325,7858.728,0.060
1757011758.009402,7860.805,0.060
1757011758.011472,7862.875,0.060
1757011758.013541,7864.944,0.060
1757011758.015609,7867.013,0.060
1757011758.017678,7869.081,0.060
1757011758.019747,7871.150,0.060
1757011758.021815,7873.218,0.060
1757011758.023891,7875.294,0.060
1757011758.025960,7877.363,0.060
1757011758.028026,7879.430,0.060
1757011758.030095,7881.499,0.060
1757011758.032161,7883.565,0.060
1757011758.034230,7885.634,0.060
1757011758.036297,7887.700,0.060
1757011758.038366,7889.769,0.060
1757011758.040435,7891.839,0.060
1757011758.042504,7893.908,0.060
1757011758.044574,7895.977,0.060
1757011758.046643,7898.046,0.060
1757011758.048713,7900.116,0.060
1757011758.050782,7902.185,0.060
1757011758.052849,7904.253,0.060
1757011758.054918,7906.321,0.060
1757011758.056986,7908.389,0.060
1757011758.059054,7910.458,0.060
1757011758.061121,7912.525,0.060
1757011758.063191,7914.594,0.060
1757011758.065262,7916.665,0.060
1757011758.067332,7918.736,0.060
1757011758.069401,7920.804,0.060
1757011758.071469,7922.873,0.060
1757011758.073538,7924.941,0.060
1757011758.075606,7927.010,0.060
1757011758.077675,7929.078,0.060
1757011758.079743,7931.147,0.060
1757011758.081811,7933.215,0.060
1757011758.083879,7935.283,0.060
1757011758.085948,7937.351,0.060
1757011758.088026,7939.429,0.060
1757011758.090094,7941.498,0.060
1757011758.092163,7943.566,0.060
1757011758.094231,7945.635,0.060
1757011758.096298,7947.701,0.060
1757011758.098367,7949.770,0.060
1757011758.100436,7951.840,0.060
1757011758.102505,7953.908,0.060
1757011758.104572,7955.975,0.060
1757011758.106640,7958.044,0.060
1757011758.108709,7960.113,0.060
1757011758.110777,7962.181,0.060
1757011758.112844,7964.247,0.060
1757011758.114913,7966.317,0.060
1757011758.116986,7968.390,0.060
1757011758.119056,7970.459,0.060
1757011758.121124,7972.528,0.060
1757011758.123194,7974.597,0.060
1757011758.125263,7976.666,0.060
1757011758.127331,7978.735,0.060
1757011758.129401,7980.805,0.060
1757011758.131473,7982.876,0.060
1757011758.133542,7984.946,0.060
1757011758.135612,7987.015,0.060
1757011758.137680,7989.083,0.060
1757011758.139748,7991.152,0.060
1757011758.141817,7993.221,0.060
1757011758.143887,7995.290,0.060
1757011758.145955,7997.359,0.060
1757011758.148025,7999.428,0.060
1757011758.150093,8001.497,0.060
1757011758.152162,8003.565,0.060
1757011758.154230,8005.634,0.060
1757011758.156298,8007.701,0.060
1757011758.158366,8009.770,0.060
1757011758.160435,8011.838,0.060
1757011758.162503,8013.907,0.060
1757011758.164571,8015.974,0.060
1757011758.166641,8018.044,0.060
1757011758.168709,8020.113,0.060
1757011758.170778,8022.181,0.060
1757011758.172849,8024.252,0.060
1757011758.174918,8026.321,0.060
1757011758.176987,8028.391,0.060
1757011758.179055,8030.459,0.060
1757011758.181123,8032.527,0.060
1757011758.183194,8034.598,0.060
1757011758.185262,8036.666,0.060
1757011758.187330,8038.734,0.060
1757011758.189398,8040.802,0.060
1757011758.191467,8042.871,0.060
1757011758.193535,8044.939,0.060
1757011758.195605,8047.008,0.060
1757011758.197674,8049.077,0.060
1757011758.199744,8051.147,0.060
1757011758.201813,8053.216,0.060
1757011758.203883,8055.287,0.060
1757011758.205952,8057.355,0.060
1757011758.208022,8059.426,0.060
1757011758.210091,8061.494,0.060
1757011758.212159,8063.562,0.060
1757011758.214227,8065.631,0.060
1757011758.216295,8067.698,0.060
1757011758.218364,8069.768,0.060
1757011758.220433,8071.836,0.060
1757011758.222502,8073.905,0.060
1757011758.224569,8075.972,0.060
1757011758.226637,8078.041,0.060
1757011758.228705,8080.108,0.060
1757011758.230774,8082.177,0.060
1757011758.232842,8084.245,0.060
1757011758.234912,8086.315,0.060
1757011758.236980,8088.384,0.060
1757011758.239049,8090.453,0.060
1757011758.241117,8092.521,0.060
1757011758.243187,8094.590,0.060
1757011758.245256,8096.660,0.060
1757011758.247325,8098.728,0.060
1757011758.249394,8100.797,0.060
1757011758.251463,8102.866,0.060
1757011758.253531,8104.935,0.060
1757011758.255601,8107.005,0.060
1757011758.257671,8109.074,0.060
1757011758.259740,8111.143,0.060
1757011758.261812,8113.215,0.060
1757011758.263881,8115.284,0.060
1757011758.265951,8117.354,0.060
1757011758.268023,8119.426,0.060
1757011758.270092,8121.495,0.060
1757011758.272158,8123.562,0.060
1757011758.274227,8125.631,0.060
1757011758.276295,8127.698,0.060
1757011758.278363,8129.767,0.060
1757011758.280430,8131.834,0.060
1757011758.282499,8133.903,0.060
1757011758.284568,8135.971,0.060
1757011758.286636,8138.040,0.060
1757011758.288703,8140.106,0.060
1757011758.290772,8142.175,0.060
1757011758.292841,8144.245,0.060
1757011758.294910,8146.313,0.060
1757011758.296978,8148.382,0.060
1757011758.299047,8150.451,0.060
1757011758.301115,8152.519,0.060
1757011758.303184,8154.588,0.060
1757011758.305252,8156.655,0.060
1757011758.307321,8158.724,0.060
1757011758.309390,8160.793,0.060
1757011758.311459,8162.863,0.060
1757011758.313528,8164.931,0.060
1757011758.315597,8167.000,0.060
1757011758.317667,8169.070,0.060
1757011758.319735,8171.139,0.060
1757011758.321804,8173.207,0.060
1757011758.323874,8175.277,0.060
1757011758.325942,8177.346,0.060
1757011758.328027,8179.431,0.060
1757011758.330097,8181.500,0.060
1757011758.332167,8183.570,0.060
1757011758.334236,8185.640,0.060
1757011758.336303,8187.706,0.060
1757011758.338371,8189.775,0.060
1757011758.340440,8191.844,0.060
1757011758.342509,8193.912,0.060
1757011758.344576,8195.979,0.060
1757011758.346644,8198.048,0.060
1757011758.348713,8200.116,0.060
1757011758.350782,8202.185,0.060
1757011758.352851,8204.254,0.060
1757011758.354920,8206.324,0.060
1757011758.356989,8208.392,0.060
1757011758.359058,8210.461,0.060
1757011758.361125,8212.528,0.060
1757011758.363194,8214.598,0.060
1757011758.365263,8216.667,0.060
1757011758.367332,8218.735,0.060
1757011758.369401,8220.805,0.060
1757011758.371471,8222.874,0.060
1757011758.373540,8224.944,0.060
1757011758.375609,8227.013,0.060
1757011758.377678,8229.082,0.060
1757011758.379747,8231.151,0.060
1757011758.381817,8233.220,0.060
1757011758.383887,8235.290,0.060
1757011758.385956,8237.359,0.060
1757011758.388022,8239.426,0.060
1757011758.390091,8241.495,0.060
1757011758.392160,8243.564,0.060
1757011758.394229,8245.632,0.060
1757011758.396296,8247.699,0.060
1757011758.398365,8249.769,0.060
1757011758.400433,8251.837,0.060
1757011758.402502,8253.906,0.060
1757011758.404571,8255.974,0.060
1757011758.406640,8258.043,0.060
1757011758.408709,8260.112,0.060
1757011758.410778,8262.181,0.060
1757011758.412844,8264.247,0.060
1757011758.414913,8266.317,0.060
1757011758.416981,8268.384,0.060
1757011758.419050,8270.453,0.060
1757011758.421117,8272.520,0.060
1757011758.423190,8274.593,0.060
1757011758.425259,8276.662,0.060
1757011758.427328,8278.731,0.060
1757011758.429400,8280.803,0.060
1757011758.431467,8282.871,0.060
1757011758.433548,8284.952,0.060
1757011758.435630,8287.034,0.060
1757011758.437710,8289.113,0.060
1757011758.439808,8291.211,0.060
1757011758.441900,8293.303,0.060
1757011758.443983,8295.387,0.060
1757011758.446055,8297.459,0.060
1757011758.448123,8299.527,0.060
1757011758.450202,8301.606,0.060
1757011758.452279,8303.682,0.060
1757011758.454394,8305.797,0.060
1757011758.456469,8307.873,0.060
1757011758.458612,8310.016,0.060
1757011758.460680,8312.083,0.060
1757011758.462744,8314.147,0.080
1757011758.464805,8316.209,0.080
1757011758.466867,8318.271,0.080
1757011758.468930,8320.334,0.080
1757011758.470994,8322.398,0.080
1757011758.473058,8324.461,0.080
1757011758.475123,8326.527,0.080
1757011758.477188,8328.592,0.080
1757011758.479255,8330.658,0.080
1757011758.481322,8332.725,0.080
1757011758.483389,8334.793,0.080
1757011758.485460,8336.863,0.080
1757011758.487527,8338.931,0.080
1757011758.489596,8340.999,0.080
1757011758.491664,8343.068,0.080
1757011758.493732,8345.136,0.080
1757011758.495800,8347.203,0.080
1757011758.497867,8349.270,0.080
1757011758.499935,8351.338,0.080
1757011758.502004,8353.407,0.080
1757011758.504070,8355.473,0.080
1757011758.506140,8357.543,0.080
1757011758.508208,8359.611,0.080
1757011758.510276,8361.680,0.080
1757011758.512343,8363.746,0.080
1757011758.514410,8365.814,0.080
1757011758.516479,8367.882,0.080
1757011758.518548,8369.951,0.080
1757011758.520615,8372.019,0.080
1757011758.522685,8374.088,0.080
1757011758.524753,8376.157,0.080
1757011758.526822,8378.225,0.080
1757011758.528888,8380.291,0.080
1757011758.530956,8382.360,0.080
1757011758.533026,8384.430,0.080
1757011758.535095,8386.499,0.080
1757011758.537167,8388.570,0.080
1757011758.539235,8390.638,0.080
1757011758.541303,8392.707,0.080
1757011758.543372,8394.776,0.080
1757011758.545442,8396.846,0.080
1757011758.547511,8398.914,0.080
1757011758.549579,8400.982,0.080
1757011758.551648,8403.051,0.080
1757011758.553718,8405.122,0.080
1757011758.555787,8407.191,0.080
1757011758.557855,8409.259,0.080
1757011758.559923,8411.327,0.080
1757011758.561992,8413.395,0.080
1757011758.564022,8415.426,0.080
1757011758.566091,8417.495,0.080
1757011758.568161,8419.564,0.080
1757011758.570223,8421.626,0.080
1757011758.572283,8423.687,0.080
1757011758.574344,8425.748,0.080
1757011758.576406,8427.810,0.080
1757011758.578468,8429.871,0.080
1757011758.580528,8431.931,0.080
1757011758.582597,8434.001,0.080
1757011758.584665,8436.068,0.080
1757011758.586732,8438.136,0.080
1757011758.588800,8440.203,0.080
1757011758.590868,8442.272,0.080
1757011758.592936,8444.340,0.080
1757011758.595004,8446.408,0.080
1757011758.597073,8448.476,0.080
1757011758.599141,8450.545,0.080
1757011758.601209,8452.612,0.080
1757011758.603277,8454.681,0.080
1757011758.605344,8456.748,0.080
1757011758.607414,8458.817,0.080
1757011758.609482,8460.886,0.080
1757011758.611550,8462.954,0.080
1757011758.613619,8465.022,0.080
1757011758.615688,8467.091,0.080
1757011758.617755,8469.159,0.080
1757011758.619824,8471.228,0.080
1757011758.621892,8473.296,0.080
1757011758.623962,8475.365,0.080
1757011758.626030,8477.434,0.080
1757011758.628098,8479.502,0.080
1757011758.630169,8481.572,0.080
1757011758.632236,8483.640,0.080
1757011758.634305,8485.708,0.080
1757011758.636371,8487.775,0.080
1757011758.638440,8489.843,0.080
1757011758.640509,8491.912,0.080
1757011758.642578,8493.981,0.080
1757011758.644645,8496.048,0.080
1757011758.646714,8498.118,0.080
1757011758.648782,8500.186,0.080
1757011758.650851,8502.254,0.080
1757011758.652918,8504.322,0.080
1757011758.654987,8506.391,0.080
1757011758.657056,8508.460,0.080
1757011758.659124,8510.528,0.080
1757011758.661193,8512.596,0.080
1757011758.663261,8514.665,0.080
1757011758.665330,8516.733,0.080
1757011758.667398,8518.802,0.080
1757011758.669467,8520.870,0.080
1757011758.671535,8522.938,0.080
1757011758.673603,8525.006,0.080
1757011758.675672,8527.075,0.080
1757011758.677741,8529.144,0.080
1757011758.679810,8531.213,0.080
1757011758.681878,8533.281,0.080
1757011758.683947,8535.350,0.080
1757011758.686015,8537.418,0.080
1757011758.688082,8539.485,0.080
1757011758.690150,8541.554,0.080
1757011758.692218,8543.622,0.080
1757011758.694286,8545.690,0.080
1757011758.696354,8547.758,0.080
1757011758.698423,8549.827,0.080
1757011758.700490,8551.894,0.080
1757011758.702558,8553.962,0.080
1757011758.704628,8556.031,0.080
1757011758.706695,8558.099,0.080
1757011758.708763,8560.166,0.080
1757011758.710832,8562.235,0.080
1757011758.712900,8564.304,0.080
1757011758.714969,8566.373,0.080
1757011758.717038,8568.441,0.080
1757011758.719106,8570.510,0.080
1757011758.721175,8572.579,0.080
1757011758.723244,8574.648,0.080
1757011758.725313,8576.716,0.080
1757011758.727382,8578.785,0.080
1757011758.729450,8580.853,0.080
1757011758.731518,8582.922,0.080
1757011758.733588,8584.992,0.080
1757011758.735657,8587.060,0.080
1757011758.737726,8589.129,0.080
1757011758.739795,8591.198,0.080
1757011758.741863,8593.267,0.080
1757011758.743933,8595.337,0.080
1757011758.746003,8597.406,0.080
1757011758.748070,8599.473,0.080
1757011758.750138,8601.542,0.080
1757011758.752205,8603.609,0.080
1757011758.754274,8605.678,0.080
1757011758.756341,8607.744,0.080
1757011758.758410,8609.813,0.080
1757011758.760478,8611.881,0.080
1757011758.762547,8613.950,0.080
1757011758.764614,8616.017,0.080
1757011758.766682,8618.085,0.080
1757011758.768751,8620.155,0.080
1757011758.770820,8622.223,0.080
1757011758.772889,8624.292,0.080
1757011758.774959,8626.362,0.080
1757011758.777027,8628.431,0.080
1757011758.779096,8630.500,0.080
1757011758.781165,8632.569,0.080
1757011758.783234,8634.638,0.080
1757011758.785302,8636.706,0.080
1757011758.787371,8638.774,0.080
1757011758.789442,8640.845,0.080
1757011758.791510,8642.914,0.080
1757011758.793580,8644.984,0.080
1757011758.795649,8647.052,0.080
1757011758.797717,8649.121,0.080
1757011758.799786,8651.190,0.080
1757011758.801855,8653.259,0.080
1757011758.803924,8655.327,0.080
1757011758.805993,8657.396,0.080
1757011758.808029,8659.433,0.080
1757011758.810098,8661.502,0.080
1757011758.812165,8663.568,0.080
1757011758.814233,8665.637,0.080
1757011758.816300,8667.703,0.080
1757011758.818368,8669.772,0.080
1757011758.820437,8671.840,0.080
1757011758.822505,8673.909,0.080
1757011758.824572,8675.975,0.080
1757011758.826641,8678.044,0.080
1757011758.828710,8680.114,0.080
1757011758.830779,8682.182,0.080
1757011758.832848,8684.251,0.080
1757011758.834917,8686.320,0.080
1757011758.836986,8688.390,0.080
1757011758.839054,8690.458,0.080
1757011758.841123,8692.526,0.080
1757011758.843191,8694.595,0.080
1757011758.845260,8696.663,0.080
1757011758.847328,8698.732,0.080
1757011758.849398,8700.802,0.080
1757011758.851467,8702.870,0.080
1757011758.853538,8704.941,0.080
1757011758.855606,8707.010,0.080
1757011758.857675,8709.078,0.080
1757011758.859744,8711.147,0.080
1757011758.861812,8713.215,0.080
1757011758.863881,8715.285,0.080
1757011758.865950,8717.353,0.080
1757011758.868021,8719.424,0.060
1757011758.870089,8721.493,0.060
1757011758.872159,8723.562,0.060
1757011758.874227,8725.630,0.060
1757011758.876295,8727.698,0.060
1757011758.878363,8729.767,0.060
1757011758.880431,8731.834,0.060
1757011758.882500,8733.903,0.060
1757011758.884566,8735.969,0.060
1757011758.886634,8738.037,0.060
1757011758.888703,8740.106,0.060
1757011758.890772,8742.175,0.060
1757011758.892840,8744.243,0.060
1757011758.894908,8746.311,0.060
1757011758.896979,8748.382,0.060
1757011758.899047,8750.451,0.060
1757011758.901115,8752.519,0.060
1757011758.903184,8754.588,0.060
1757011758.905253,8756.656,0.060
1757011758.907322,8758.725,0.060
1757011758.909394,8760.798,0.060
1757011758.911463,8762.867,0.060
1757011758.913531,8764.934,0.060
1757011758.915599,8767.003,0.060
1757011758.917668,8769.071,0.060
1757011758.919736,8771.140,0.060
1757011758.921806,8773.209,0.060
1757011758.923875,8775.279,0.060
1757011758.925943,8777.347,0.060
1757011758.928020,8779.423,0.060
1757011758.930083,8781.486,0.060
1757011758.932140,8783.544,0.060
1757011758.934197,8785.600,0.060
1757011758.936254,8787.657,0.060
1757011758.938311,8789.714,0.060
1757011758.940368,8791.771,0.080
1757011758.942434,8793.838,0.080
1757011758.944501,8795.905,0.080
1757011758.946569,8797.973,0.080
1757011758.948637,8800.040,0.080
1757011758.950706,8802.109,0.080
1757011758.952775,8804.178,0.080
1757011758.954844,8806.247,0.080
1757011758.956913,8808.317,0.080
1757011758.958982,8810.385,0.080
1757011758.961050,8812.453,0.080
1757011758.963119,8814.522,0.080
1757011758.965187,8816.591,0.080
1757011758.967256,8818.659,0.080
1757011758.969326,8820.729,0.080
1757011758.971394,8822.797,0.080
1757011758.973462,8824.865,0.080
1757011758.975530,8826.934,0.080
1757011758.977599,8829.002,0.080
1757011758.979668,8831.072,0.080
1757011758.981737,8833.140,0.080
1757011758.983805,8835.209,0.080
1757011758.985873,8837.277,0.080
1757011758.987941,8839.345,0.080
1757011758.990010,8841.413,0.080
1757011758.992076,8843.480,0.080
1757011758.994146,8845.550,0.080
1757011758.996212,8847.616,0.080
1757011758.998281,8849.684,0.080
1757011759.000348,8851.751,0.080
1757011759.002417,8853.820,0.080
1757011759.004485,8855.889,0.080
1757011759.006553,8857.957,0.080
1757011759.008621,8860.024,0.080
1757011759.010689,8862.093,0.080
1757011759.012757,8864.161,0.080
1757011759.014827,8866.230,0.080
1757011759.016895,8868.298,0.080
1757011759.018964,8870.368,0.080
1757011759.021033,8872.436,0.080
1757011759.023101,8874.505,0.080
1757011759.025168,8876.572,0.080
1757011759.027237,8878.640,0.080
1757011759.029305,8880.708,0.080
1757011759.031373,8882.777,0.080
1757011759.033442,8884.845,0.080
1757011759.035511,8886.914,0.080
1757011759.037579,8888.982,0.080
1757011759.039648,8891.052,0.080
1757011759.041716,8893.119,0.080
1757011759.043784,8895.188,0.080
1757011759.045852,8897.256,0.080
1757011759.047921,8899.324,0.080
1757011759.049990,8901.394,0.080
1757011759.052019,8903.423,0.080
1757011759.054088,8905.492,0.080
1757011759.056156,8907.560,0.080
1757011759.058224,8909.628,0.080
1757011759.060291,8911.694,0.080
1757011759.062359,8913.762,0.080
1757011759.064428,8915.832,0.080
1757011759.066497,8917.900,0.080
1757011759.068564,8919.967,0.080
1757011759.070632,8922.036,0.080
1757011759.072700,8924.103,0.080
1757011759.074768,8926.172,0.080
1757011759.076835,8928.239,0.080
1757011759.078904,8930.307,0.080
1757011759.080971,8932.375,0.080
1757011759.083040,8934.443,0.080
1757011759.085107,8936.511,0.080
1757011759.087175,8938.579,0.080
1757011759.089244,8940.648,0.080
1757011759.091313,8942.716,0.080
1757011759.093380,8944.784,0.080
1757011759.095448,8946.852,0.080
1757011759.097517,8948.920,0.080
1757011759.099585,8950.989,0.080
1757011759.101652,8953.056,0.080
1757011759.103720,8955.123,0.080
1757011759.105787,8957.190,0.080
1757011759.107854,8959.258,0.060
1757011759.109923,8961.326,0.060
1757011759.111992,8963.395,0.060
1757011759.114060,8965.464,0.060
1757011759.116127,8967.531,0.060
1757011759.118196,8969.600,0.060
1757011759.120265,8971.668,0.060
1757011759.122333,8973.736,0.060
1757011759.124401,8975.805,0.060
1757011759.126472,8977.875,0.060
1757011759.128540,8979.943,0.060
1757011759.130609,8982.012,0.060
1757011759.132676,8984.080,0.060
1757011759.134744,8986.148,0.060
1757011759.136813,8988.217,0.060
1757011759.138881,8990.285,0.060
1757011759.140950,8992.353,0.060
1757011759.143017,8994.421,0.060
1757011759.145085,8996.489,0.060
1757011759.147154,8998.557,0.060
1757011759.149225,9000.628,0.060
1757011759.151293,9002.697,0.060
1757011759.153364,9004.768,0.060
1757011759.155433,9006.837,0.060
1757011759.157502,9008.905,0.060
1757011759.159571,9010.974,0.060
1757011759.161639,9013.042,0.060
1757011759.163708,9015.111,0.060
1757011759.165776,9017.179,0.060
1757011759.167844,9019.248,0.060
1757011759.169913,9021.317,0.060
1757011759.171982,9023.386,0.060
1757011759.174051,9025.455,0.060
1757011759.176118,9027.521,0.060
1757011759.178186,9029.590,0.060
1757011759.180254,9031.657,0.060
1757011759.182322,9033.725,0.060
1757011759.184389,9035.793,0.060
1757011759.186459,9037.862,0.060
1757011759.188528,9039.931,0.060
1757011759.190597,9042.000,0.060
1757011759.192664,9044.068,0.060
1757011759.194734,9046.137,0.060
1757011759.196802,9048.205,0.060
1757011759.198870,9050.274,0.060
1757011759.200938,9052.341,0.060
1757011759.203006,9054.410,0.060
1757011759.205076,9056.479,0.060
1757011759.207143,9058.547,0.060
1757011759.209213,9060.617,0.060
1757011759.211281,9062.685,0.060
1757011759.213352,9064.756,0.060
1757011759.215421,9066.825,0.060
1757011759.217490,9068.893,0.060
1757011759.219560,9070.963,0.060
1757011759.221629,9073.032,0.060
1757011759.223698,9075.102,0.060
1757011759.225767,9077.170,0.060
1757011759.227836,9079.239,0.060
1757011759.229905,9081.308,0.060
1757011759.231974,9083.378,0.060
1757011759.234044,9085.447,0.060
1757011759.236111,9087.515,0.060
1757011759.238179,9089.583,0.060
1757011759.240247,9091.650,0.060
1757011759.242316,9093.719,0.060
1757011759.244385,9095.788,0.060
1757011759.246455,9097.858,0.060
1757011759.248522,9099.925,0.060
1757011759.250591,9101.995,0.060
1757011759.252659,9104.062,0.060
1757011759.254731,9106.135,0.060
1757011759.256803,9108.206,0.060
1757011759.258872,9110.275,0.060
1757011759.260940,9112.344,0.060
1757011759.263009,9114.413,0.060
1757011759.265079,9116.482,0.060
1757011759.267148,9118.551,0.060
1757011759.269218,9120.621,0.060
1757011759.271286,9122.689,0.060
1757011759.273375,9124.779,0.060
1757011759.275445,9126.848,0.060
1757011759.277513,9128.916,0.060
1757011759.279582,9130.986,0.060
1757011759.281650,9133.053,0.060
1757011759.283718,9135.122,0.060
1757011759.285787,9137.190,0.060
1757011759.287856,9139.259,0.060
1757011759.289924,9141.328,0.060
1757011759.291994,9143.397,0.060
1757011759.294062,9145.466,0.060
1757011759.296128,9147.532,0.060
1757011759.298197,9149.600,0.060
1757011759.300262,9151.666,0.060
1757011759.302332,9153.735,0.060
1757011759.304400,9155.804,0.060
1757011759.306470,9157.873,0.060
1757011759.308539,9159.942,0.060
1757011759.310606,9162.010,0.060
1757011759.312673,9164.077,0.060
1757011759.314743,9166.146,0.060
1757011759.316810,9168.213,0.060
1757011759.318877,9170.281,0.060
1757011759.320945,9172.348,0.060
1757011759.323013,9174.416,0.060
1757011759.325081,9176.485,0.060
1757011759.327150,9178.553,0.060
1757011759.329219,9180.622,0.060
1757011759.331287,9182.691,0.060
1757011759.333371,9184.774,0.060
1757011759.335439,9186.843,0.060
1757011759.337508,9188.912,0.060
1757011759.339577,9190.980,0.060
1757011759.341645,9193.048,0.060
1757011759.343713,9195.117,0.060
1757011759.345783,9197.186,0.060
1757011759.347851,9199.255,0.060
1757011759.349919,9201.323,0.060
1757011759.351988,9203.392,0.060
1757011759.354056,9205.460,0.060
1757011759.356123,9207.526,0.060
1757011759.358192,9209.595,0.060
1757011759.360260,9211.663,0.060
1757011759.362329,9213.732,0.060
1757011759.364396,9215.799,0.060
1757011759.366465,9217.868,0.060
1757011759.368534,9219.937,0.060
1757011759.370603,9222.006,0.060
1757011759.372670,9224.074,0.060
1757011759.374739,9226.142,0.060
1757011759.376807,9228.210,0.060
1757011759.378875,9230.278,0.060
1757011759.380943,9232.346,0.060
1757011759.383011,9234.414,0.060
1757011759.385079,9236.482,0.060
1757011759.387148,9238.551,0.060
1757011759.389215,9240.619,0.060
1757011759.391284,9242.687,0.060
1757011759.393351,9244.755,0.060
1757011759.395420,9246.824,0.060
1757011759.397489,9248.893,0.060
1757011759.399558,9250.962,0.060
1757011759.401627,9253.031,0.060
1757011759.403696,9255.099,0.060
1757011759.405765,9257.168,0.060
1757011759.407833,9259.236,0.060
1757011759.409903,9261.306,0.060
1757011759.411972,9263.375,0.060
1757011759.414041,9265.445,0.060
1757011759.416108,9267.511,0.060
1757011759.418177,9269.580,0.060
1757011759.420245,9271.648,0.060
1757011759.422314,9273.717,0.060
1757011759.424380,9275.783,0.060
1757011759.426449,9277.852,0.060
1757011759.428518,9279.921,0.060
1757011759.430587,9281.990,0.060
1757011759.432654,9284.058,0.060
1757011759.434723,9286.127,0.060
1757011759.436791,9288.194,0.060
1757011759.438859,9290.262,0.060
1757011759.440927,9292.330,0.060
1757011759.442996,9294.399,0.060
1757011759.445066,9296.470,0.060
1757011759.447135,9298.538,0.060
1757011759.449202,9300.606,0.060
1757011759.451271,9302.674,0.060
1757011759.453340,9304.743,0.060
1757011759.455408,9306.812,0.060
1757011759.457477,9308.881,0.060
1757011759.459546,9310.950,0.060
1757011759.461615,9313.018,0.060
1757011759.463684,9315.087,0.060
1757011759.465753,9317.156,0.060
1757011759.467823,9319.226,0.060
1757011759.469891,9321.295,0.060
1757011759.471960,9323.363,0.060
1757011759.474029,9325.432,0.060
1757011759.476095,9327.499,0.060
1757011759.478164,9329.567,0.060
1757011759.480232,9331.636,0.060
1757011759.482301,9333.705,0.060
1757011759.484369,9335.772,0.060
1757011759.486437,9337.841,0.060
1757011759.488505,9339.908,0.060
1757011759.490573,9341.977,0.060
1757011759.492641,9344.044,0.060
1757011759.494710,9346.113,0.060
1757011759.496777,9348.181,0.060
1757011759.498847,9350.250,0.060
1757011759.500913,9352.317,0.060
1757011759.502982,9354.386,0.060
1757011759.505049,9356.452,0.060
1757011759.507117,9358.521,0.060
1757011759.509185,9360.589,0.060
1757011759.511254,9362.658,0.060
1757011759.513323,9364.726,0.060
1757011759.515392,9366.796,0.060
1757011759.517461,9368.865,0.060
1757011759.519531,9370.935,0.060
1757011759.521601,9373.004,0.060
1757011759.523669,9375.072,0.060
1757011759.525737,9377.141,0.060
1757011759.527806,9379.210,0.060
1757011759.529874,9381.278,0.060
1757011759.531944,9383.347,0.060
1757011759.534014,9385.417,0.060
1757011759.536080,9387.484,0.060
1757011759.538151,9389.555,0.060
1757011759.540219,9391.623,0.060
1757011759.542288,9393.692,0.060
1757011759.544355,9395.758,0.060
1757011759.546423,9397.827,0.060
1757011759.548491,9399.894,0.060
1757011759.550559,9401.963,0.060
1757011759.552625,9404.029,0.060
1757011759.554693,9406.097,0.060
1757011759.556763,9408.166,0.060
1757011759.558832,9410.235,0.060
1757011759.560899,9412.303,0.060
1757011759.562968,9414.372,0.060
1757011759.565036,9416.440,0.060
1757011759.567105,9418.508,0.060
1757011759.569173,9420.576,0.060
1757011759.571242,9422.646,0.060
1757011759.573312,9424.716,0.060
1757011759.575380,9426.784,0.060
1757011759.577448,9428.852,0.060
1757011759.579517,9430.921,0.060
1757011759.581587,9432.991,0.060
1757011759.583656,9435.060,0.060
1757011759.585725,9437.128,0.060
1757011759.587794,9439.198,0.060
1757011759.589863,9441.266,0.060
1757011759.591931,9443.335,0.060
1757011759.594000,9445.403,0.060
1757011759.596067,9447.471,0.060
1757011759.598135,9449.539,0.060
1757011759.600204,9451.608,0.060
1757011759.602273,9453.676,0.060
1757011759.604339,9455.743,0.060
1757011759.606408,9457.812,0.060
1757011759.608476,9459.880,0.060
1757011759.610545,9461.949,0.060
1757011759.612613,9464.017,0.060
1757011759.614682,9466.086,0.060
1757011759.616751,9468.154,0.060
1757011759.618819,9470.223,0.060
1757011759.620894,9472.298,0.060
1757011759.622964,9474.367,0.060
1757011759.625032,9476.436,0.060
1757011759.627101,9478.504,0.060
1757011759.629168,9480.571,0.060
1757011759.631236,9482.640,0.060
1757011759.633305,9484.708,0.060
1757011759.635373,9486.776,0.060
1757011759.637442,9488.846,0.060
1757011759.639511,9490.915,0.060
1757011759.641579,9492.982,0.060
1757011759.643648,9495.051,0.060
1757011759.645716,9497.120,0.060
1757011759.647785,9499.188,0.060
1757011759.649853,9501.256,0.060
1757011759.651922,9503.325,0.060
1757011759.653991,9505.394,0.060
1757011759.656025,9507.429,0.060
1757011759.658094,9509.498,0.060
1757011759.660162,9511.566,0.060
1757011759.662231,9513.635,0.060
1757011759.664298,9515.702,0.060
1757011759.666367,9517.771,0.060
1757011759.668435,9519.838,0.060
1757011759.670504,9521.907,0.060
1757011759.672572,9523.975,0.060
1757011759.674641,9526.044,0.060
1757011759.676709,9528.112,0.060
1757011759.678777,9530.180,0.060
1757011759.680844,9532.247,0.060
1757011759.682912,9534.316,0.060
1757011759.684980,9536.383,0.060
1757011759.687048,9538.452,0.060
1757011759.689118,9540.522,0.060
1757011759.691187,9542.591,0.060
1757011759.693256,9544.659,0.060
1757011759.695324,9546.728,0.060
1757011759.697394,9548.797,0.060
1757011759.699462,9550.866,0.060
1757011759.701531,9552.934,0.060
1757011759.703600,9555.004,0.060
1757011759.705669,9557.072,0.060
1757011759.707738,9559.141,0.060
1757011759.709807,9561.210,0.060
1757011759.711876,9563.280,0.060
1757011759.713946,9565.349,0.060
1757011759.716030,9567.433,0.060
1757011759.718099,9569.503,0.060
1757011759.720168,9571.572,0.060
1757011759.722237,9573.641,0.060
1757011759.724304,9575.708,0.060
1757011759.726373,9577.776,0.060
1757011759.728442,9579.845,0.060
1757011759.730511,9581.915,0.060
1757011759.732578,9583.981,0.060
1757011759.734647,9586.050,0.060
1757011759.736716,9588.119,0.060
1757011759.738784,9590.188,0.060
1757011759.740853,9592.256,0.060
1757011759.742922,9594.325,0.060
1757011759.744990,9596.393,0.060
1757011759.747059,9598.463,0.060
1757011759.749128,9600.531,0.060
1757011759.751197,9602.600,0.060
1757011759.753265,9604.668,0.060
1757011759.755333,9606.736,0.060
1757011759.757404,9608.807,0.060
1757011759.759472,9610.876,0.060
1757011759.761542,9612.945,0.060
1757011759.763611,9615.015,0.060
1757011759.765681,9617.084,0.060
1757011759.767749,9619.153,0.060
1757011759.769819,9621.222,0.060
1757011759.771887,9623.291,0.060
1757011759.773956,9625.360,0.060
1757011759.776019,9627.422,0.060
1757011759.778087,9629.490,0.060
1757011759.780155,9631.558,0.060
1757011759.782223,9633.626,0.060
1757011759.784290,9635.693,0.060
1757011759.786359,9637.762,0.060
1757011759.788425,9639.829,0.060
1757011759.790495,9641.898,0.060
1757011759.792564,9643.967,0.060
1757011759.794633,9646.036,0.060
1757011759.796702,9648.105,0.060
1757011759.798771,9650.174,0.060
1757011759.800838,9652.241,0.060
1757011759.802906,9654.309,0.060
1757011759.804973,9656.377,0.060
1757011759.807041,9658.445,0.060
1757011759.809107,9660.511,0.060
1757011759.811175,9662.579,0.060
1757011759.813243,9664.647,0.060
1757011759.815311,9666.714,0.060
1757011759.817379,9668.783,0.060
1757011759.819449,9670.853,0.060
1757011759.821518,9672.922,0.060
1757011759.823587,9674.990,0.060
1757011759.825654,9677.058,0.060
1757011759.827723,9679.126,0.060
1757011759.829791,9681.195,0.060
1757011759.831859,9683.263,0.060
1757011759.833928,9685.331,0.060
1757011759.836012,9687.415,0.060
1757011759.838080,9689.483,0.060
1757011759.840147,9691.550,0.060
1757011759.842216,9693.620,0.060
1757011759.844284,9695.687,0.060
1757011759.846353,9697.756,0.060
1757011759.848421,9699.825,0.060
1757011759.850490,9701.893,0.060
1757011759.852558,9703.961,0.060
1757011759.854625,9706.029,0.060
1757011759.856692,9708.096,0.060
1757011759.858761,9710.164,0.060
1757011759.860828,9712.232,0.060
1757011759.862897,9714.301,0.060
1757011759.864966,9716.370,0.060
1757011759.867034,9718.438,0.060
1757011759.869102,9720.505,0.060
1757011759.871171,9722.574,0.060
1757011759.873243,9724.647,0.060
1757011759.875312,9726.716,0.060
1757011759.877383,9728.787,0.060
1757011759.879451,9730.855,0.060
1757011759.881519,9732.923,0.060
1757011759.883588,9734.992,0.060
1757011759.885657,9737.060,0.060
1757011759.887725,9739.128,0.060
1757011759.889794,9741.197,0.060
1757011759.891863,9743.266,0.060
1757011759.893931,9745.334,0.060
1757011759.896019,9747.422,0.060
1757011759.898088,9749.492,0.060
1757011759.900155,9751.558,0.060
1757011759.902223,9753.627,0.060
1757011759.904292,9755.695,0.060
1757011759.906360,9757.764,0.060
1757011759.908427,9759.830,0.060
1757011759.910496,9761.899,0.060
1757011759.912564,9763.968,0.060
1757011759.914633,9766.037,0.060
1757011759.916701,9768.104,0.060
1757011759.918769,9770.173,0.060
1757011759.920838,9772.241,0.060
1757011759.922907,9774.310,0.060
1757011759.924975,9776.379,0.060
1757011759.927044,9778.447,0.060
1757011759.929113,9780.517,0.060
1757011759.931181,9782.584,0.060
1757011759.933248,9784.651,0.060
1757011759.935316,9786.720,0.060
1757011759.937387,9788.790,0.060
1757011759.939456,9790.859,0.060
1757011759.941525,9792.928,0.060
1757011759.943594,9794.997,0.060
1757011759.945662,9797.065,0.060
1757011759.947731,9799.134,0.060
1757011759.949800,9801.203,0.060
1757011759.951868,9803.272,0.060
1757011759.953936,9805.340,0.060
1757011759.956017,9807.421,0.060
1757011759.958086,9809.490,0.060
1757011759.960153,9811.556,0.060
1757011759.962221,9813.624,0.060
1757011759.964286,9815.690,0.060
1757011759.966356,9817.759,0.060
1757011759.968422,9819.826,0.060
1757011759.970492,9821.895,0.060
1757011759.972562,9823.965,0.060
1757011759.974630,9826.034,0.060
1757011759.976699,9828.102,0.060
1757011759.978768,9830.172,0.060
1757011759.980837,9832.240,0.060
1757011759.982907,9834.310,0.060
1757011759.984974,9836.377,0.060
1757011759.987043,9838.446,0.060
1757011759.989110,9840.514,0.060
1757011759.991179,9842.583,0.060
1757011759.993247,9844.650,0.060
1757011759.995316,9846.720,0.060
1757011759.997385,9848.788,0.060
1757011759.999454,9850.857,0.060
1757011760.001522,9852.926,0.060
1757011760.003590,9854.993,0.060
1757011760.005659,9857.062,0.060
1757011760.007727,9859.131,0.060
1757011760.009796,9861.200,0.060
1757011760.011865,9863.269,0.060
1757011760.013935,9865.339,0.060
1757011760.016015,9867.419,0.060
1757011760.018084,9869.488,0.060
1757011760.020149,9871.553,0.060
1757011760.022218,9873.621,0.060
1757011760.024287,9875.691,0.060
1757011760.026356,9877.759,0.060
1757011760.028425,9879.828,0.060
1757011760.030492,9881.896,0.060
1757011760.032560,9883.963,0.060
1757011760.034628,9886.031,0.060
1757011760.036694,9888.097,0.060
1757011760.038761,9890.165,0.060
1757011760.040830,9892.233,0.060
1757011760.042898,9894.302,0.060
1757011760.044966,9896.369,0.060
1757011760.047035,9898.438,0.060
1757011760.049103,9900.506,0.060
1757011760.051171,9902.575,0.060
1757011760.053239,9904.643,0.060
1757011760.055307,9906.711,0.060
1757011760.057376,9908.779,0.060
1757011760.059445,9910.848,0.060
1757011760.061513,9912.917,0.060
1757011760.063583,9914.986,0.060
1757011760.065652,9917.056,0.060
1757011760.067720,9919.124,0.060
1757011760.069789,9921.193,0.060
1757011760.071859,9923.262,0.060
1757011760.073927,9925.331,0.060
1757011760.076017,9927.421,0.060
1757011760.078087,9929.490,0.060
1757011760.080153,9931.557,0.060
1757011760.082222,9933.625,0.060
1757011760.084289,9935.692,0.060
1757011760.086358,9937.761,0.060
1757011760.088428,9939.831,0.060
1757011760.090495,9941.899,0.060
1757011760.092564,9943.967,0.060
1757011760.094633,9946.036,0.060
1757011760.096701,9948.105,0.060
1757011760.098770,9950.174,0.060
1757011760.100838,9952.242,0.060
1757011760.102907,9954.310,0.060
1757011760.104975,9956.378,0.060
1757011760.107043,9958.447,0.060
1757011760.109112,9960.515,0.060
1757011760.111181,9962.584,0.060
1757011760.113248,9964.652,0.060
1757011760.115316,9966.720,0.060
1757011760.117389,9968.792,0.060
1757011760.119458,9970.862,0.060
1757011760.121527,9972.931,0.060
1757011760.123597,9975.000,0.060
1757011760.125666,9977.070,0.060
1757011760.127735,9979.138,0.060
1757011760.129804,9981.208,0.060
1757011760.131874,9983.277,0.060
1757011760.133943,9985.346,0.060
1757011760.136022,9987.425,0.060
1757011760.138091,9989.495,0.060
1757011760.140162,9991.565,0.060
1757011760.142230,9993.634,0.060
1757011760.144297,9995.701,0.060
1757011760.146365,9997.769,0.060
1757011760.148433,9999.836,0.060
1757011760.150503,10001.906,0.060
1757011760.152572,10003.975,0.060
1757011760.154640,10006.044,0.060
1757011760.156709,10008.113,0.060
1757011760.158778,10010.182,0.060
1757011760.160845,10012.249,0.060
1757011760.162914,10014.318,0.060
1757011760.164981,10016.384,0.060
1757011760.167049,10018.452,0.060
1757011760.169117,10020.521,0.060
1757011760.171187,10022.590,0.060
1757011760.173254,10024.657,0.060
1757011760.175322,10026.726,0.060
1757011760.177392,10028.796,0.060
1757011760.179461,10030.864,0.060
1757011760.181530,10032.934,0.060
1757011760.183600,10035.003,0.060
1757011760.185669,10037.072,0.060
1757011760.187737,10039.141,0.060
1757011760.189806,10041.209,0.060
1757011760.191875,10043.278,0.060
1757011760.193943,10045.347,0.060
1757011760.196019,10047.423,0.060
1757011760.198088,10049.491,0.060
1757011760.200156,10051.560,0.060
1757011760.202224,10053.628,0.060
1757011760.204293,10055.696,0.060
1757011760.206361,10057.765,0.060
1757011760.208429,10059.833,0.060
1757011760.210498,10061.901,0.060
1757011760.212565,10063.969,0.060
1757011760.214633,10066.036,0.060
1757011760.216700,10068.103,0.060
1757011760.218768,10070.172,0.060
1757011760.220837,10072.240,0.060
1757011760.222905,10074.308,0.060
1757011760.224973,10076.377,0.060
1757011760.227042,10078.445,0.060
1757011760.229110,10080.513,0.060
1757011760.231179,10082.582,0.060
1757011760.233247,10084.651,0.060
1757011760.235316,10086.720,0.060
1757011760.237385,10088.788,0.060
1757011760.239454,10090.858,0.060
1757011760.241522,10092.925,0.060
1757011760.243591,10094.995,0.060
1757011760.245663,10097.067,0.060
1757011760.247733,10099.136,0.060
1757011760.249803,10101.206,0.060
1757011760.251873,10103.276,0.060
1757011760.253941,10105.344,0.060
1757011760.256028,10107.432,0.060
1757011760.258097,10109.501,0.060
1757011760.260166,10111.569,0.060
1757011760.262235,10113.638,0.060
1757011760.264302,10115.706,0.060
1757011760.266371,10117.774,0.060
1757011760.268438,10119.842,0.060
1757011760.270507,10121.911,0.060
1757011760.272574,10123.977,0.060
1757011760.274642,10126.045,0.060
1757011760.276709,10128.113,0.060
1757011760.278778,10130.181,0.060
1757011760.280847,10132.250,0.060
1757011760.282916,10134.319,0.060
1757011760.284983,10136.387,0.060
1757011760.287052,10138.455,0.060
1757011760.289120,10140.523,0.060
1757011760.291189,10142.593,0.060
1757011760.293257,10144.661,0.060
1757011760.295326,10146.729,0.060
1757011760.297395,10148.798,0.060
1757011760.299463,10150.866,0.060
1757011760.301532,10152.935,0.060
1757011760.303600,10155.004,0.060
1757011760.305669,10157.073,0.060
1757011760.307738,10159.141,0.060
1757011760.309807,10161.210,0.060
1757011760.311875,10163.279,0.060
1757011760.313944,10165.347,0.060
1757011760.316022,10167.425,0.060
1757011760.318090,10169.494,0.060
1757011760.320159,10171.562,0.060
1757011760.322227,10173.631,0.060
1757011760.324294,10175.697,0.060
1757011760.326362,10177.765,0.060
1757011760.328429,10179.832,0.060
1757011760.330498,10181.901,0.060
1757011760.332566,10183.969,0.060
1757011760.334635,10186.038,0.060
1757011760.336703,10188.107,0.060
1757011760.338772,10190.175,0.060
1757011760.340839,10192.243,0.060
1757011760.342907,10194.311,0.060
1757011760.344976,10196.380,0.060
1757011760.347045,10198.449,0.060
1757011760.349114,10200.517,0.060
1757011760.351183,10202.586,0.060
1757011760.353252,10204.655,0.060
1757011760.355321,10206.724,0.060
1757011760.357391,10208.794,0.060
1757011760.359460,10210.863,0.060
1757011760.361529,10212.933,0.060
1757011760.363599,10215.003,0.060
1757011760.365668,10217.072,0.060
1757011760.367737,10219.140,0.060
1757011760.369805,10221.209,0.060
1757011760.371875,10223.278,0.060
1757011760.373944,10225.347,0.060
1757011760.376024,10227.428,0.060
1757011760.378093,10229.497,0.060
1757011760.380162,10231.565,0.060
1757011760.382230,10233.634,0.060
1757011760.384299,10235.702,0.060
1757011760.386368,10237.771,0.060
1757011760.388435,10239.838,0.060
1757011760.390503,10241.907,0.060
1757011760.392570,10243.973,0.060
1757011760.394638,10246.042,0.060
1757011760.396707,10248.110,0.060
1757011760.398775,10250.179,0.060
1757011760.400842,10252.245,0.060
1757011760.402910,10254.313,0.060
1757011760.404977,10256.381,0.060
1757011760.407046,10258.450,0.060
1757011760.409113,10260.517,0.060
1757011760.411181,10262.585,0.060
1757011760.413248,10264.652,0.060
1757011760.415317,10266.721,0.060
1757011760.417386,10268.790,0.060
1757011760.419456,10270.859,0.060
1757011760.421525,10272.928,0.060
1757011760.423594,10274.997,0.060
1757011760.425662,10277.066,0.060
1757011760.427730,10279.134,0.060
1757011760.429799,10281.202,0.060
1757011760.431867,10283.270,0.060
1757011760.433935,10285.338,0.060
1757011760.436015,10287.419,0.060
1757011760.438083,10289.487,0.060
1757011760.440150,10291.554,0.060
1757011760.442219,10293.623,0.060
1757011760.444288,10295.691,0.060
1757011760.446356,10297.760,0.060
1757011760.448423,10299.827,0.060
1757011760.450492,10301.895,0.060
1757011760.452559,10303.963,0.060
1757011760.454628,10306.031,0.060
1757011760.456696,10308.100,0.060
1757011760.458765,10310.168,0.060
1757011760.460832,10312.236,0.060
1757011760.462900,10314.303,0.060
1757011760.464968,10316.372,0.060
1757011760.467036,10318.440,0.060
1757011760.469104,10320.508,0.060
1757011760.471173,10322.577,0.060
1757011760.473241,10324.644,0.060
1757011760.475310,10326.713,0.060
1757011760.477379,10328.782,0.060
1757011760.479447,10330.850,0.060
1757011760.481517,10332.920,0.060
1757011760.483585,10334.988,0.060
1757011760.485653,10337.057,0.060
1757011760.487722,10339.126,0.060
1757011760.489792,10341.195,0.060
1757011760.491860,10343.264,0.060
1757011760.493928,10345.332,0.060
1757011760.496015,10347.419,0.060
1757011760.498083,10349.487,0.060
1757011760.500149,10351.553,0.060
1757011760.502218,10353.622,0.060
1757011760.504285,10355.689,0.060
1757011760.506354,10357.757,0.060
1757011760.508420,10359.823,0.060
1757011760.510489,10361.892,0.060
1757011760.512558,10363.961,0.060
1757011760.514626,10366.030,0.060
1757011760.516694,10368.097,0.060
1757011760.518763,10370.166,0.060
1757011760.520831,10372.235,0.060
1757011760.522900,10374.303,0.060
1757011760.524967,10376.370,0.060
1757011760.527035,10378.439,0.060
1757011760.529104,10380.507,0.060
1757011760.531172,10382.576,0.060
1757011760.533239,10384.643,0.060
1757011760.535308,10386.711,0.060
1757011760.537380,10388.783,0.060
1757011760.539448,10390.852,0.060
1757011760.541518,10392.922,0.060
1757011760.543586,10394.990,0.060
1757011760.545654,10397.058,0.060
1757011760.547723,10399.126,0.060
1757011760.549792,10401.195,0.060
1757011760.551860,10403.263,0.060
1757011760.553927,10405.331,0.060
1757011760.556012,10407.416,0.060
1757011760.558081,10409.484,0.060
1757011760.560147,10411.551,0.060
1757011760.562217,10413.620,0.060
1757011760.564285,10415.689,0.060
1757011760.566353,10417.757,0.060
1757011760.568421,10419.824,0.060
1757011760.570489,10421.893,0.060
1757011760.572556,10423.960,0.060
1757011760.574625,10426.028,0.060
1757011760.576691,10428.094,0.060
1757011760.578759,10430.163,0.060
1757011760.580828,10432.232,0.060
1757011760.582897,10434.300,0.060
1757011760.584965,10436.369,0.060
1757011760.587035,10438.438,0.060
1757011760.589103,10440.506,0.060
1757011760.591171,10442.574,0.060
1757011760.593239,10444.642,0.060
1757011760.595308,10446.712,0.060
1757011760.597378,10448.781,0.060
1757011760.599447,10450.850,0.060
1757011760.601519,10452.922,0.060
1757011760.603588,10454.991,0.060
1757011760.605658,10457.062,0.060
1757011760.607727,10459.130,0.060
1757011760.609796,10461.199,0.060
1757011760.611865,10463.268,0.060
1757011760.613933,10465.337,0.060
1757011760.616014,10467.417,0.060
1757011760.618083,10469.486,0.060
1757011760.620148,10471.552,0.060
1757011760.622217,10473.620,0.060
1757011760.624286,10475.689,0.060
1757011760.626355,10477.758,0.060
1757011760.628422,10479.825,0.060
1757011760.630491,10481.894,0.060
1757011760.632559,10483.962,0.060
1757011760.634627,10486.031,0.060
1757011760.636696,10488.100,0.060
1757011760.638764,10490.168,0.060
1757011760.640833,10492.237,0.060
1757011760.642902,10494.306,0.060
1757011760.644970,10496.373,0.060
1757011760.647039,10498.442,0.060
1757011760.649107,10500.510,0.060
1757011760.651175,10502.579,0.060
1757011760.653246,10504.650,0.060
1757011760.655315,10506.718,0.060
1757011760.657383,10508.786,0.060
1757011760.659452,10510.855,0.060
1757011760.661520,10512.924,0.060
1757011760.663590,10514.993,0.060
1757011760.665660,10517.063,0.060
1757011760.667729,10519.132,0.060
1757011760.669798,10521.201,0.060
1757011760.671866,10523.270,0.060
1757011760.673935,10525.339,0.060
1757011760.676016,10527.419,0.060
1757011760.678085,10529.488,0.060
1757011760.680151,10531.554,0.060
1757011760.682220,10533.623,0.060
1757011760.684286,10535.689,0.060
1757011760.686354,10537.758,0.060
1757011760.688422,10539.825,0.060
1757011760.690491,10541.894,0.060
1757011760.692561,10543.965,0.060
1757011760.694630,10546.033,0.060
1757011760.696699,10548.103,0.060
1757011760.698768,10550.171,0.060
1757011760.700837,10552.240,0.060
1757011760.702906,10554.309,0.060
1757011760.704974,10556.377,0.060
1757011760.707042,10558.446,0.060
1757011760.709111,10560.514,0.060
1757011760.711179,10562.582,0.060
1757011760.713247,10564.650,0.060
1757011760.715316,10566.720,0.060
1757011760.717385,10568.789,0.060
1757011760.719454,10570.858,0.060
1757011760.721524,10572.927,0.060
1757011760.723592,10574.996,0.060
1757011760.725660,10577.064,0.060
1757011760.727729,10579.132,0.060
1757011760.729797,10581.201,0.060
1757011760.731866,10583.270,0.060
1757011760.733934,10585.338,0.060
1757011760.736014,10587.417,0.060
1757011760.738083,10589.486,0.060
1757011760.740149,10591.552,0.060
1757011760.742218,10593.621,0.060
1757011760.744288,10595.691,0.060
1757011760.746357,10597.760,0.060
1757011760.748423,10599.827,0.060
1757011760.750491,10601.894,0.060
1757011760.752558,10603.961,0.060
1757011760.754625,10606.028,0.060
1757011760.756692,10608.096,0.060
1757011760.758759,10610.162,0.060
1757011760.760827,10612.231,0.060
1757011760.762896,10614.299,0.060
1757011760.764964,10616.368,0.060
1757011760.767034,10618.437,0.060
1757011760.769103,10620.506,0.060
1757011760.771171,10622.575,0.060
1757011760.773240,10624.644,0.060
1757011760.775309,10626.713,0.060
1757011760.777378,10628.782,0.060
1757011760.779447,10630.850,0.060
1757011760.781516,10632.920,0.060
1757011760.783584,10634.988,0.060
1757011760.785653,10637.056,0.060
1757011760.787722,10639.125,0.060
1757011760.789790,10641.194,0.060
1757011760.791859,10643.262,0.060
1757011760.793928,10645.331,0.060
1757011760.795996,10647.399,0.060
1757011760.798064,10649.468,0.060
1757011760.800132,10651.535,0.060
1757011760.802201,10653.604,0.060
1757011760.804268,10655.671,0.060
1757011760.806336,10657.739,0.060
1757011760.808402,10659.806,0.060
1757011760.810471,10661.874,0.060
1757011760.812539,10663.942,0.060
1757011760.814608,10666.011,0.060
1757011760.816675,10668.078,0.060
1757011760.818743,10670.147,0.060
1757011760.820811,10672.214,0.060
1757011760.822879,10674.282,0.060
1757011760.824947,10676.350,0.060
1757011760.827015,10678.418,0.060
1757011760.829085,10680.488,0.060
1757011760.831153,10682.557,0.060
1757011760.833221,10684.625,0.060
1757011760.835290,10686.693,0.060
1757011760.837374,10688.777,0.060
1757011760.839443,10690.846,0.060
1757011760.841511,10692.914,0.060
1757011760.843579,10694.983,0.060
1757011760.845648,10697.051,0.060
1757011760.847716,10699.120,0.060
1757011760.849786,10701.190,0.060
1757011760.851855,10703.259,0.060
1757011760.853924,10705.328,0.060
1757011760.855992,10707.396,0.060
1757011760.858061,10709.465,0.060
1757011760.860127,10711.530,0.060
1757011760.862196,10713.599,0.060
1757011760.864264,10715.668,0.060
1757011760.866333,10717.736,0.060
1757011760.868400,10719.803,0.060
1757011760.870468,10721.872,0.060
1757011760.872537,10723.941,0.060
1757011760.874606,10726.010,0.060
1757011760.876673,10728.077,0.060
1757011760.878742,10730.145,0.060
1757011760.880810,10732.214,0.060
1757011760.882879,10734.282,0.060
1757011760.884948,10736.351,0.060
1757011760.887017,10738.420,0.060
1757011760.889086,10740.489,0.060
1757011760.891155,10742.558,0.060
1757011760.893223,10744.626,0.060
1757011760.895291,10746.695,0.060
1757011760.897360,10748.763,0.060
1757011760.899429,10750.833,0.060
1757011760.901498,10752.901,0.060
1757011760.903566,10754.969,0.060
1757011760.905634,10757.037,0.060
1757011760.907702,10759.105,0.060
1757011760.909770,10761.174,0.060
1757011760.911839,10763.243,0.060
1757011760.913908,10765.311,0.060
1757011760.915977,10767.380,0.060
1757011760.918046,10769.449,0.060
1757011760.920112,10771.516,0.060
1757011760.922183,10773.586,0.060
1757011760.924250,10775.653,0.060
1757011760.926319,10777.722,0.060
1757011760.928386,10779.789,0.060
1757011760.930454,10781.858,0.060
1757011760.932522,10783.925,0.060
1757011760.934590,10785.994,0.060
1757011760.936656,10788.060,0.060
1757011760.938726,10790.129,0.060
1757011760.940798,10792.202,0.060
1757011760.942867,10794.271,0.060
1757011760.944935,10796.339,0.060
1757011760.947004,10798.407,0.060
1757011760.949072,10800.475,0.060
1757011760.951141,10802.544,0.060
1757011760.953208,10804.611,0.060
1757011760.955277,10806.680,0.060
1757011760.957344,10808.748,0.060
1757011760.959413,10810.817,0.060
1757011760.961482,10812.886,0.060
1757011760.963551,10814.954,0.060
1757011760.965620,10817.024,0.060
1757011760.967689,10819.093,0.060
1757011760.969758,10821.162,0.060
1757011760.971826,10823.230,0.060
1757011760.973894,10825.298,0.060
1757011760.975963,10827.367,0.060
1757011760.978033,10829.437,0.060
1757011760.980100,10831.504,0.060
1757011760.982169,10833.572,0.060
1757011760.984237,10835.640,0.060
1757011760.986305,10837.709,0.060
1757011760.988371,10839.775,0.060
1757011760.990440,10841.843,0.060
1757011760.992508,10843.912,0.060
1757011760.994577,10845.980,0.060
1757011760.996645,10848.049,0.060
1757011760.998714,10850.117,0.060
1757011761.000782,10852.185,0.060
1757011761.002851,10854.254,0.060
1757011761.004918,10856.321,0.060
1757011761.006987,10858.390,0.060
1757011761.009055,10860.459,0.060
1757011761.011124,10862.527,0.060
1757011761.013193,10864.596,0.060
1757011761.015262,10866.665,0.060
1757011761.017330,10868.733,0.060
1757011761.019399,10870.803,0.060
1757011761.021469,10872.872,0.060
1757011761.023538,10874.942,0.060
1757011761.025607,10877.010,0.060
1757011761.027676,10879.079,0.060
1757011761.029745,10881.148,0.060
1757011761.031814,10883.217,0.060
1757011761.033882,10885.286,0.060
1757011761.035952,10887.355,0.060
1757011761.038021,10889.424,0.060
1757011761.040088,10891.491,0.060
1757011761.042156,10893.559,0.060
1757011761.044224,10895.627,0.060
1757011761.046293,10897.696,0.060
1757011761.048362,10899.765,0.060
1757011761.050430,10901.834,0.060
1757011761.052500,10903.903,0.060
1757011761.054568,10905.972,0.060
1757011761.056636,10908.039,0.060
1757011761.058705,10910.108,0.060
1757011761.060772,10912.175,0.060
1757011761.062841,10914.245,0.060
1757011761.064908,10916.311,0.060
1757011761.066976,10918.380,0.060
1757011761.069044,10920.447,0.060
1757011761.071112,10922.515,0.060
1757011761.073179,10924.583,0.060
1757011761.075248,10926.652,0.060
1757011761.077317,10928.720,0.060
1757011761.079386,10930.789,0.060
1757011761.081454,10932.858,0.060
1757011761.083523,10934.926,0.060
1757011761.085595,10936.999,0.060
1757011761.087664,10939.067,0.060
1757011761.089733,10941.136,0.060
1757011761.091802,10943.206,0.060
1757011761.093870,10945.274,0.060
1757011761.095940,10947.343,0.060
1757011761.098009,10949.412,0.060
1757011761.100075,10951.479,0.060
1757011761.102145,10953.548,0.060
1757011761.104213,10955.616,0.060
1757011761.106282,10957.685,0.060
1757011761.108348,10959.752,0.060
1757011761.110418,10961.821,0.060
1757011761.112511,10963.915,0.060
1757011761.114581,10965.985,0.060
1757011761.116648,10968.052,0.060
1757011761.118717,10970.120,0.060
1757011761.120785,10972.189,0.060
1757011761.122854,10974.258,0.060
1757011761.124922,10976.326,0.060
1757011761.126990,10978.394,0.060
1757011761.129058,10980.461,0.060
1757011761.131128,10982.532,0.060
1757011761.133197,10984.601,0.060
1757011761.135265,10986.669,0.060
1757011761.137334,10988.738,0.060
1757011761.139403,10990.807,0.060
1757011761.141471,10992.875,0.060
1757011761.143540,10994.943,0.060
1757011761.145609,10997.012,0.060
1757011761.147677,10999.081,0.060
1757011761.149745,11001.148,0.060
1757011761.151812,11003.216,0.060
1757011761.153879,11005.282,0.060
1757011761.155946,11007.350,0.060
1757011761.158013,11009.417,0.060
1757011761.160081,11011.485,0.060
1757011761.162150,11013.553,0.060
1757011761.164217,11015.620,0.060
1757011761.166286,11017.689,0.060
1757011761.168353,11019.757,0.060
1757011761.170421,11021.824,0.060
1757011761.172492,11023.895,0.060
1757011761.174561,11025.964,0.060
1757011761.176629,11028.032,0.060
1757011761.178698,11030.102,0.060
1757011761.180768,11032.171,0.060
1757011761.182836,11034.240,0.060
1757011761.184906,11036.309,0.060
1757011761.186974,11038.378,0.060
1757011761.189044,11040.447,0.060
1757011761.191113,11042.516,0.060
1757011761.193180,11044.583,0.060
1757011761.195247,11046.650,0.060
1757011761.197314,11048.717,0.060
1757011761.199382,11050.786,0.060
1757011761.201450,11052.853,0.060
1757011761.203519,11054.922,0.060
1757011761.205587,11056.991,0.060
1757011761.207656,11059.059,0.060
1757011761.209724,11061.128,0.060
1757011761.211793,11063.196,0.060
1757011761.213862,11065.265,0.060
1757011761.215931,11067.334,0.060
1757011761.218000,11069.403,0.060
1757011761.220067,11071.470,0.060
1757011761.222136,11073.540,0.060
1757011761.224205,11075.608,0.060
1757011761.226273,11077.677,0.060
1757011761.228341,11079.744,0.060
1757011761.230409,11081.813,0.060
1757011761.232479,11083.882,0.060
1757011761.234548,11085.951,0.060
1757011761.236615,11088.018,0.060
1757011761.238684,11090.087,0.060
1757011761.240752,11092.155,0.060
1757011761.242821,11094.224,0.060
1757011761.244889,11096.292,0.060
1757011761.246957,11098.360,0.060
1757011761.249026,11100.429,0.060
1757011761.251094,11102.498,0.060
1757011761.253162,11104.565,0.060
1757011761.255230,11106.633,0.060
1757011761.257298,11108.702,0.060
1757011761.259367,11110.770,0.060
1757011761.261435,11112.838,0.060
1757011761.263503,11114.907,0.060
1757011761.265571,11116.975,0.060
1757011761.267641,11119.044,0.060
1757011761.269710,11121.113,0.060
1757011761.271778,11123.182,0.060
1757011761.273847,11125.251,0.060
1757011761.275916,11127.320,0.060
1757011761.277985,11129.388,0.060
1757011761.280018,11131.422,0.060
1757011761.282087,11133.490,0.060
1757011761.284155,11135.558,0.060
1757011761.286224,11137.627,0.060
1757011761.288290,11139.693,0.060
1757011761.290359,11141.762,0.060
1757011761.292427,11143.830,0.060
1757011761.294495,11145.898,0.060
1757011761.296563,11147.966,0.060
1757011761.298630,11150.034,0.060
1757011761.300698,11152.102,0.060
1757011761.302766,11154.169,0.060
1757011761.304835,11156.238,0.060
1757011761.306903,11158.307,0.060
1757011761.308971,11160.374,0.060
1757011761.311039,11162.442,0.060
1757011761.313107,11164.511,0.060
1757011761.315177,11166.580,0.060
1757011761.317245,11168.648,0.060
1757011761.319313,11170.716,0.060
1757011761.321382,11172.785,0.060
1757011761.323451,11174.854,0.060
1757011761.325519,11176.923,0.060
1757011761.327588,11178.992,0.060
1757011761.329656,11181.060,0.060
1757011761.331725,11183.129,0.060
1757011761.333795,11185.198,0.060
1757011761.335863,11187.267,0.060
1757011761.337932,11189.335,0.060
1757011761.340016,11191.420,0.060
1757011761.342085,11193.488,0.060
1757011761.344152,11195.555,0.060
1757011761.346220,11197.624,0.060
1757011761.348289,11199.692,0.060
1757011761.350358,11201.762,0.060
1757011761.352427,11203.830,0.060
1757011761.354496,11205.899,0.060
1757011761.356563,11207.967,0.060
1757011761.358632,11210.036,0.060
1757011761.360699,11212.103,0.060
1757011761.362769,11214.173,0.060
1757011761.364837,11216.241,0.060
1757011761.366906,11218.310,0.060
1757011761.368973,11220.377,0.060
1757011761.371042,11222.446,0.060
1757011761.373110,11224.513,0.060
1757011761.375178,11226.582,0.060
1757011761.377247,11228.651,0.060
1757011761.379316,11230.719,0.060
1757011761.381385,11232.788,0.060
1757011761.383453,11234.856,0.060
1757011761.385522,11236.925,0.060
1757011761.387591,11238.995,0.060
1757011761.389660,11241.063,0.060
1757011761.391727,11243.131,0.060
1757011761.393796,11245.199,0.060
1757011761.395864,11247.267,0.060
1757011761.397933,11249.336,0.060
1757011761.400016,11251.419,0.060
1757011761.402085,11253.488,0.060
1757011761.404151,11255.554,0.060
1757011761.406220,11257.623,0.060
1757011761.408287,11259.691,0.060
1757011761.410357,11261.760,0.060
1757011761.412423,11263.827,0.060
1757011761.414492,11265.896,0.060
1757011761.416562,11267.966,0.060
1757011761.418631,11270.034,0.060
1757011761.420696,11272.100,0.060
1757011761.422766,11274.169,0.060
1757011761.424835,11276.238,0.060
1757011761.426903,11278.307,0.060
1757011761.428972,11280.375,0.060
1757011761.431040,11282.444,0.060
1757011761.433110,11284.513,0.060
1757011761.435179,11286.582,0.060
1757011761.437248,11288.652,0.060
1757011761.439317,11290.720,0.060
1757011761.441386,11292.789,0.060
1757011761.443454,11294.858,0.060
1757011761.445524,11296.928,0.060
1757011761.447593,11298.996,0.060
1757011761.449661,11301.065,0.060
1757011761.451730,11303.134,0.060
1757011761.453800,11305.204,0.060
1757011761.455869,11307.273,0.060
1757011761.457939,11309.342,0.060
1757011761.460018,11311.421,0.060
1757011761.462086,11313.490,0.060
1757011761.464154,11315.557,0.060
1757011761.466222,11317.626,0.060
1757011761.468291,11319.695,0.060
1757011761.470359,11321.762,0.060
1757011761.472426,11323.830,0.060
1757011761.474495,11325.899,0.060
1757011761.476562,11327.965,0.060
1757011761.478632,11330.036,0.060
1757011761.480701,11332.104,0.060
1757011761.482769,11334.173,0.060
1757011761.484838,11336.241,0.060
1757011761.486907,11338.310,0.060
1757011761.488975,11340.378,0.060
1757011761.491044,11342.447,0.060
1757011761.493113,11344.516,0.060
1757011761.495182,11346.585,0.060
1757011761.497253,11348.657,0.060
1757011761.499322,11350.726,0.060
1757011761.501392,11352.795,0.060
1757011761.503461,11354.864,0.060
1757011761.505529,11356.933,0.060
1757011761.507599,11359.002,0.060
1757011761.509666,11361.070,0.060
1757011761.511735,11363.138,0.060
1757011761.513804,11365.207,0.060
1757011761.515872,11367.276,0.060
1757011761.517941,11369.344,0.060
1757011761.520020,11371.423,0.060
1757011761.522089,11373.492,0.060
1757011761.524156,11375.559,0.060
1757011761.526224,11377.628,0.060
1757011761.528291,11379.695,0.060
1757011761.530360,11381.763,0.060
1757011761.532428,11383.832,0.060
1757011761.534497,11385.900,0.060
1757011761.536566,11387.970,0.060
1757011761.538635,11390.038,0.060
1757011761.540707,11392.110,0.060
1757011761.542776,11394.180,0.060
1757011761.544843,11396.247,0.060
1757011761.546912,11398.315,0.060
1757011761.548980,11400.383,0.060
1757011761.551049,11402.453,0.060
1757011761.553118,11404.522,0.060
1757011761.555188,11406.591,0.060
1757011761.557256,11408.659,0.060
1757011761.559325,11410.728,0.060
1757011761.561393,11412.796,0.060
1757011761.563460,11414.864,0.060
1757011761.565529,11416.933,0.060
1757011761.567598,11419.001,0.060
1757011761.569669,11421.072,0.060
1757011761.571739,11423.142,0.060
1757011761.573808,11425.211,0.060
1757011761.575877,11427.280,0.060
1757011761.577945,11429.349,0.060
1757011761.580020,11431.424,0.060
1757011761.582090,11433.493,0.060
1757011761.584158,11435.562,0.060
1757011761.586229,11437.632,0.060
1757011761.588296,11439.699,0.060
1757011761.590365,11441.768,0.060
1757011761.592433,11443.837,0.060
1757011761.594503,11445.906,0.060
1757011761.596569,11447.973,0.060
1757011761.598638,11450.042,0.060
1757011761.600704,11452.108,0.060
1757011761.602773,11454.176,0.060
1757011761.604841,11456.245,0.060
1757011761.606910,11458.313,0.060
1757011761.608979,11460.382,0.060
1757011761.611047,11462.451,0.060
1757011761.613115,11464.519,0.060
1757011761.615184,11466.587,0.060
1757011761.617251,11468.655,0.060
1757011761.619320,11470.723,0.060
1757011761.621390,11472.794,0.060
1757011761.623459,11474.863,0.060
1757011761.625528,11476.932,0.060
1757011761.627597,11479.001,0.060
1757011761.629665,11481.069,0.060
1757011761.631734,11483.138,0.060
1757011761.633803,11485.206,0.060
1757011761.635872,11487.275,0.060
1757011761.637940,11489.343,0.060
1757011761.640050,11491.453,0.060
1757011761.642119,11493.522,0.060
1757011761.644185,11495.589,0.060
1757011761.646255,11497.658,0.060
1757011761.648321,11499.724,0.060
1757011761.650390,11501.793,0.060
1757011761.652457,11503.860,0.060
1757011761.654526,11505.929,0.060
1757011761.656594,11507.997,0.060
1757011761.658661,11510.065,0.060
1757011761.660729,11512.133,0.060
1757011761.662797,11514.201,0.060
1757011761.664867,11516.270,0.060
1757011761.666935,11518.339,0.060
1757011761.669002,11520.406,0.060
1757011761.671071,11522.474,0.060
1757011761.673137,11524.541,0.060
1757011761.675205,11526.608,0.060
1757011761.677272,11528.676,0.060
1757011761.679340,11530.744,0.060
1757011761.681408,11532.812,0.060
1757011761.683477,11534.880,0.060
1757011761.685545,11536.948,0.060
1757011761.687614,11539.017,0.060
1757011761.689682,11541.086,0.060
1757011761.691751,11543.155,0.060
1757011761.693820,11545.223,0.060
1757011761.695890,11547.293,0.060
1757011761.697959,11549.362,0.060
1757011761.700026,11551.429,0.060
1757011761.702095,11553.499,0.060
1757011761.704162,11555.566,0.060
1757011761.706231,11557.635,0.060
1757011761.708299,11559.702,0.060
1757011761.710368,11561.771,0.060
1757011761.712437,11563.840,0.060
1757011761.714506,11565.909,0.060
1757011761.716573,11567.977,0.060
1757011761.718642,11570.046,0.060
1757011761.720712,11572.115,0.060
1757011761.722779,11574.183,0.060
1757011761.724846,11576.250,0.060
1757011761.726915,11578.318,0.060
1757011761.728987,11580.391,0.060
1757011761.731056,11582.460,0.060
1757011761.733124,11584.527,0.060
1757011761.735193,11586.596,0.060
1757011761.737261,11588.664,0.060
1757011761.739330,11590.733,0.060
1757011761.741398,11592.802,0.060
1757011761.743467,11594.871,0.060
1757011761.745536,11596.940,0.060
1757011761.747606,11599.010,0.060
1757011761.749675,11601.078,0.060
1757011761.751743,11603.147,0.060
1757011761.753812,11605.216,0.060
1757011761.755883,11607.286,0.060
1757011761.757951,11609.354,0.060
1757011761.760021,11611.425,0.060
1757011761.762090,11613.494,0.060
1757011761.764160,11615.563,0.060
1757011761.766228,11617.632,0.060
1757011761.768295,11619.699,0.060
1757011761.770364,11621.767,0.060
1757011761.772430,11623.834,0.060
1757011761.774499,11625.903,0.060
1757011761.776567,11627.970,0.060
1757011761.778636,11630.039,0.060
1757011761.780704,11632.107,0.060
1757011761.782772,11634.176,0.060
1757011761.784841,11636.245,0.060
1757011761.786910,11638.314,0.060
1757011761.788978,11640.381,0.060
1757011761.791046,11642.449,0.060
1757011761.793114,11644.518,0.060
1757011761.795183,11646.586,0.060
1757011761.797250,11648.654,0.060
1757011761.799319,11650.723,0.060
1757011761.801389,11652.793,0.060
1757011761.803459,11654.862,0.060
1757011761.805528,11656.931,0.060
1757011761.807597,11659.001,0.060
1757011761.809666,11661.069,0.060
1757011761.811736,11663.139,0.060
1757011761.813805,11665.209,0.060
1757011761.815874,11667.278,0.060
1757011761.817943,11669.346,0.060
1757011761.820019,11671.423,0.060
1757011761.822088,11673.491,0.060
1757011761.824157,11675.560,0.060
1757011761.826225,11677.629,0.060
1757011761.828291,11679.695,0.060
1757011761.830361,11681.765,0.060
1757011761.832430,11683.833,0.060
1757011761.834499,11685.902,0.060
1757011761.836568,11687.971,0.060
1757011761.838637,11690.041,0.060
1757011761.840710,11692.114,0.060
1757011761.842779,11694.183,0.060
1757011761.844849,11696.252,0.060
1757011761.846918,11698.322,0.060
1757011761.848987,11700.391,0.060
1757011761.851057,11702.461,0.060
1757011761.853125,11704.529,0.060
1757011761.855194,11706.597,0.060
1757011761.857262,11708.666,0.060
1757011761.859332,11710.735,0.060
1757011761.861402,11712.805,0.060
1757011761.863470,11714.874,0.060
1757011761.865540,11716.944,0.060
1757011761.867609,11719.012,0.060
1757011761.869678,11721.081,0.060
1757011761.871747,11723.151,0.060
1757011761.873816,11725.220,0.060
1757011761.875885,11727.289,0.060
1757011761.877954,11729.357,0.060
1757011761.880027,11731.430,0.060
1757011761.882097,11733.500,0.060
1757011761.884165,11735.569,0.060
1757011761.886235,11737.638,0.060
1757011761.888304,11739.707,0.060
1757011761.890373,11741.776,0.060
1757011761.892440,11743.844,0.060
1757011761.894509,11745.912,0.060
1757011761.896581,11747.984,0.060
1757011761.898650,11750.054,0.060
1757011761.900719,11752.122,0.060
1757011761.902788,11754.191,0.060
1757011761.904855,11756.258,0.060
1757011761.906924,11758.327,0.060
1757011761.908992,11760.396,0.060
1757011761.911061,11762.465,0.060
1757011761.913131,11764.534,0.060
1757011761.915200,11766.603,0.060
1757011761.917268,11768.671,0.060
1757011761.919337,11770.741,0.060
1757011761.921407,11772.810,0.060
1757011761.923476,11774.879,0.060
1757011761.925545,11776.948,0.060
1757011761.927613,11779.017,0.060
1757011761.929681,11781.084,0.060
1757011761.931750,11783.153,0.060
1757011761.933819,11785.222,0.060
1757011761.935887,11787.291,0.060
1757011761.937957,11789.360,0.060
1757011761.940022,11791.426,0.060
1757011761.942093,11793.497,0.060
1757011761.944162,11795.565,0.060
1757011761.946231,11797.635,0.060
1757011761.948298,11799.702,0.060
1757011761.950368,11801.771,0.060
1757011761.952436,11803.840,0.060
1757011761.954506,11805.909,0.060
1757011761.956573,11807.976,0.060
1757011761.958642,11810.045,0.060
1757011761.960711,11812.115,0.060
1757011761.962779,11814.183,0.060
1757011761.964848,11816.251,0.060
1757011761.966916,11818.320,0.060
1757011761.968985,11820.389,0.060
1757011761.971053,11822.457,0.060
1757011761.973121,11824.524,0.060
1757011761.975190,11826.593,0.060
1757011761.977259,11828.662,0.060
1757011761.979327,11830.731,0.060
1757011761.981397,11832.801,0.060
1757011761.983467,11834.870,0.060
1757011761.985535,11836.938,0.060
1757011761.987604,11839.007,0.060
1757011761.989672,11841.075,0.060
1757011761.991740,11843.144,0.060
1757011761.993810,11845.213,0.060
1757011761.995878,11847.282,0.060
1757011761.997946,11849.350,0.060
1757011762.000026,11851.430,0.060
1757011762.002095,11853.499,0.060
1757011762.004164,11855.567,0.060
1757011762.006233,11857.636,0.060
1757011762.008301,11859.704,0.060
1757011762.010370,11861.774,0.060
1757011762.012439,11863.842,0.060
1757011762.014507,11865.910,0.060
1757011762.016578,11867.982,0.060
1757011762.018648,11870.051,0.060
1757011762.020716,11872.120,0.060
1757011762.022785,11874.189,0.060
1757011762.024853,11876.257,0.060
1757011762.026923,11878.327,0.060
1757011762.028991,11880.394,0.060
1757011762.031060,11882.463,0.060
1757011762.033128,11884.532,0.060
1757011762.035197,11886.601,0.060
1757011762.037265,11888.669,0.060
1757011762.039334,11890.738,0.060
1757011762.041403,11892.807,0.060
1757011762.043473,11894.876,0.060
1757011762.045542,11896.946,0.060
1757011762.047611,11899.015,0.060
1757011762.049680,11901.084,0.060
1757011762.051749,11903.153,0.060
1757011762.053820,11905.223,0.060
1757011762.055890,11907.293,0.060
1757011762.057959,11909.363,0.060
1757011762.060023,11911.427,0.060
1757011762.062095,11913.498,0.060
1757011762.064164,11915.568,0.060
1757011762.066234,11917.637,0.060
1757011762.068302,11919.705,0.060
1757011762.070371,11921.775,0.060
1757011762.072438,11923.842,0.060
1757011762.074507,11925.910,0.060
1757011762.076573,11927.977,0.060
1757011762.078642,11930.046,0.060
1757011762.080711,11932.114,0.060
1757011762.082780,11934.184,0.060
1757011762.084848,11936.251,0.060
1757011762.086917,11938.320,0.060
1757011762.088985,11940.389,0.060
1757011762.091054,11942.457,0.060
1757011762.093122,11944.525,0.060
1757011762.095191,11946.594,0.060
1757011762.097260,11948.663,0.060
1757011762.099329,11950.732,0.060
1757011762.101397,11952.801,0.060
1757011762.103466,11954.870,0.060
1757011762.105540,11956.944,0.060
1757011762.107609,11959.012,0.060
1757011762.109677,11961.080,0.060
1757011762.111746,11963.150,0.060
1757011762.113816,11965.219,0.060
1757011762.115885,11967.288,0.060
1757011762.117954,11969.357,0.060
1757011762.120026,11971.429,0.060
1757011762.122094,11973.498,0.060
1757011762.124162,11975.565,0.060
1757011762.126231,11977.634,0.060
1757011762.128297,11979.701,0.060
1757011762.130367,11981.770,0.060
1757011762.132432,11983.836,0.060
1757011762.134500,11985.904,0.060
1757011762.136568,11987.971,0.060
1757011762.138637,11990.040,0.060
1757011762.140704,11992.108,0.060
1757011762.142773,11994.177,0.060
1757011762.144841,11996.244,0.060
1757011762.146910,11998.313,0.060
1757011762.148978,12000.381,0.060
1757011762.151047,12002.451,0.060
1757011762.153116,12004.519,0.060
1757011762.155184,12006.588,0.060
1757011762.157253,12008.656,0.060
1757011762.159321,12010.725,0.060
1757011762.161390,12012.794,0.060
1757011762.163459,12014.863,0.060
1757011762.165530,12016.933,0.060
1757011762.167598,12019.002,0.060
1757011762.169666,12021.069,0.060
1757011762.171734,12023.137,0.060
1757011762.173802,12025.205,0.060
1757011762.175871,12027.274,0.060
1757011762.177939,12029.342,0.060
1757011762.180015,12031.419,0.060
1757011762.182085,12033.488,0.060
1757011762.184151,12035.554,0.060
1757011762.186220,12037.623,0.060
1757011762.188288,12039.691,0.060
1757011762.190357,12041.761,0.060
1757011762.192426,12043.830,0.060
1757011762.194495,12045.898,0.060
1757011762.196562,12047.965,0.060
1757011762.198630,12050.034,0.060
1757011762.200697,12052.101,0.060
1757011762.202767,12054.170,0.060
1757011762.204834,12056.238,0.060
1757011762.206903,12058.307,0.060
1757011762.208972,12060.376,0.060
1757011762.211041,12062.445,0.060
1757011762.213110,12064.513,0.060
1757011762.215178,12066.582,0.060
1757011762.217248,12068.652,0.060
1757011762.219317,12070.721,0.060
1757011762.221387,12072.790,0.060
1757011762.223455,12074.858,0.060
1757011762.225527,12076.930,0.060
1757011762.227595,12078.999,0.060
1757011762.229663,12081.067,0.060
1757011762.231733,12083.137,0.060
1757011762.233802,12085.206,0.060
1757011762.235872,12087.275,0.060
1757011762.237941,12089.344,0.060
1757011762.240021,12091.424,0.060
1757011762.242090,12093.493,0.060
1757011762.244158,12095.562,0.060
1757011762.246226,12097.630,0.060
1757011762.248293,12099.697,0.060
1757011762.250362,12101.765,0.060
1757011762.252431,12103.835,0.060
1757011762.254500,12105.903,0.060
1757011762.256568,12107.971,0.060
1757011762.258637,12110.040,0.060
1757011762.260705,12112.109,0.060
1757011762.262774,12114.178,0.060
1757011762.264842,12116.246,0.060
1757011762.266911,12118.314,0.060
1757011762.268979,12120.382,0.060
1757011762.271047,12122.451,0.060
1757011762.273115,12124.519,0.060
1757011762.275184,12126.587,0.060
1757011762.277253,12128.656,0.060
1757011762.279321,12130.725,0.060
1757011762.281390,12132.794,0.060
1757011762.283459,12134.862,0.060
1757011762.285527,12136.931,0.060
1757011762.287596,12138.999,0.060
1757011762.289664,12141.068,0.060
1757011762.291734,12143.137,0.060
1757011762.293802,12145.206,0.060
1757011762.295871,12147.274,0.060
1757011762.297941,12149.345,0.060
1757011762.300021,12151.424,0.060
1757011762.302089,12153.492,0.060
1757011762.304159,12155.562,0.060
1757011762.306228,12157.632,0.060
1757011762.308295,12159.698,0.060
1757011762.310363,12161.767,0.060
1757011762.312432,12163.835,0.060
1757011762.314500,12165.904,0.060
1757011762.316569,12167.972,0.060
1757011762.318637,12170.041,0.060
1757011762.320706,12172.109,0.060
1757011762.322774,12174.178,0.060
1757011762.324841,12176.245,0.060
1757011762.326910,12178.313,0.060
1757011762.328979,12180.382,0.060
1757011762.331048,12182.451,0.060
1757011762.333115,12184.518,0.060
1757011762.335183,12186.586,0.060
1757011762.337251,12188.655,0.060
1757011762.339320,12190.724,0.060
1757011762.341390,12192.793,0.060
1757011762.343459,12194.863,0.060
1757011762.345529,12196.933,0.060
1757011762.347599,12199.002,0.060
1757011762.349667,12201.071,0.060
1757011762.351737,12203.140,0.060
1757011762.353806,12205.209,0.060
1757011762.355875,12207.278,0.060
1757011762.357943,12209.346,0.060
1757011762.360027,12211.430,0.060
1757011762.362096,12213.500,0.060
1757011762.364164,12215.568,0.060
1757011762.366233,12217.636,0.060
1757011762.368299,12219.703,0.060
1757011762.370368,12221.772,0.060
1757011762.372437,12223.840,0.060
1757011762.374505,12225.909,0.060
1757011762.376578,12227.981,0.060
1757011762.378646,12230.049,0.060
1757011762.380714,12232.118,0.060
1757011762.382783,12234.187,0.060
1757011762.384850,12236.254,0.060
1757011762.386920,12238.323,0.060
1757011762.388987,12240.391,0.060
1757011762.391055,12242.459,0.060
1757011762.393123,12244.527,0.060
1757011762.395192,12246.596,0.060
1757011762.397260,12248.664,0.060
1757011762.399330,12250.734,0.060
1757011762.401401,12252.805,0.060
1757011762.403470,12254.874,0.060
1757011762.405540,12256.943,0.060
1757011762.407608,12259.012,0.060
1757011762.409676,12261.080,0.060
1757011762.411746,12263.149,0.060
1757011762.413815,12265.218,0.060
1757011762.415883,12267.286,0.060
1757011762.417952,12269.355,0.060
1757011762.420023,12271.426,0.060
1757011762.422091,12273.495,0.060
1757011762.424160,12275.563,0.060
1757011762.426228,12277.632,0.060
1757011762.428294,12279.697,0.060
1757011762.430363,12281.766,0.060
1757011762.432432,12283.835,0.060
1757011762.434500,12285.904,0.060
1757011762.436568,12287.971,0.060
1757011762.438636,12290.040,0.060
1757011762.440703,12292.107,0.060
1757011762.442772,12294.175,0.060
1757011762.444840,12296.244,0.060
1757011762.446909,12298.313,0.060
1757011762.448978,12300.382,0.060
1757011762.451047,12302.450,0.060
1757011762.453115,12304.518,0.060
1757011762.455184,12306.588,0.060
1757011762.457253,12308.656,0.060
1757011762.459320,12310.724,0.060
1757011762.461390,12312.793,0.060
1757011762.463459,12314.863,0.060
1757011762.465528,12316.932,0.060
1757011762.467598,12319.001,0.060
1757011762.469668,12321.071,0.060
1757011762.471738,12323.142,0.060
1757011762.473808,12325.212,0.060
1757011762.475877,12327.280,0.060
1757011762.477946,12329.350,0.060
1757011762.480024,12331.427,0.060
1757011762.482092,12333.496,0.060
1757011762.484161,12335.564,0.060
1757011762.486230,12337.633,0.060
1757011762.488297,12339.701,0.060
1757011762.490367,12341.770,0.060
1757011762.492434,12343.837,0.060
1757011762.494503,12345.906,0.060
1757011762.496571,12347.975,0.060
1757011762.498640,12350.044,0.060
1757011762.500710,12352.113,0.060
1757011762.502778,12354.182,0.060
1757011762.504846,12356.250,0.060
1757011762.506915,12358.319,0.060
1757011762.508984,12360.388,0.060
1757011762.511053,12362.457,0.060
1757011762.513120,12364.523,0.060
1757011762.515188,12366.592,0.060
1757011762.517258,12368.661,0.060
1757011762.519327,12370.730,0.060
1757011762.521396,12372.799,0.060
1757011762.523464,12374.868,0.060
1757011762.525534,12376.937,0.060
1757011762.527603,12379.006,0.060
1757011762.529671,12381.074,0.060
1757011762.531741,12383.144,0.060
1757011762.533810,12385.213,0.060
1757011762.535879,12387.282,0.060
1757011762.537949,12389.353,0.060
1757011762.540026,12391.430,0.060
1757011762.542095,12393.498,0.060
1757011762.544164,12395.567,0.060
1757011762.546233,12397.637,0.060
1757011762.548300,12399.704,0.060
1757011762.550369,12401.772,0.060
1757011762.552437,12403.840,0.060
1757011762.554506,12405.909,0.060
1757011762.556575,12407.978,0.060
1757011762.558643,12410.047,0.060
1757011762.560712,12412.115,0.060
1757011762.562780,12414.184,0.060
1757011762.564847,12416.250,0.060
1757011762.566916,12418.319,0.060
1757011762.568984,12420.387,0.060
1757011762.571052,12422.456,0.060
1757011762.573121,12424.525,0.060
1757011762.575190,12426.594,0.060
1757011762.577259,12428.663,0.060
1757011762.579328,12430.731,0.060
1757011762.581398,12432.801,0.060
1757011762.583467,12434.870,0.060
1757011762.585536,12436.940,0.060
1757011762.587607,12439.010,0.060
1757011762.589675,12441.079,0.060
1757011762.591744,12443.148,0.060
1757011762.593813,12445.216,0.060
1757011762.595882,12447.286,0.060
1757011762.597951,12449.355,0.060
1757011762.600022,12451.425,0.060
1757011762.602091,12453.494,0.060
1757011762.604160,12455.563,0.060
1757011762.606229,12457.632,0.060
1757011762.608296,12459.700,0.060
1757011762.610365,12461.769,0.060
1757011762.612434,12463.837,0.060
1757011762.614503,12465.906,0.060
1757011762.616569,12467.973,0.060
1757011762.618638,12470.041,0.060
1757011762.620706,12472.109,0.060
1757011762.622773,12474.177,0.060
1757011762.624841,12476.244,0.060
1757011762.626910,12478.313,0.060
1757011762.628978,12480.381,0.060
1757011762.631046,12482.450,0.060
1757011762.633114,12484.517,0.060
1757011762.635182,12486.585,0.060
1757011762.637251,12488.655,0.060
1757011762.639320,12490.724,0.060
1757011762.641392,12492.796,0.060
1757011762.643462,12494.865,0.060
1757011762.645530,12496.934,0.060
1757011762.647599,12499.003,0.060
1757011762.649667,12501.071,0.060
1757011762.651737,12503.140,0.060
1757011762.653806,12505.210,0.060
1757011762.655875,12507.278,0.060
1757011762.657943,12509.347,0.060
1757011762.660026,12511.429,0.060
1757011762.662095,12513.498,0.060
1757011762.664164,12515.567,0.060
1757011762.666233,12517.637,0.060
1757011762.668300,12519.703,0.060
1757011762.670368,12521.772,0.060
1757011762.672437,12523.841,0.060
1757011762.674505,12525.909,0.060
1757011762.676574,12527.977,0.060
1757011762.678643,12530.046,0.060
1757011762.680711,12532.115,0.060
1757011762.682780,12534.184,0.060
1757011762.684851,12536.254,0.060
1757011762.686920,12538.324,0.060
1757011762.688989,12540.393,0.060
1757011762.691058,12542.462,0.060
1757011762.693126,12544.530,0.060
1757011762.695195,12546.598,0.060
1757011762.697262,12548.665,0.060
1757011762.699332,12550.735,0.060
1757011762.701398,12552.802,0.060
1757011762.703467,12554.870,0.060
1757011762.705536,12556.939,0.060
1757011762.707604,12559.007,0.060
1757011762.709672,12561.076,0.060
1757011762.711741,12563.144,0.060
1757011762.713809,12565.212,0.060
1757011762.715878,12567.281,0.060
1757011762.717946,12569.349,0.060
1757011762.720019,12571.423,0.060
1757011762.722088,12573.491,0.060
1757011762.724156,12575.560,0.060
1757011762.726226,12577.629,0.060
1757011762.728294,12579.698,0.060
1757011762.730363,12581.766,0.060
1757011762.732430,12583.833,0.060
1757011762.734498,12585.901,0.060
1757011762.736569,12587.972,0.060
1757011762.738637,12590.040,0.060
1757011762.740703,12592.107,0.060
1757011762.742773,12594.176,0.060
1757011762.744843,12596.246,0.060
1757011762.746912,12598.316,0.060
1757011762.748981,12600.384,0.060
1757011762.751050,12602.453,0.060
1757011762.753119,12604.522,0.060
1757011762.755187,12606.591,0.060
1757011762.757257,12608.660,0.060
1757011762.759326,12610.729,0.060
1757011762.761395,12612.798,0.060
1757011762.763463,12614.867,0.060
1757011762.765532,12616.935,0.060
1757011762.767601,12619.004,0.060
1757011762.769669,12621.073,0.060
1757011762.771738,12623.142,0.060
1757011762.773808,12625.211,0.060
1757011762.775877,12627.280,0.060
1757011762.777945,12629.348,0.060
1757011762.780021,12631.425,0.060
1757011762.782090,12633.493,0.060
1757011762.784159,12635.563,0.060
1757011762.786228,12637.632,0.060
1757011762.788297,12639.700,0.060
1757011762.790366,12641.769,0.060
1757011762.792434,12643.838,0.060
1757011762.794503,12645.906,0.060
1757011762.796570,12647.973,0.060
1757011762.798639,12650.042,0.060
1757011762.800708,12652.111,0.060
1757011762.802776,12654.180,0.060
1757011762.804845,12656.248,0.060
1757011762.806913,12658.317,0.060
1757011762.808982,12660.386,0.060
1757011762.811050,12662.453,0.060
1757011762.813118,12664.521,0.060
1757011762.815187,12666.590,0.060
1757011762.817255,12668.659,0.060
1757011762.819323,12670.727,0.060
1757011762.821392,12672.796,0.060
1757011762.823461,12674.864,0.060
1757011762.825529,12676.933,0.060
1757011762.827599,12679.002,0.060
1757011762.829667,12681.070,0.060
1757011762.831737,12683.140,0.060
1757011762.833806,12685.210,0.060
1757011762.835876,12687.279,0.060
1757011762.837943,12689.347,0.060
1757011762.840028,12691.431,0.060
1757011762.842096,12693.500,0.060
1757011762.844165,12695.568,0.060
1757011762.846233,12697.637,0.060
1757011762.848300,12699.703,0.060
1757011762.850368,12701.771,0.060
1757011762.852436,12703.839,0.060
1757011762.854505,12705.908,0.060
1757011762.856572,12707.976,0.060
1757011762.858640,12710.044,0.060
1757011762.860708,12712.112,0.060
1757011762.862777,12714.180,0.060
1757011762.864844,12716.248,0.060
1757011762.866913,12718.316,0.060
1757011762.868980,12720.384,0.060
1757011762.871049,12722.453,0.060
1757011762.873117,12724.520,0.060
1757011762.875186,12726.590,0.060
1757011762.877254,12728.657,0.060
1757011762.879322,12730.726,0.060
1757011762.881391,12732.794,0.060
1757011762.883460,12734.864,0.060
1757011762.885530,12736.933,0.060
1757011762.887598,12739.002,0.060
1757011762.889666,12741.070,0.060
1757011762.891736,12743.139,0.060
1757011762.893804,12745.208,0.060
1757011762.895874,12747.277,0.060
1757011762.897943,12749.346,0.060
1757011762.900022,12751.425,0.060
1757011762.902091,12753.495,0.060
1757011762.904160,12755.563,0.060
1757011762.906229,12757.632,0.060
1757011762.908296,12759.700,0.060
1757011762.910365,12761.769,0.060
1757011762.912435,12763.838,0.060
1757011762.914503,12765.906,0.060
1757011762.916570,12767.974,0.060
1757011762.918640,12770.043,0.060
1757011762.920709,12772.112,0.060
1757011762.922778,12774.182,0.060
1757011762.924850,12776.253,0.060
1757011762.926919,12778.323,0.060
1757011762.928988,12780.391,0.060
1757011762.931057,12782.460,0.060
1757011762.933125,12784.528,0.060
1757011762.935194,12786.597,0.060
1757011762.937263,12788.666,0.060
1757011762.939331,12790.735,0.060
1757011762.941401,12792.804,0.060
1757011762.943469,12794.873,0.060
1757011762.945538,12796.941,0.060
1757011762.947607,12799.011,0.060
1757011762.949676,12801.079,0.060
1757011762.951745,12803.148,0.060
1757011762.953814,12805.218,0.060
1757011762.955883,12807.287,0.060
1757011762.957951,12809.355,0.060
1757011762.960025,12811.428,0.060
1757011762.962094,12813.497,0.060
1757011762.964161,12815.565,0.060
1757011762.966230,12817.633,0.060
1757011762.968297,12819.700,0.060
1757011762.970365,12821.769,0.060
1757011762.972432,12823.835,0.060
1757011762.974500,12825.904,0.060
1757011762.976568,12827.971,0.060
1757011762.978636,12830.039,0.060
1757011762.980703,12832.106,0.060
1757011762.982771,12834.175,0.060
1757011762.984839,12836.242,0.060
1757011762.986907,12838.311,0.060
1757011762.988977,12840.381,0.060
1757011762.991046,12842.449,0.060
1757011762.993113,12844.517,0.060
1757011762.995181,12846.585,0.060
1757011762.997249,12848.653,0.060
1757011762.999318,12850.721,0.060
1757011763.001387,12852.790,0.060
1757011763.003455,12854.859,0.060
1757011763.005524,12856.927,0.060
1757011763.007593,12858.996,0.060
1757011763.009662,12861.065,0.060
1757011763.011731,12863.134,0.060
1757011763.013800,12865.203,0.060
1757011763.015869,12867.272,0.060
1757011763.017937,12869.340,0.060
1757011763.020016,12871.420,0.060
1757011763.022089,12873.492,0.060
1757011763.024156,12875.559,0.060
1757011763.026226,12877.629,0.060
1757011763.028297,12879.701,0.060
1757011763.030366,12881.770,0.060
1757011763.032435,12883.839,0.060
1757011763.034504,12885.908,0.060
1757011763.036573,12887.976,0.060
1757011763.038642,12890.045,0.060
1757011763.040710,12892.114,0.060
1757011763.042779,12894.182,0.060
1757011763.044847,12896.250,0.060
1757011763.046915,12898.319,0.060
1757011763.048981,12900.385,0.060
1757011763.051050,12902.454,0.060
1757011763.053120,12904.524,0.060
1757011763.055189,12906.592,0.060
1757011763.057257,12908.661,0.060
1757011763.059326,12910.730,0.060
1757011763.061395,12912.799,0.060
1757011763.063464,12914.868,0.060
1757011763.065533,12916.936,0.060
1757011763.067602,12919.005,0.060
1757011763.069671,12921.074,0.060
1757011763.071740,12923.143,0.060
1757011763.073811,12925.214,0.060
1757011763.075880,12927.283,0.060
1757011763.077948,12929.352,0.060
1757011763.080025,12931.429,0.060
1757011763.082093,12933.497,0.060
1757011763.084161,12935.564,0.060
1757011763.086230,12937.634,0.060
1757011763.088296,12939.700,0.060
1757011763.090364,12941.768,0.060
1757011763.092433,12943.837,0.060
1757011763.094502,12945.906,0.060
1757011763.096570,12947.973,0.060
1757011763.098639,12950.042,0.060
1757011763.100709,12952.112,0.060
1757011763.102777,12954.181,0.060
1757011763.104846,12956.249,0.060
1757011763.106915,12958.318,0.060
1757011763.108982,12960.386,0.060
1757011763.111052,12962.455,0.060
1757011763.113121,12964.524,0.060
1757011763.115189,12966.593,0.060
1757011763.117257,12968.661,0.060
1757011763.119326,12970.730,0.060
1757011763.121397,12972.800,0.060
1757011763.123465,12974.868,0.060
1757011763.125533,12976.937,0.060
1757011763.127603,12979.006,0.060
1757011763.129671,12981.075,0.060
1757011763.131740,12983.144,0.060
1757011763.133809,12985.212,0.060
1757011763.135878,12987.281,0.060
1757011763.137947,12989.350,0.060
1757011763.140021,12991.424,0.060
1757011763.142090,12993.493,0.060
1757011763.144159,12995.562,0.060
1757011763.146228,12997.632,0.060
1757011763.148295,12999.698,0.060
1757011763.150364,13001.768,0.060
1757011763.152433,13003.836,0.060
1757011763.154502,13005.905,0.060
1757011763.156569,13007.973,0.060
1757011763.158642,13010.046,0.060
1757011763.160714,13012.118,0.060
1757011763.162784,13014.187,0.060
1757011763.164852,13016.256,0.060
1757011763.166921,13018.324,0.060
1757011763.168988,13020.391,0.060
1757011763.171056,13022.460,0.060
1757011763.173124,13024.528,0.060
1757011763.175193,13026.596,0.060
1757011763.177261,13028.664,0.060
1757011763.179330,13030.734,0.060
1757011763.181397,13032.801,0.060
1757011763.183465,13034.869,0.060
1757011763.185532,13036.936,0.060
1757011763.187599,13039.003,0.060
1757011763.189669,13041.072,0.060
1757011763.191736,13043.140,0.060
1757011763.193805,13045.209,0.060
1757011763.195874,13047.278,0.060
1757011763.197942,13049.346,0.060
1757011763.200016,13051.420,0.060
1757011763.202085,13053.489,0.060
1757011763.204154,13055.558,0.060
1757011763.206223,13057.627,0.060
1757011763.208289,13059.693,0.060
1757011763.210363,13061.766,0.060
1757011763.212430,13063.834,0.060
1757011763.214499,13065.902,0.060
1757011763.216567,13067.971,0.060
1757011763.218636,13070.040,0.060
1757011763.220704,13072.108,0.060
1757011763.222774,13074.178,0.060
1757011763.224841,13076.245,0.060
1757011763.226909,13078.313,0.060
1757011763.228977,13080.380,0.060
1757011763.231045,13082.448,0.060
1757011763.233115,13084.518,0.060
1757011763.235184,13086.588,0.060
1757011763.237253,13088.656,0.060
1757011763.239322,13090.725,0.060
1757011763.241394,13092.797,0.060
1757011763.243462,13094.866,0.060
1757011763.245530,13096.934,0.060
1757011763.247599,13099.002,0.060
1757011763.249668,13101.071,0.060
1757011763.251737,13103.141,0.060
1757011763.253806,13105.209,0.060
1757011763.255875,13107.279,0.060
1757011763.257944,13109.347,0.060
1757011763.260028,13111.431,0.060
1757011763.262097,13113.501,0.060
1757011763.264165,13115.569,0.060
1757011763.266234,13117.637,0.060
1757011763.268301,13119.704,0.060
1757011763.270369,13121.773,0.060
1757011763.272438,13123.841,0.060
1757011763.274506,13125.910,0.060
1757011763.276573,13127.976,0.060
1757011763.278641,13130.045,0.060
1757011763.280710,13132.113,0.060
1757011763.282779,13134.182,0.060
1757011763.284850,13136.253,0.060
1757011763.286919,13138.322,0.060
1757011763.288989,13140.392,0.060
1757011763.291058,13142.461,0.060
1757011763.293126,13144.530,0.060
1757011763.295195,13146.599,0.060
1757011763.297265,13148.668,0.060
1757011763.299335,13150.738,0.060
1757011763.301404,13152.807,0.060
1757011763.303473,13154.876,0.060
1757011763.305542,13156.945,0.060
1757011763.307611,13159.014,0.060
1757011763.309680,13161.084,0.060
1757011763.311749,13163.152,0.060
1757011763.313818,13165.222,0.060
1757011763.315887,13167.291,0.060
1757011763.317957,13169.360,0.060
1757011763.320021,13171.425,0.060
1757011763.322090,13173.493,0.060
1757011763.324159,13175.562,0.060
1757011763.326227,13177.631,0.060
1757011763.328295,13179.698,0.060
1757011763.330363,13181.767,0.060
1757011763.332432,13183.835,0.060
1757011763.334500,13185.904,0.060
1757011763.336567,13187.970,0.060
1757011763.338637,13190.040,0.060
1757011763.340704,13192.108,0.060
1757011763.342773,13194.177,0.060
1757011763.344841,13196.245,0.060
1757011763.346910,13198.314,0.060
1757011763.348980,13200.383,0.060
1757011763.351048,13202.451,0.060
1757011763.353119,13204.522,0.060
1757011763.355187,13206.591,0.060
1757011763.357256,13208.659,0.060
1757011763.359325,13210.728,0.060
1757011763.361393,13212.796,0.060
1757011763.363462,13214.866,0.060
1757011763.365531,13216.935,0.060
1757011763.367600,13219.003,0.060
1757011763.369668,13221.072,0.060
1757011763.371737,13223.141,0.060
1757011763.373805,13225.209,0.060
1757011763.375874,13227.277,0.060
1757011763.377942,13229.346,0.060
1757011763.380025,13231.429,0.060
1757011763.382094,13233.498,0.060
1757011763.384163,13235.566,0.060
1757011763.386231,13237.635,0.060
1757011763.388298,13239.702,0.060
1757011763.390368,13241.771,0.060
1757011763.392436,13243.840,0.060
1757011763.394506,13245.909,0.060
1757011763.396572,13247.975,0.060
1757011763.398640,13250.044,0.060
1757011763.400710,13252.113,0.060
1757011763.402778,13254.181,0.060
1757011763.404844,13256.248,0.060
1757011763.406913,13258.316,0.060
1757011763.408981,13260.385,0.060
1757011763.411051,13262.454,0.060
1757011763.413119,13264.523,0.060
1757011763.415188,13266.592,0.060
1757011763.417257,13268.660,0.060
1757011763.419325,13270.729,0.060
1757011763.421395,13272.798,0.060
1757011763.423463,13274.867,0.060
1757011763.425533,13276.936,0.060
1757011763.427602,13279.006,0.060
1757011763.429670,13281.074,0.060
1757011763.431738,13283.142,0.060
1757011763.433807,13285.211,0.060
1757011763.435875,13287.279,0.060
1757011763.437944,13289.347,0.060
1757011763.440021,13291.425,0.060
1757011763.442090,13293.494,0.060
1757011763.444159,13295.563,0.060
1757011763.446229,13297.632,0.060
1757011763.448296,13299.699,0.060
1757011763.450364,13301.767,0.060
1757011763.452433,13303.836,0.060
1757011763.454502,13305.905,0.060
1757011763.456568,13307.972,0.060
1757011763.458636,13310.040,0.060
1757011763.460705,13312.108,0.060
1757011763.462773,13314.177,0.060
1757011763.464841,13316.245,0.060
1757011763.466910,13318.313,0.060
1757011763.468978,13320.382,0.060
1757011763.471047,13322.451,0.060
1757011763.473117,13324.521,0.060
1757011763.475186,13326.589,0.060
1757011763.477254,13328.658,0.060
1757011763.479324,13330.728,0.060
1757011763.481395,13332.798,0.060
1757011763.483464,13334.867,0.060
1757011763.485533,13336.937,0.060
1757011763.487602,13339.006,0.060
1757011763.489671,13341.074,0.060
1757011763.491739,13343.143,0.060
1757011763.493809,13345.213,0.060
1757011763.495880,13347.283,0.060
1757011763.497951,13349.354,0.060
1757011763.500026,13351.429,0.060
1757011763.502094,13353.498,0.060
1757011763.504163,13355.567,0.060
1757011763.506236,13357.640,0.060
1757011763.508305,13359.708,0.060
1757011763.510373,13361.777,0.060
1757011763.512442,13363.845,0.060
1757011763.514510,13365.914,0.060
1757011763.516579,13367.983,0.060
1757011763.518648,13370.052,0.060
1757011763.520719,13372.123,0.060
1757011763.522788,13374.191,0.060
1757011763.524855,13376.258,0.060
1757011763.526923,13378.326,0.060
1757011763.528992,13380.395,0.060
1757011763.531060,13382.464,0.060
1757011763.533129,13384.532,0.060
1757011763.535197,13386.601,0.060
1757011763.537266,13388.670,0.060
1757011763.539335,13390.739,0.060
1757011763.541405,13392.808,0.060
1757011763.543474,13394.878,0.060
1757011763.545542,13396.946,0.060
1757011763.547611,13399.015,0.060
1757011763.549680,13401.084,0.060
1757011763.551749,13403.153,0.060
1757011763.553818,13405.222,0.060
1757011763.555888,13407.291,0.060
1757011763.557961,13409.365,0.060
1757011763.560019,13411.423,0.060
1757011763.562089,13413.492,0.060
1757011763.564157,13415.561,0.060
1757011763.566228,13417.632,0.060
1757011763.568296,13419.699,0.060
1757011763.570365,13421.768,0.060
1757011763.572434,13423.837,0.060
1757011763.574502,13425.906,0.060
1757011763.576573,13427.977,0.060
1757011763.578641,13430.045,0.060
1757011763.580708,13432.111,0.060
1757011763.582778,13434.181,0.060
1757011763.584845,13436.248,0.060
1757011763.586913,13438.316,0.060
1757011763.588981,13440.385,0.060
1757011763.591051,13442.455,0.060
1757011763.593120,13444.523,0.060
1757011763.595188,13446.592,0.060
1757011763.597257,13448.660,0.060
1757011763.599326,13450.729,0.060
1757011763.601394,13452.798,0.060
1757011763.603464,13454.867,0.060
1757011763.605532,13456.936,0.060
1757011763.607601,13459.005,0.060
1757011763.609669,13461.073,0.060
1757011763.611738,13463.142,0.060
1757011763.613807,13465.211,0.060
1757011763.615876,13467.280,0.060
1757011763.617945,13469.349,0.060
1757011763.620023,13471.426,0.060
1757011763.622092,13473.495,0.060
1757011763.624160,13475.564,0.060
1757011763.626229,13477.632,0.060
1757011763.628295,13479.699,0.060
1757011763.630364,13481.768,0.060
1757011763.632433,13483.836,0.060
1757011763.634503,13485.907,0.060
1757011763.636570,13487.974,0.060
1757011763.638638,13490.042,0.060
1757011763.640707,13492.111,0.060
1757011763.642776,13494.180,0.060
1757011763.644845,13496.248,0.060
1757011763.646920,13498.324,0.060
1757011763.648991,13500.394,0.060
1757011763.651059,13502.462,0.060
1757011763.653126,13504.530,0.060
1757011763.655196,13506.599,0.060
1757011763.657265,13508.669,0.060
1757011763.659335,13510.738,0.060
1757011763.661405,13512.808,0.060
1757011763.663473,13514.877,0.060
1757011763.665542,13516.945,0.060
1757011763.667611,13519.015,0.060
1757011763.669680,13521.084,0.060
1757011763.671750,13523.153,0.060
1757011763.673818,13525.222,0.060
1757011763.675887,13527.291,0.060
1757011763.677956,13529.359,0.060
1757011763.680026,13531.429,0.060
1757011763.682094,13533.498,0.060
1757011763.684163,13535.566,0.060
1757011763.686231,13537.635,0.060
1757011763.688298,13539.702,0.060
1757011763.690367,13541.771,0.060
1757011763.692436,13543.839,0.060
1757011763.694504,13545.908,0.060
1757011763.696573,13547.977,0.060
1757011763.698642,13550.045,0.060
1757011763.700710,13552.113,0.060
1757011763.702780,13554.184,0.060
1757011763.704849,13556.252,0.060
1757011763.706918,13558.321,0.060
1757011763.708986,13560.390,0.060
1757011763.711055,13562.459,0.060
1757011763.713125,13564.528,0.060
1757011763.715194,13566.598,0.060
1757011763.717264,13568.667,0.060
1757011763.719333,13570.737,0.060
1757011763.721402,13572.806,0.060
1757011763.723469,13574.873,0.060
1757011763.725537,13576.940,0.060
1757011763.727604,13579.008,0.060
1757011763.729670,13581.074,0.060
1757011763.731738,13583.142,0.060
1757011763.733804,13585.208,0.060
1757011763.735872,13587.276,0.060
1757011763.737940,13589.343,0.060
1757011763.740014,13591.417,0.060
1757011763.742081,13593.485,0.060
1757011763.744145,13595.549,0.060
1757011763.746213,13597.616,0.060
1757011763.748280,13599.683,0.060
1757011763.750348,13601.751,0.060
1757011763.752414,13603.818,0.060
1757011763.754483,13605.886,0.060
1757011763.756550,13607.953,0.060
1757011763.758617,13610.021,0.060
1757011763.760684,13612.087,0.060
1757011763.762752,13614.155,0.060
1757011763.764820,13616.224,0.060
1757011763.766888,13618.291,0.060
1757011763.768957,13620.361,0.060
1757011763.771027,13622.430,0.060
1757011763.773095,13624.498,0.060
1757011763.775164,13626.568,0.060
1757011763.777235,13628.639,0.060
1757011763.779305,13630.708,0.060
1757011763.781372,13632.776,0.060
1757011763.783440,13634.844,0.060
1757011763.785510,13636.913,0.060
1757011763.787579,13638.983,0.060
1757011763.789647,13641.050,0.060
1757011763.791716,13643.120,0.060
1757011763.793784,13645.188,0.060
1757011763.795854,13647.257,0.060
1757011763.797923,13649.326,0.060
1757011763.799991,13651.395,0.060
1757011763.802060,13653.464,0.060
1757011763.804127,13655.530,0.060
1757011763.806196,13657.600,0.060
1757011763.808265,13659.668,0.060
1757011763.810334,13661.737,0.060
1757011763.812401,13663.804,0.060
1757011763.814469,13665.873,0.060
1757011763.816538,13667.941,0.060
1757011763.818607,13670.010,0.060
1757011763.820675,13672.079,0.060
1757011763.822744,13674.148,0.060
1757011763.824812,13676.215,0.060
1757011763.826883,13678.286,0.060
1757011763.828951,13680.354,0.060
1757011763.831020,13682.424,0.060
1757011763.833090,13684.493,0.060
1757011763.835158,13686.562,0.060
1757011763.837226,13688.629,0.060
1757011763.839294,13690.697,0.060
1757011763.841363,13692.766,0.060
1757011763.843432,13694.836,0.060
1757011763.845500,13696.904,0.060
1757011763.847569,13698.973,0.060
1757011763.849638,13701.041,0.060
1757011763.851706,13703.109,0.060
1757011763.853775,13705.178,0.060
1757011763.855843,13707.247,0.060
1757011763.857911,13709.315,0.060
1757011763.859979,13711.383,0.060
1757011763.862048,13713.451,0.060
1757011763.864114,13715.518,0.060
1757011763.866183,13717.586,0.060
1757011763.868250,13719.653,0.060
1757011763.870319,13721.722,0.060
1757011763.872385,13723.789,0.060
1757011763.874454,13725.857,0.060
1757011763.876522,13727.925,0.060
1757011763.878590,13729.994,0.060
1757011763.880657,13732.061,0.060
1757011763.882727,13734.130,0.060
1757011763.884796,13736.199,0.060
1757011763.886864,13738.267,0.060
1757011763.888933,13740.336,0.060
1757011763.891001,13742.404,0.060
1757011763.893069,13744.473,0.060
1757011763.895138,13746.542,0.060
1757011763.897207,13748.610,0.060
1757011763.899276,13750.679,0.060
1757011763.901343,13752.747,0.060
1757011763.903413,13754.816,0.060
1757011763.905482,13756.886,0.060
1757011763.907552,13758.955,0.060
1757011763.909620,13761.024,0.060
1757011763.911689,13763.092,0.060
1757011763.913756,13765.160,0.060
1757011763.915828,13767.231,0.060
1757011763.917896,13769.300,0.060
1757011763.919966,13771.369,0.060
1757011763.922036,13773.439,0.060
1757011763.924102,13775.506,0.060
1757011763.926171,13777.575,0.060
1757011763.928239,13779.642,0.060
1757011763.930308,13781.711,0.060
1757011763.932376,13783.779,0.060
1757011763.934444,13785.848,0.060
1757011763.936513,13787.917,0.060
1757011763.938582,13789.986,0.060
1757011763.940650,13792.053,0.060
1757011763.942719,13794.123,0.060
1757011763.944788,13796.191,0.060
1757011763.946855,13798.259,0.060
1757011763.948924,13800.327,0.060
1757011763.950993,13802.396,0.060
1757011763.953061,13804.465,0.060
1757011763.955130,13806.534,0.060
1757011763.957198,13808.602,0.060
1757011763.959267,13810.671,0.060
1757011763.961336,13812.740,0.060
1757011763.963405,13814.808,0.060
1757011763.965474,13816.877,0.060
1757011763.967543,13818.946,0.060
1757011763.969611,13821.014,0.060
1757011763.971680,13823.084,0.060
1757011763.973748,13825.151,0.060
1757011763.975817,13827.221,0.060
1757011763.977887,13829.290,0.060
1757011763.979959,13831.362,0.060
1757011763.982027,13833.431,0.060
1757011763.984095,13835.498,0.060
1757011763.986164,13837.567,0.060
1757011763.988232,13839.635,0.060
1757011763.990304,13841.708,0.060
1757011763.992372,13843.775,0.060
1757011763.994441,13845.844,0.060
1757011763.996509,13847.912,0.060
1757011763.998578,13849.982,0.060
1757011764.000646,13852.050,0.060
1757011764.002715,13854.119,0.060
1757011764.004785,13856.188,0.060
1757011764.006854,13858.258,0.060
1757011764.008923,13860.326,0.060
1757011764.010992,13862.395,0.060
1757011764.013063,13864.467,0.060
1757011764.015132,13866.536,0.060
1757011764.017200,13868.604,0.060
1757011764.019269,13870.673,0.060
1757011764.021338,13872.742,0.060
1757011764.023407,13874.811,0.060
1757011764.025476,13876.879,0.060
1757011764.027544,13878.948,0.060
1757011764.029613,13881.017,0.060
1757011764.031682,13883.085,0.060
1757011764.033750,13885.154,0.060
1757011764.035819,13887.222,0.060
1757011764.037887,13889.290,0.060
1757011764.039957,13891.360,0.060
1757011764.042028,13893.431,0.060
1757011764.044094,13895.497,0.060
1757011764.046162,13897.566,0.060
1757011764.048230,13899.633,0.060
1757011764.050299,13901.702,0.060
1757011764.052368,13903.771,0.060
1757011764.054437,13905.840,0.060
1757011764.056505,13907.908,0.060
1757011764.058573,13909.977,0.060
1757011764.060641,13912.044,0.060
1757011764.062709,13914.113,0.060
1757011764.064779,13916.183,0.060
1757011764.066848,13918.252,0.060
1757011764.068916,13920.320,0.060
1757011764.070985,13922.389,0.060
1757011764.073054,13924.457,0.060
1757011764.075123,13926.526,0.060
1757011764.077191,13928.595,0.060
1757011764.079260,13930.663,0.060
1757011764.081330,13932.733,0.060
1757011764.083399,13934.802,0.060
1757011764.085468,13936.871,0.060
1757011764.087537,13938.941,0.060
1757011764.089605,13941.009,0.060
1757011764.091675,13943.078,0.060
1757011764.093743,13945.147,0.060
1757011764.095812,13947.216,0.060
1757011764.097881,13949.284,0.060
1757011764.099950,13951.354,0.060
1757011764.102018,13953.422,0.060
1757011764.104084,13955.488,0.060
1757011764.106154,13957.558,0.060
1757011764.108223,13959.627,0.060
1757011764.110291,13961.695,0.060
1757011764.112358,13963.762,0.060
1757011764.114427,13965.831,0.060
1757011764.116496,13967.900,0.060
1757011764.118565,13969.969,0.060
1757011764.120635,13972.038,0.060
1757011764.122703,13974.107,0.060
1757011764.124772,13976.176,0.060
1757011764.126842,13978.245,0.060
1757011764.128910,13980.314,0.060
1757011764.130981,13982.385,0.060
1757011764.133052,13984.455,0.060
1757011764.135120,13986.524,0.060
1757011764.137189,13988.593,0.060
1757011764.139258,13990.662,0.060
1757011764.141326,13992.729,0.060
1757011764.143394,13994.797,0.060
1757011764.145465,13996.868,0.060
1757011764.147534,13998.938,0.060
1757011764.149603,14001.007,0.060
1757011764.151673,14003.076,0.060
1757011764.153742,14005.145,0.060
1757011764.155811,14007.215,0.060
1757011764.157880,14009.283,0.060
1757011764.159949,14011.353,0.060
1757011764.162018,14013.422,0.060
1757011764.164084,14015.488,0.060
1757011764.166153,14017.556,0.060
1757011764.168221,14019.625,0.060
1757011764.170290,14021.694,0.060
1757011764.172357,14023.761,0.060
1757011764.174425,14025.829,0.060
1757011764.176494,14027.898,0.060
1757011764.178563,14029.966,0.060
1757011764.180632,14032.036,0.060
1757011764.182701,14034.105,0.060
1757011764.184768,14036.172,0.060
1757011764.186837,14038.241,0.060
1757011764.188905,14040.308,0.060
1757011764.190974,14042.377,0.060
1757011764.193045,14044.448,0.060
1757011764.195113,14046.517,0.060
1757011764.197181,14048.585,0.060
1757011764.199250,14050.653,0.060
1757011764.201318,14052.721,0.060
1757011764.203387,14054.790,0.060
1757011764.205455,14056.859,0.060
1757011764.207524,14058.927,0.060
1757011764.209592,14060.996,0.060
1757011764.211661,14063.065,0.060
1757011764.213730,14065.133,0.060
1757011764.215799,14067.203,0.060
1757011764.217870,14069.273,0.060
1757011764.219938,14071.342,0.060
1757011764.222007,14073.410,0.060
1757011764.224073,14075.476,0.060
1757011764.226142,14077.545,0.060
1757011764.228210,14079.613,0.060
1757011764.230279,14081.683,0.060
1757011764.232347,14083.750,0.060
1757011764.234415,14085.818,0.060
1757011764.236484,14087.887,0.060
1757011764.238553,14089.956,0.060
1757011764.240620,14092.024,0.060
1757011764.242689,14094.093,0.060
1757011764.244763,14096.167,0.060
1757011764.246832,14098.235,0.060
1757011764.248899,14100.302,0.060
1757011764.250968,14102.371,0.060
1757011764.253036,14104.439,0.060
1757011764.255105,14106.508,0.060
1757011764.257174,14108.578,0.060
1757011764.259244,14110.647,0.060
1757011764.261312,14112.716,0.060
1757011764.263381,14114.784,0.060
1757011764.265450,14116.853,0.060
1757011764.267519,14118.922,0.060
1757011764.269588,14120.991,0.060
1757011764.271657,14123.060,0.060
1757011764.273725,14125.129,0.060
1757011764.275795,14127.198,0.060
1757011764.277864,14129.267,0.060
1757011764.279932,14131.335,0.060
1757011764.282001,14133.404,0.060
1757011764.284067,14135.471,0.060
1757011764.286136,14137.539,0.060
1757011764.288205,14139.609,0.060
1757011764.290275,14141.678,0.060
1757011764.292341,14143.745,0.060
1757011764.294410,14145.814,0.060
1757011764.296479,14147.882,0.060
1757011764.298547,14149.951,0.060
1757011764.300614,14152.018,0.060
1757011764.302682,14154.086,0.060
1757011764.304754,14156.157,0.060
1757011764.306822,14158.226,0.060
1757011764.308890,14160.294,0.060
1757011764.310959,14162.362,0.060
1757011764.313028,14164.432,0.060
1757011764.315097,14166.501,0.060
1757011764.317165,14168.568,0.060
1757011764.319234,14170.638,0.060
1757011764.321304,14172.707,0.060
1757011764.323373,14174.776,0.060
1757011764.325440,14176.844,0.060
1757011764.327510,14178.914,0.060
1757011764.329580,14180.983,0.060
1757011764.331650,14183.053,0.060
1757011764.333720,14185.123,0.060
1757011764.335789,14187.192,0.060
1757011764.337857,14189.261,0.060
1757011764.339927,14191.330,0.060
1757011764.341995,14193.399,0.060
1757011764.344063,14195.466,0.060
1757011764.346131,14197.535,0.060
1757011764.348198,14199.601,0.060
1757011764.350267,14201.671,0.060
1757011764.352334,14203.737,0.060
1757011764.354403,14205.807,0.060
1757011764.356473,14207.876,0.060
1757011764.358542,14209.945,0.060
1757011764.360609,14212.013,0.060
1757011764.362679,14214.082,0.060
1757011764.364748,14216.151,0.060
1757011764.366817,14218.221,0.060
1757011764.368885,14220.289,0.060
1757011764.370954,14222.358,0.060
1757011764.373020,14224.424,0.060
1757011764.375090,14226.494,0.060
1757011764.377159,14228.562,0.060
1757011764.379230,14230.633,0.060
1757011764.381299,14232.702,0.060
1757011764.383368,14234.772,0.060
1757011764.385437,14236.840,0.060
1757011764.387506,14238.910,0.060
1757011764.389575,14240.978,0.060
1757011764.391645,14243.048,0.060
1757011764.393714,14245.117,0.060
1757011764.395783,14247.187,0.060
1757011764.397852,14249.256,0.060
1757011764.399921,14251.325,0.060
1757011764.401992,14253.395,0.060
1757011764.404020,14255.424,0.060
1757011764.406090,14257.493,0.060
1757011764.408156,14259.559,0.060
1757011764.410225,14261.628,0.060
1757011764.412294,14263.698,0.060
1757011764.414364,14265.767,0.060
1757011764.416433,14267.836,0.060
1757011764.418502,14269.905,0.060
1757011764.420569,14271.972,0.060
1757011764.422638,14274.042,0.060
1757011764.424707,14276.111,0.060
1757011764.426777,14278.180,0.060
1757011764.428846,14280.249,0.060
1757011764.430915,14282.319,0.060
1757011764.432984,14284.387,0.060
1757011764.435053,14286.457,0.060
1757011764.437121,14288.525,0.060
1757011764.439191,14290.594,0.060
1757011764.441260,14292.663,0.060
1757011764.443329,14294.732,0.060
1757011764.445396,14296.800,0.060
1757011764.447465,14298.869,0.060
1757011764.449536,14300.940,0.060
1757011764.451607,14303.011,0.060
1757011764.453676,14305.080,0.060
1757011764.455745,14307.148,0.060
1757011764.457814,14309.218,0.060
1757011764.459884,14311.287,0.060
1757011764.461952,14313.356,0.060
1757011764.464026,14315.430,0.060
1757011764.466096,14317.500,0.060
1757011764.468164,14319.568,0.060
1757011764.470234,14321.637,0.060
1757011764.472301,14323.705,0.060
1757011764.474373,14325.777,0.060
1757011764.476442,14327.846,0.060
1757011764.478512,14329.915,0.060
1757011764.480583,14331.987,0.060
1757011764.482652,14334.056,0.060
1757011764.484722,14336.125,0.060
1757011764.486791,14338.194,0.060
1757011764.488860,14340.264,0.060
1757011764.490929,14342.332,0.060
1757011764.492997,14344.401,0.060
1757011764.495067,14346.470,0.060
1757011764.497136,14348.539,0.060
1757011764.499205,14350.609,0.060
1757011764.501274,14352.677,0.060
1757011764.503343,14354.747,0.060
1757011764.505413,14356.816,0.060
1757011764.507482,14358.885,0.060
1757011764.509551,14360.954,0.060
1757011764.511620,14363.023,0.060
1757011764.513689,14365.092,0.060
1757011764.515757,14367.161,0.060
1757011764.517826,14369.229,0.060
1757011764.519895,14371.299,0.060
1757011764.521964,14373.367,0.060
1757011764.524022,14375.425,0.060
1757011764.526093,14377.497,0.060
1757011764.528162,14379.566,0.060
1757011764.530231,14381.635,0.060
1757011764.532299,14383.702,0.060
1757011764.534368,14385.772,0.060
1757011764.536437,14387.841,0.060
1757011764.538508,14389.911,0.060
1757011764.540576,14391.980,0.060
1757011764.542647,14394.050,0.060
1757011764.544714,14396.118,0.060
1757011764.546783,14398.187,0.060
1757011764.548850,14400.254,0.060
1757011764.550921,14402.325,0.060
1757011764.552990,14404.393,0.060
1757011764.555059,14406.462,0.060
1757011764.557127,14408.530,0.060
1757011764.559195,14410.599,0.060
1757011764.561263,14412.667,0.060
1757011764.563332,14414.736,0.060
1757011764.565402,14416.805,0.060
1757011764.567472,14418.876,0.060
1757011764.569541,14420.944,0.060
1757011764.571610,14423.014,0.060
1757011764.573680,14425.083,0.060
1757011764.575750,14427.153,0.060
1757011764.577819,14429.222,0.060
1757011764.579888,14431.291,0.060
1757011764.581956,14433.360,0.060
1757011764.584025,14435.428,0.060
1757011764.586094,14437.498,0.060
1757011764.588162,14439.566,0.060
1757011764.590231,14441.635,0.060
1757011764.592300,14443.703,0.060
1757011764.594368,14445.772,0.060
1757011764.596437,14447.840,0.060
1757011764.598506,14449.910,0.060
1757011764.600574,14451.978,0.060
1757011764.602643,14454.047,0.060
1757011764.604714,14456.117,0.060
1757011764.606786,14458.190,0.060
1757011764.608856,14460.259,0.060
1757011764.610928,14462.332,0.060
1757011764.613001,14464.405,0.060
1757011764.615069,14466.473,0.060
1757011764.617137,14468.541,0.060
1757011764.619206,14470.610,0.060
1757011764.621277,14472.680,0.060
1757011764.623345,14474.749,0.060
1757011764.625416,14476.819,0.060
1757011764.627485,14478.889,0.060
1757011764.629554,14480.958,0.060
1757011764.631624,14483.027,0.060
1757011764.633693,14485.097,0.060
1757011764.635762,14487.166,0.060
1757011764.637831,14489.235,0.060
1757011764.639900,14491.304,0.060
1757011764.641969,14493.372,0.060
1757011764.644024,14495.428,0.060
1757011764.646094,14497.498,0.060
1757011764.648163,14499.566,0.060
1757011764.650232,14501.635,0.060
1757011764.652299,14503.702,0.060
1757011764.654368,14505.772,0.060
1757011764.656436,14507.839,0.060
1757011764.658504,14509.908,0.060
1757011764.660573,14511.976,0.060
1757011764.662642,14514.045,0.060
1757011764.664710,14516.114,0.060
1757011764.666779,14518.182,0.060
1757011764.668846,14520.249,0.060
1757011764.670914,14522.318,0.060
1757011764.672983,14524.386,0.060
1757011764.675052,14526.455,0.060
1757011764.677119,14528.523,0.060
1757011764.679188,14530.592,0.060
1757011764.681257,14532.661,0.060
1757011764.683326,14534.729,0.060
1757011764.685394,14536.797,0.060
1757011764.687464,14538.867,0.060
1757011764.689533,14540.937,0.060
1757011764.691602,14543.006,0.060
1757011764.693671,14545.074,0.060
1757011764.695740,14547.143,0.060
1757011764.697808,14549.212,0.060
1757011764.699877,14551.280,0.060
1757011764.701945,14553.348,0.060
1757011764.704023,14555.426,0.060
1757011764.706094,14557.497,0.060
1757011764.708162,14559.566,0.060
1757011764.710232,14561.635,0.060
1757011764.712298,14563.701,0.060
1757011764.714366,14565.770,0.060
1757011764.716434,14567.838,0.060
1757011764.718502,14569.906,0.060
1757011764.720572,14571.975,0.060
1757011764.722641,14574.044,0.060
1757011764.724709,14576.113,0.060
1757011764.726777,14578.180,0.060
1757011764.728843,14580.246,0.060
1757011764.730912,14582.315,0.060
1757011764.732981,14584.385,0.060
1757011764.735050,14586.454,0.060
1757011764.737119,14588.522,0.060
1757011764.739188,14590.591,0.060
1757011764.741256,14592.659,0.060
1757011764.743325,14594.728,0.060
1757011764.745394,14596.797,0.060
1757011764.747463,14598.866,0.060
1757011764.749531,14600.934,0.060
1757011764.751600,14603.003,0.060
1757011764.753669,14605.072,0.060
1757011764.755737,14607.141,0.060
1757011764.757807,14609.210,0.060
1757011764.759877,14611.280,0.060
1757011764.761945,14613.349,0.060
1757011764.764021,14615.425,0.060
1757011764.766090,14617.494,0.060
1757011764.768158,14619.562,0.060
1757011764.770228,14621.631,0.060
1757011764.772295,14623.699,0.060
1757011764.774365,14625.768,0.060
1757011764.776434,14627.837,0.060
1757011764.778503,14629.906,0.060
1757011764.780570,14631.974,0.060
1757011764.782639,14634.042,0.060
1757011764.784707,14636.111,0.060
1757011764.786776,14638.180,0.060
1757011764.788846,14640.249,0.060
1757011764.790914,14642.318,0.060
1757011764.792982,14644.386,0.060
1757011764.795051,14646.455,0.060
1757011764.797121,14648.524,0.060
1757011764.799190,14650.593,0.060
1757011764.801259,14652.663,0.060
1757011764.803328,14654.732,0.060
1757011764.805397,14656.800,0.060
1757011764.807466,14658.869,0.060
1757011764.809535,14660.938,0.060
1757011764.811604,14663.008,0.060
1757011764.813674,14665.077,0.060
1757011764.815743,14667.147,0.060
1757011764.817812,14669.216,0.060
1757011764.819881,14671.284,0.060
1757011764.821949,14673.353,0.060
1757011764.824023,14675.427,0.060
1757011764.826092,14677.495,0.060
1757011764.828160,14679.563,0.060
1757011764.830229,14681.632,0.060
1757011764.832295,14683.699,0.060
1757011764.834364,14685.768,0.060
1757011764.836434,14687.837,0.060
1757011764.838503,14689.906,0.060
1757011764.840572,14691.975,0.060
1757011764.842640,14694.044,0.060
1757011764.844709,14696.112,0.060
1757011764.846778,14698.181,0.060
1757011764.848845,14700.249,0.060
1757011764.850914,14702.318,0.060
1757011764.852983,14704.387,0.060
1757011764.855052,14706.456,0.060
1757011764.857121,14708.524,0.060
1757011764.859189,14710.592,0.060
1757011764.861258,14712.661,0.060
1757011764.863327,14714.731,0.060
1757011764.865396,14716.800,0.060
1757011764.867465,14718.869,0.060
1757011764.869535,14720.938,0.060
1757011764.871604,14723.007,0.060
1757011764.873673,14725.077,0.060
1757011764.875742,14727.146,0.060
1757011764.877810,14729.214,0.060
1757011764.879879,14731.283,0.060
1757011764.881948,14733.352,0.060
1757011764.884029,14735.432,0.060
1757011764.886097,14737.501,0.060
1757011764.888165,14739.568,0.060
1757011764.890234,14741.637,0.060
1757011764.892301,14743.704,0.060
1757011764.894370,14745.773,0.060
1757011764.896438,14747.842,0.060
1757011764.898507,14749.910,0.060
1757011764.900574,14751.978,0.060
1757011764.902643,14754.046,0.060
1757011764.904712,14756.115,0.060
1757011764.906781,14758.185,0.060
1757011764.908847,14760.251,0.060
1757011764.910916,14762.319,0.060
1757011764.912984,14764.388,0.060
1757011764.915053,14766.457,0.060
1757011764.917121,14768.524,0.060
1757011764.919189,14770.593,0.060
1757011764.921258,14772.662,0.060
1757011764.923327,14774.730,0.060
1757011764.925395,14776.798,0.060
1757011764.927464,14778.867,0.060
1757011764.929533,14780.936,0.060
1757011764.931602,14783.005,0.060
1757011764.933670,14785.073,0.060
1757011764.935738,14787.141,0.060
1757011764.937809,14789.212,0.060
1757011764.939878,14791.281,0.060
1757011764.941946,14793.350,0.060
1757011764.944020,14795.424,0.060
1757011764.946090,14797.493,0.060
1757011764.948160,14799.563,0.060
1757011764.950228,14801.632,0.060
1757011764.952295,14803.698,0.060
1757011764.954363,14805.767,0.060
1757011764.956432,14807.836,0.060
1757011764.958504,14809.907,0.060
1757011764.960571,14811.974,0.060
1757011764.962640,14814.043,0.060
1757011764.964708,14816.112,0.060
1757011764.966777,14818.181,0.060
1757011764.968846,14820.250,0.060
1757011764.970915,14822.319,0.060
1757011764.972983,14824.386,0.060
1757011764.975053,14826.456,0.060
1757011764.977121,14828.525,0.060
1757011764.979190,14830.594,0.060
1757011764.981259,14832.663,0.060
1757011764.983328,14834.731,0.060
1757011764.985398,14836.801,0.060
1757011764.987467,14838.871,0.060
1757011764.989536,14840.939,0.060
1757011764.991604,14843.008,0.060
1757011764.993674,14845.077,0.060
1757011764.995743,14847.147,0.060
1757011764.997813,14849.216,0.060
1757011764.999882,14851.286,0.060
1757011765.001951,14853.355,0.060
1757011765.004026,14855.430,0.060
1757011765.006095,14857.499,0.060
1757011765.008164,14859.568,0.060
1757011765.010233,14861.637,0.060
1757011765.012300,14863.703,0.060
1757011765.014368,14865.771,0.060
1757011765.016436,14867.839,0.060
1757011765.018505,14869.908,0.060
1757011765.020572,14871.976,0.060
1757011765.022641,14874.045,0.060
1757011765.024710,14876.114,0.060
1757011765.026780,14878.183,0.060
1757011765.028848,14880.251,0.060
1757011765.030917,14882.320,0.060
1757011765.032988,14884.391,0.060
1757011765.035056,14886.459,0.060
1757011765.037124,14888.528,0.060
1757011765.039194,14890.597,0.060
1757011765.041263,14892.666,0.060
1757011765.043331,14894.735,0.060
1757011765.045401,14896.804,0.060
1757011765.047470,14898.873,0.060
1757011765.049539,14900.942,0.060
1757011765.051607,14903.011,0.060
1757011765.053675,14905.078,0.060
1757011765.055744,14907.147,0.060
1757011765.057812,14909.216,0.060
1757011765.059881,14911.284,0.060
1757011765.061950,14913.353,0.060
1757011765.064025,14915.428,0.060
1757011765.066093,14917.497,0.060
1757011765.068161,14919.565,0.060
1757011765.070230,14921.633,0.060
1757011765.072297,14923.701,0.060
1757011765.074365,14925.769,0.060
1757011765.076434,14927.837,0.060
1757011765.078503,14929.907,0.060
1757011765.080570,14931.973,0.060
1757011765.082639,14934.043,0.060
1757011765.084706,14936.109,0.060
1757011765.086775,14938.178,0.060
1757011765.088844,14940.248,0.060
1757011765.090915,14942.319,0.060
1757011765.092989,14944.393,0.060
1757011765.095058,14946.462,0.060
1757011765.097132,14948.536,0.060
1757011765.099201,14950.605,0.060
1757011765.101269,14952.673,0.060
1757011765.103339,14954.742,0.060
1757011765.105408,14956.811,0.060
1757011765.107478,14958.881,0.060
1757011765.109546,14960.950,0.060
1757011765.111614,14963.018,0.060
1757011765.113683,14965.087,0.060
1757011765.115752,14967.155,0.060
1757011765.117821,14969.224,0.060
1757011765.119889,14971.293,0.060
1757011765.121958,14973.362,0.060
1757011765.124021,14975.424,0.060
1757011765.126090,14977.493,0.060
1757011765.128159,14979.562,0.060
1757011765.130228,14981.632,0.060
1757011765.132296,14983.699,0.060
1757011765.134364,14985.767,0.060
1757011765.136436,14987.839,0.060
1757011765.138503,14989.907,0.060
1757011765.140570,14991.973,0.060
1757011765.142638,14994.042,0.060
1757011765.144706,14996.109,0.060
1757011765.146774,14998.178,0.060
1757011765.148843,15000.246,0.060
1757011765.150912,15002.315,0.060
1757011765.152982,15004.386,0.060
1757011765.155052,15006.455,0.060
1757011765.157119,15008.523,0.060
1757011765.159189,15010.592,0.060
1757011765.161258,15012.661,0.060
1757011765.163327,15014.731,0.060
1757011765.165396,15016.799,0.060
1757011765.167465,15018.868,0.060
1757011765.169534,15020.938,0.060
1757011765.171603,15023.007,0.060
1757011765.173671,15025.075,0.060
1757011765.175741,15027.144,0.060
1757011765.177809,15029.213,0.060
1757011765.179879,15031.282,0.060
1757011765.181948,15033.352,0.060
1757011765.184021,15035.424,0.060
1757011765.186089,15037.493,0.060
1757011765.188158,15039.561,0.060
1757011765.190227,15041.630,0.060
1757011765.192293,15043.696,0.060
1757011765.194362,15045.766,0.060
1757011765.196430,15047.833,0.060
1757011765.198498,15049.902,0.060
1757011765.200571,15051.974,0.060
1757011765.202639,15054.043,0.060
1757011765.204708,15056.112,0.060
1757011765.206777,15058.181,0.060
1757011765.208845,15060.248,0.060
1757011765.210913,15062.317,0.060
1757011765.212981,15064.384,0.060
1757011765.215049,15066.452,0.060
1757011765.217117,15068.521,0.060
1757011765.219188,15070.592,0.060
1757011765.221256,15072.660,0.060
1757011765.223325,15074.728,0.060
1757011765.225397,15076.801,0.060
1757011765.227466,15078.869,0.060
1757011765.229536,15080.940,0.060
1757011765.231605,15083.008,0.060
1757011765.233673,15085.076,0.060
1757011765.235742,15087.145,0.060
1757011765.237810,15089.213,0.060
1757011765.239879,15091.283,0.060
1757011765.241948,15093.351,0.060
1757011765.244023,15095.426,0.060
1757011765.246092,15097.495,0.060
1757011765.248160,15099.564,0.060
1757011765.250229,15101.632,0.060
1757011765.252296,15103.700,0.060
1757011765.254366,15105.769,0.060
1757011765.256434,15107.838,0.060
1757011765.258503,15109.906,0.060
1757011765.260570,15111.974,0.060
1757011765.262639,15114.042,0.060
1757011765.264708,15116.112,0.060
1757011765.266777,15118.181,0.060
1757011765.268842,15120.246,0.060
1757011765.270911,15122.314,0.060
1757011765.272980,15124.383,0.060
1757011765.275049,15126.453,0.060
1757011765.277117,15128.521,0.060
1757011765.279187,15130.590,0.060
1757011765.281255,15132.659,0.060
1757011765.283324,15134.727,0.060
1757011765.285394,15136.797,0.060
1757011765.287462,15138.866,0.060
1757011765.289531,15140.934,0.060
1757011765.291599,15143.003,0.060
1757011765.293668,15145.072,0.060
1757011765.295737,15147.141,0.060
1757011765.297806,15149.209,0.060
1757011765.299874,15151.278,0.060
1757011765.301943,15153.346,0.060
1757011765.304027,15155.431,0.060
1757011765.306096,15157.499,0.060
1757011765.308165,15159.569,0.060
1757011765.310234,15161.638,0.060
1757011765.312301,15163.705,0.060
1757011765.314369,15165.773,0.060
1757011765.316437,15167.840,0.060
1757011765.318506,15169.910,0.060
1757011765.320573,15171.976,0.060
1757011765.322642,15174.045,0.060
1757011765.324709,15176.113,0.060
1757011765.326777,15178.181,0.060
1757011765.328846,15180.249,0.060
1757011765.330914,15182.317,0.060
1757011765.332982,15184.385,0.060
1757011765.335050,15186.454,0.060
1757011765.337118,15188.522,0.060
1757011765.339188,15190.591,0.060
1757011765.341256,15192.659,0.060
1757011765.343325,15194.728,0.060
1757011765.345394,15196.797,0.060
1757011765.347463,15198.867,0.060
1757011765.349534,15200.937,0.060
1757011765.351603,15203.006,0.060
1757011765.353671,15205.075,0.060
1757011765.355740,15207.144,0.060
1757011765.357809,15209.212,0.060
1757011765.359877,15211.281,0.060
1757011765.361946,15213.350,0.060
1757011765.364026,15215.430,0.060
1757011765.366095,15217.499,0.060
1757011765.368164,15219.567,0.060
1757011765.370232,15221.635,0.060
1757011765.372298,15223.702,0.060
1757011765.374367,15225.771,0.060
1757011765.376435,15227.839,0.060
1757011765.378504,15229.908,0.060
1757011765.380572,15231.976,0.060
1757011765.382640,15234.044,0.060
1757011765.384708,15236.112,0.060
1757011765.386777,15238.180,0.060
1757011765.388843,15240.247,0.060
1757011765.390913,15242.316,0.060
1757011765.392981,15244.384,0.060
1757011765.395050,15246.454,0.060
1757011765.397119,15248.523,0.060
1757011765.399188,15250.592,0.060
1757011765.401257,15252.660,0.060
1757011765.403326,15254.729,0.060
1757011765.405396,15256.800,0.060
1757011765.407465,15258.868,0.060
1757011765.409534,15260.937,0.060
1757011765.411603,15263.006,0.060
1757011765.413672,15265.075,0.060
1757011765.415740,15267.144,0.060
1757011765.417809,15269.212,0.060
1757011765.419878,15271.281,0.060
1757011765.421947,15273.350,0.060
1757011765.424022,15275.426,0.060
1757011765.426091,15277.494,0.060
1757011765.428159,15279.563,0.060
1757011765.430228,15281.632,0.060
1757011765.432295,15283.699,0.060
1757011765.434364,15285.768,0.060
1757011765.436432,15287.836,0.060
1757011765.438500,15289.904,0.060
1757011765.440568,15291.971,0.060
1757011765.442640,15294.043,0.060
1757011765.444709,15296.112,0.060
1757011765.446778,15298.182,0.060
1757011765.448845,15300.248,0.060
1757011765.450914,15302.317,0.060
1757011765.452983,15304.386,0.060
1757011765.455052,15306.456,0.060
1757011765.457121,15308.525,0.060
1757011765.459191,15310.594,0.060
1757011765.461259,15312.663,0.060
1757011765.463329,15314.732,0.060
1757011765.465398,15316.801,0.060
1757011765.467466,15318.869,0.060
1757011765.469536,15320.939,0.060
1757011765.471605,15323.008,0.060
1757011765.473674,15325.077,0.060
1757011765.475743,15327.147,0.060
1757011765.477813,15329.216,0.060
1757011765.479882,15331.286,0.060
1757011765.481952,15333.356,0.060
1757011765.484027,15335.431,0.060
1757011765.486096,15337.499,0.060
1757011765.488164,15339.568,0.060
1757011765.490234,15341.637,0.060
1757011765.492301,15343.704,0.060
1757011765.494373,15345.776,0.060
1757011765.496442,15347.845,0.060
1757011765.498510,15349.913,0.060
1757011765.500577,15351.980,0.060
1757011765.502645,15354.049,0.060
1757011765.504714,15356.117,0.060
1757011765.506783,15358.186,0.060
1757011765.508851,15360.255,0.060
1757011765.510920,15362.324,0.060
1757011765.512988,15364.392,0.060
1757011765.515057,15366.460,0.060
1757011765.517125,15368.528,0.060
1757011765.519193,15370.596,0.060
1757011765.521260,15372.664,0.060
1757011765.523329,15374.732,0.060
1757011765.525398,15376.801,0.060
1757011765.527466,15378.870,0.060
1757011765.529535,15380.939,0.060
1757011765.531603,15383.007,0.060
1757011765.533671,15385.075,0.060
1757011765.535740,15387.144,0.060
1757011765.537811,15389.214,0.060
1757011765.539881,15391.284,0.060
1757011765.541950,15393.353,0.060
1757011765.544027,15395.430,0.060
1757011765.546095,15397.499,0.060
1757011765.548164,15399.567,0.060
1757011765.550232,15401.636,0.060
1757011765.552300,15403.703,0.060
1757011765.554368,15405.772,0.060
1757011765.556436,15407.840,0.060
1757011765.558506,15409.909,0.060
1757011765.560573,15411.976,0.060
1757011765.562642,15414.046,0.060
1757011765.564710,15416.114,0.060
1757011765.566779,15418.183,0.060
1757011765.568847,15420.250,0.060
1757011765.570916,15422.319,0.060
1757011765.572986,15424.389,0.060
1757011765.575055,15426.458,0.060
1757011765.577128,15428.531,0.060
1757011765.579198,15430.601,0.060
1757011765.581272,15432.675,0.060
1757011765.583341,15434.745,0.060
1757011765.585411,15436.814,0.060
1757011765.587480,15438.884,0.060
1757011765.589549,15440.953,0.060
1757011765.591618,15443.022,0.060
1757011765.593687,15445.090,0.060
1757011765.595756,15447.160,0.060
1757011765.597824,15449.228,0.060
1757011765.599893,15451.297,0.060
1757011765.601961,15453.365,0.060
1757011765.604019,15455.422,0.060
1757011765.606087,15457.491,0.060
1757011765.608155,15459.559,0.060
1757011765.610224,15461.627,0.060
1757011765.612292,15463.695,0.060
1757011765.614360,15465.764,0.060
1757011765.616429,15467.833,0.060
1757011765.618498,15469.902,0.060
1757011765.620568,15471.971,0.060
1757011765.622636,15474.040,0.060
1757011765.624704,15476.108,0.060
1757011765.626773,15478.176,0.060
1757011765.628841,15480.245,0.060
1757011765.630913,15482.316,0.060
1757011765.632981,15484.385,0.060
1757011765.635050,15486.454,0.060
1757011765.637118,15488.521,0.060
1757011765.639186,15490.590,0.060
1757011765.641254,15492.657,0.060
1757011765.643322,15494.725,0.060
1757011765.645390,15496.794,0.060
1757011765.647459,15498.862,0.060
1757011765.649527,15500.930,0.060
1757011765.651596,15502.999,0.060
1757011765.653665,15505.069,0.060
1757011765.655734,15507.138,0.060
1757011765.657803,15509.207,0.060
1757011765.659872,15511.275,0.060
1757011765.661941,15513.345,0.060
1757011765.664021,15515.424,0.060
1757011765.666090,15517.493,0.060
1757011765.668159,15519.562,0.060
1757011765.670228,15521.631,0.060
1757011765.672295,15523.698,0.060
1757011765.674363,15525.767,0.060
1757011765.676431,15527.834,0.060
1757011765.678500,15529.904,0.060
1757011765.680567,15531.970,0.060
1757011765.682635,15534.039,0.060
1757011765.684702,15536.106,0.060
1757011765.686770,15538.174,0.060
1757011765.688839,15540.242,0.060
1757011765.690907,15542.311,0.060
1757011765.692976,15544.379,0.060
1757011765.695044,15546.448,0.060
1757011765.697112,15548.515,0.060
1757011765.699180,15550.584,0.060
1757011765.701249,15552.652,0.060
1757011765.703318,15554.721,0.060
1757011765.705387,15556.791,0.060
1757011765.707456,15558.860,0.060
1757011765.709526,15560.929,0.060
1757011765.711595,15562.998,0.060
1757011765.713664,15565.068,0.060
1757011765.715733,15567.136,0.060
1757011765.717801,15569.205,0.060
1757011765.719871,15571.274,0.060
1757011765.721939,15573.343,0.060
1757011765.724023,15575.427,0.060
1757011765.726092,15577.495,0.060
1757011765.728159,15579.562,0.060
1757011765.730227,15581.631,0.060
1757011765.732295,15583.698,0.060
1757011765.734363,15585.767,0.060
1757011765.736431,15587.834,0.060
1757011765.738499,15589.902,0.060
1757011765.740567,15591.971,0.060
1757011765.742637,15594.040,0.060
1757011765.744705,15596.108,0.060
1757011765.746773,15598.176,0.060
1757011765.748841,15600.245,0.060
1757011765.750910,15602.314,0.060
1757011765.752977,15604.381,0.060
1757011765.755046,15606.449,0.060
1757011765.757114,15608.518,0.060
1757011765.759183,15610.586,0.060
1757011765.761251,15612.655,0.060
1757011765.763320,15614.724,0.060
1757011765.765388,15616.792,0.060
1757011765.767458,15618.861,0.060
1757011765.769527,15620.930,0.060
1757011765.771595,15622.999,0.060
1757011765.773663,15625.067,0.060
1757011765.775732,15627.135,0.060
1757011765.777801,15629.204,0.060
1757011765.779869,15631.272,0.060
1757011765.781938,15633.341,0.060
1757011765.784017,15635.420,0.060
1757011765.786086,15637.489,0.060
1757011765.788152,15639.556,0.060
1757011765.790221,15641.625,0.060
1757011765.792290,15643.694,0.060
1757011765.794360,15645.764,0.060
1757011765.796427,15647.830,0.060
1757011765.798496,15649.899,0.060
1757011765.800564,15651.968,0.060
1757011765.802633,15654.036,0.060
1757011765.804699,15656.102,0.060
1757011765.806767,15658.170,0.060
1757011765.808835,15660.239,0.060
1757011765.810904,15662.307,0.060
1757011765.812973,15664.376,0.060
1757011765.815042,15666.445,0.060
1757011765.817110,15668.513,0.060
1757011765.819178,15670.582,0.060
1757011765.821248,15672.652,0.060
1757011765.823317,15674.721,0.060
1757011765.825387,15676.790,0.060
1757011765.827455,15678.859,0.060
1757011765.829524,15680.928,0.060
1757011765.831595,15682.998,0.060
1757011765.833665,15685.069,0.060
1757011765.835735,15687.138,0.060
1757011765.837804,15689.207,0.060
1757011765.839873,15691.276,0.060
1757011765.841942,15693.345,0.060
1757011765.844029,15695.432,0.060
1757011765.846097,15697.501,0.060
1757011765.848166,15699.570,0.060
1757011765.850235,15701.638,0.060
1757011765.852301,15703.705,0.060
1757011765.854371,15705.774,0.060
1757011765.856439,15707.842,0.060
1757011765.858507,15709.910,0.060
1757011765.860574,15711.977,0.060
1757011765.862642,15714.046,0.060
1757011765.864711,15716.114,0.060
1757011765.866779,15718.183,0.060
1757011765.868847,15720.250,0.060
1757011765.870915,15722.318,0.060
1757011765.872982,15724.386,0.060
1757011765.875051,15726.455,0.060
1757011765.877121,15728.525,0.060
1757011765.879190,15730.593,0.060
1757011765.881258,15732.662,0.060
1757011765.883327,15734.731,0.060
1757011765.885396,15736.799,0.060
1757011765.887465,15738.868,0.060
1757011765.889534,15740.938,0.060
1757011765.891604,15743.007,0.060
1757011765.893672,15745.075,0.060
1757011765.895741,15747.144,0.060
1757011765.897810,15749.213,0.060
1757011765.899879,15751.282,0.060
1757011765.901948,15753.351,0.060
1757011765.904025,15755.429,0.060
1757011765.906094,15757.498,0.060
1757011765.908163,15759.566,0.060
1757011765.910231,15761.635,0.060
1757011765.912298,15763.701,0.060
1757011765.914367,15765.771,0.060
1757011765.916435,15767.839,0.060
1757011765.918504,15769.907,0.060
1757011765.920572,15771.976,0.060
1757011765.922642,15774.045,0.060
1757011765.924711,15776.114,0.060
1757011765.926782,15778.186,0.060
1757011765.928853,15780.257,0.060
1757011765.930922,15782.325,0.060
1757011765.932991,15784.394,0.060
1757011765.935059,15786.463,0.060
1757011765.937129,15788.532,0.060
1757011765.939198,15790.601,0.060
1757011765.941268,15792.672,0.060
1757011765.943337,15794.740,0.060
1757011765.945406,15796.809,0.060
1757011765.947475,15798.878,0.060
1757011765.949543,15800.947,0.060
1757011765.951612,15803.016,0.060
1757011765.953681,15805.085,0.060
1757011765.955750,15807.154,0.060
1757011765.957820,15809.223,0.060
1757011765.959890,15811.293,0.060
1757011765.961959,15813.363,0.060
1757011765.964022,15815.425,0.060
1757011765.966090,15817.494,0.060
1757011765.968159,15819.563,0.060
1757011765.970228,15821.632,0.060
1757011765.972296,15823.699,0.060
1757011765.974365,15825.768,0.060
1757011765.976434,15827.837,0.060
1757011765.978506,15829.910,0.060
1757011765.980573,15831.977,0.060
1757011765.982642,15834.046,0.060
1757011765.984707,15836.111,0.060
1757011765.986776,15838.180,0.060
1757011765.988845,15840.248,0.060
1757011765.990913,15842.316,0.060
1757011765.992983,15844.386,0.060
1757011765.995052,15846.456,0.060
1757011765.997120,15848.523,0.060
1757011765.999188,15850.592,0.060
1757011766.001257,15852.660,0.060
1757011766.003325,15854.729,0.060
1757011766.005394,15856.798,0.060
1757011766.007463,15858.867,0.060
1757011766.009533,15860.937,0.060
1757011766.011602,15863.006,0.060
1757011766.013671,15865.075,0.060
1757011766.015743,15867.146,0.060
1757011766.017812,15869.215,0.060
1757011766.019881,15871.284,0.060
1757011766.021949,15873.353,0.060
1757011766.024026,15875.430,0.060
1757011766.026095,15877.499,0.060
1757011766.028163,15879.566,0.060
1757011766.030231,15881.635,0.060
1757011766.032297,15883.700,0.060
1757011766.034365,15885.768,0.060
1757011766.036433,15887.836,0.060
1757011766.038501,15889.905,0.060
1757011766.040570,15891.973,0.060
1757011766.042639,15894.042,0.060
1757011766.044706,15896.110,0.060
1757011766.046774,15898.178,0.060
1757011766.048841,15900.245,0.060
1757011766.050910,15902.313,0.060
1757011766.052979,15904.383,0.060
1757011766.055050,15906.453,0.060
1757011766.057119,15908.523,0.060
1757011766.059188,15910.592,0.060
1757011766.061257,15912.661,0.060
1757011766.063330,15914.734,0.060
1757011766.065401,15916.805,0.060
1757011766.067477,15918.880,0.060
1757011766.069547,15920.951,0.060
1757011766.071618,15923.022,0.060
1757011766.073687,15925.090,0.060
1757011766.075757,15927.160,0.060
1757011766.077826,15929.230,0.060
1757011766.079895,15931.299,0.060
1757011766.081965,15933.368,0.060
1757011766.084030,15935.434,0.060
1757011766.086099,15937.502,0.060
1757011766.088166,15939.569,0.060
1757011766.090235,15941.639,0.060
1757011766.092301,15943.705,0.060
1757011766.094371,15945.774,0.060
1757011766.096439,15947.843,0.060
1757011766.098511,15949.914,0.060
1757011766.100580,15951.984,0.060
1757011766.102650,15954.053,0.060
1757011766.104719,15956.122,0.060
1757011766.106788,15958.191,0.060
1757011766.108853,15960.257,0.060
1757011766.110923,15962.326,0.060
1757011766.112992,15964.395,0.060
1757011766.115060,15966.463,0.060
1757011766.117128,15968.532,0.060
1757011766.119197,15970.601,0.060
1757011766.121266,15972.670,0.060
1757011766.123335,15974.738,0.060
1757011766.125408,15976.811,0.060
1757011766.127477,15978.881,0.060
1757011766.129546,15980.949,0.060
1757011766.131615,15983.018,0.060
1757011766.133683,15985.086,0.060
1757011766.135752,15987.155,0.060
1757011766.137820,15989.224,0.060
1757011766.139889,15991.293,0.060
1757011766.141957,15993.361,0.060
1757011766.144028,15995.432,0.060
1757011766.146097,15997.501,0.060
1757011766.148166,15999.569,0.060
1757011766.150234,16001.638,0.060
1757011766.152301,16003.704,0.060
1757011766.154370,16005.774,0.060
1757011766.156437,16007.840,0.060
1757011766.158505,16009.909,0.060
1757011766.160572,16011.975,0.060
1757011766.162641,16014.044,0.060
1757011766.164709,16016.113,0.060
1757011766.166778,16018.182,0.060
1757011766.168846,16020.249,0.060
1757011766.170914,16022.317,0.060
1757011766.172982,16024.385,0.060
1757011766.175050,16026.454,0.060
1757011766.177119,16028.522,0.060
1757011766.179187,16030.591,0.060
1757011766.181255,16032.658,0.060
1757011766.183325,16034.728,0.060
1757011766.185393,16036.797,0.060
1757011766.187462,16038.866,0.060
1757011766.189532,16040.935,0.060
1757011766.191601,16043.004,0.060
1757011766.193669,16045.072,0.060
1757011766.195739,16047.143,0.060
1757011766.197809,16049.212,0.060
1757011766.199878,16051.281,0.060
1757011766.201946,16053.350,0.060
1757011766.204028,16055.432,0.060
1757011766.206098,16057.501,0.060
1757011766.208166,16059.569,0.060
1757011766.210234,16061.638,0.060
1757011766.212300,16063.704,0.060
1757011766.214369,16065.773,0.060
1757011766.216438,16067.841,0.060
1757011766.218506,16069.910,0.060
1757011766.220575,16071.978,0.060
1757011766.222643,16074.047,0.060
1757011766.224712,16076.116,0.060
1757011766.226781,16078.185,0.060
1757011766.228849,16080.252,0.060
1757011766.230918,16082.322,0.060
1757011766.232986,16084.390,0.060
1757011766.235055,16086.459,0.060
1757011766.237128,16088.531,0.060
1757011766.239196,16090.599,0.060
1757011766.241264,16092.668,0.060
1757011766.243333,16094.736,0.060
1757011766.245402,16096.806,0.060
1757011766.247471,16098.874,0.060
1757011766.249540,16100.943,0.060
1757011766.251609,16103.012,0.060
1757011766.253677,16105.080,0.060
1757011766.255747,16107.150,0.060
1757011766.257816,16109.219,0.060
1757011766.259885,16111.289,0.060
1757011766.261954,16113.357,0.060
1757011766.264027,16115.431,0.060
1757011766.266096,16117.499,0.060
1757011766.268165,16119.568,0.060
1757011766.270234,16121.637,0.060
1757011766.272303,16123.706,0.060
1757011766.274372,16125.775,0.060
1757011766.276441,16127.845,0.060
1757011766.278510,16129.914,0.060
1757011766.280577,16131.981,0.060
1757011766.282647,16134.050,0.060
1757011766.284713,16136.117,0.060
1757011766.286783,16138.186,0.060
1757011766.288848,16140.252,0.060
1757011766.290918,16142.321,0.060
1757011766.292987,16144.390,0.060
1757011766.295056,16146.460,0.060
1757011766.297125,16148.528,0.060
1757011766.299194,16150.597,0.060
1757011766.301262,16152.665,0.060
1757011766.303330,16154.734,0.060
1757011766.305399,16156.803,0.060
1757011766.307467,16158.871,0.060
1757011766.309536,16160.939,0.060
1757011766.311605,16163.008,0.060
1757011766.313673,16165.077,0.060
1757011766.315742,16167.146,0.060
1757011766.317812,16169.216,0.060
1757011766.319882,16171.285,0.060
1757011766.321952,16173.355,0.060
1757011766.324030,16175.434,0.060
1757011766.326100,16177.504,0.060
1757011766.328170,16179.573,0.060
1757011766.330238,16181.641,0.060
1757011766.332304,16183.708,0.060
1757011766.334374,16185.777,0.060
1757011766.336442,16187.845,0.060
1757011766.338510,16189.914,0.060
1757011766.340576,16191.979,0.060
1757011766.342644,16194.047,0.060
1757011766.344710,16196.114,0.060
1757011766.346779,16198.182,0.060
1757011766.348847,16200.250,0.060
1757011766.350915,16202.319,0.060
1757011766.352982,16204.386,0.060
1757011766.355051,16206.454,0.060
1757011766.357118,16208.522,0.060
1757011766.359187,16210.590,0.060
1757011766.361255,16212.659,0.060
1757011766.363325,16214.728,0.060
1757011766.365393,16216.796,0.060
1757011766.367462,16218.866,0.060
1757011766.369534,16220.937,0.060
1757011766.371603,16223.006,0.060
1757011766.373672,16225.075,0.060
1757011766.375741,16227.144,0.060
1757011766.377810,16229.213,0.060
1757011766.379879,16231.283,0.060
1757011766.381948,16233.352,0.060
1757011766.384020,16235.423,0.060
1757011766.386088,16237.492,0.060
1757011766.388158,16239.561,0.060
1757011766.390226,16241.630,0.060
1757011766.392292,16243.696,0.060
1757011766.394361,16245.764,0.060
1757011766.396430,16247.834,0.060
1757011766.398499,16249.903,0.060
1757011766.400567,16251.970,0.060
1757011766.402636,16254.039,0.060
1757011766.404703,16256.106,0.060
1757011766.406772,16258.175,0.060
1757011766.408839,16260.243,0.060
1757011766.410910,16262.314,0.060
1757011766.412979,16264.383,0.060
1757011766.415048,16266.452,0.060
1757011766.417117,16268.521,0.060
1757011766.419187,16270.590,0.060
1757011766.421255,16272.658,0.060
1757011766.423324,16274.727,0.060
1757011766.425394,16276.797,0.060
1757011766.427462,16278.865,0.060
1757011766.429530,16280.934,0.060
1757011766.431599,16283.003,0.060
1757011766.433668,16285.072,0.060
1757011766.435737,16287.141,0.060
1757011766.437806,16289.209,0.060
1757011766.439874,16291.278,0.060
1757011766.441943,16293.346,0.060
1757011766.444028,16295.431,0.060
1757011766.446097,16297.500,0.060
1757011766.448165,16299.568,0.060
1757011766.450234,16301.638,0.060
1757011766.452301,16303.705,0.060
1757011766.454370,16305.774,0.060
1757011766.456438,16307.842,0.060
1757011766.458507,16309.910,0.060
1757011766.460574,16311.978,0.060
1757011766.462648,16314.051,0.060
1757011766.464716,16316.119,0.060
1757011766.466784,16318.188,0.060
1757011766.468853,16320.256,0.060
1757011766.470922,16322.325,0.060
1757011766.472991,16324.394,0.060
1757011766.475060,16326.463,0.060
1757011766.477128,16328.531,0.060
1757011766.479196,16330.600,0.060
1757011766.481264,16332.667,0.060
1757011766.483332,16334.736,0.060
1757011766.485401,16336.804,0.060
1757011766.487470,16338.874,0.060
1757011766.489540,16340.944,0.060
1757011766.491609,16343.013,0.060
1757011766.493677,16345.081,0.060
1757011766.495747,16347.150,0.060
1757011766.497816,16349.219,0.060
1757011766.499885,16351.288,0.060
1757011766.501954,16353.357,0.060
1757011766.504024,16355.427,0.060
1757011766.506093,16357.496,0.060
1757011766.508161,16359.565,0.060
1757011766.510231,16361.634,0.060
1757011766.512297,16363.700,0.060
1757011766.514367,16365.770,0.060
1757011766.516437,16367.840,0.060
1757011766.518505,16369.908,0.060
1757011766.520572,16371.975,0.060
1757011766.522640,16374.044,0.060
1757011766.524708,16376.112,0.060
1757011766.526776,16378.180,0.060
1757011766.528843,16380.247,0.060
1757011766.530912,16382.316,0.060
1757011766.532980,16384.384,0.060
1757011766.535049,16386.452,0.060
1757011766.537116,16388.519,0.060
1757011766.539185,16390.588,0.060
1757011766.541256,16392.659,0.060
1757011766.543325,16394.729,0.060
1757011766.545396,16396.799,0.060
1757011766.547464,16398.868,0.060
1757011766.549536,16400.939,0.060
1757011766.551605,16403.008,0.060
1757011766.553675,16405.079,0.060
1757011766.555744,16407.148,0.060
1757011766.557813,16409.217,0.060
1757011766.559883,16411.287,0.060
1757011766.561952,16413.356,0.060
1757011766.564025,16415.429,0.060
1757011766.566094,16417.497,0.060
1757011766.568162,16419.566,0.060
1757011766.570230,16421.634,0.060
1757011766.572297,16423.700,0.060
1757011766.574366,16425.770,0.060
1757011766.576434,16427.837,0.060
1757011766.578502,16429.906,0.060
1757011766.580570,16431.974,0.060
1757011766.582639,16434.043,0.060
1757011766.584707,16436.110,0.060
1757011766.586776,16438.179,0.060
1757011766.588845,16440.249,0.060
1757011766.590914,16442.318,0.060
1757011766.592983,16444.386,0.060
1757011766.595051,16446.455,0.060
1757011766.597120,16448.523,0.060
1757011766.599189,16450.593,0.060
1757011766.601258,16452.661,0.060
1757011766.603327,16454.730,0.060
1757011766.605399,16456.803,0.060
1757011766.607468,16458.872,0.060
1757011766.609537,16460.941,0.060
1757011766.611606,16463.010,0.060
1757011766.613675,16465.078,0.060
1757011766.615743,16467.147,0.060
1757011766.617812,16469.215,0.060
1757011766.619880,16471.284,0.060
1757011766.621948,16473.352,0.060
1757011766.624025,16475.428,0.060
1757011766.626093,16477.497,0.060
1757011766.628162,16479.565,0.060
1757011766.630230,16481.634,0.060
1757011766.632298,16483.701,0.060
1757011766.634367,16485.770,0.060
1757011766.636435,16487.839,0.060
1757011766.638503,16489.907,0.060
1757011766.640570,16491.974,0.060
1757011766.642639,16494.043,0.060
1757011766.644708,16496.111,0.060
1757011766.646777,16498.180,0.060
1757011766.648846,16500.250,0.060
1757011766.650916,16502.319,0.060
1757011766.652983,16504.387,0.060
1757011766.655052,16506.456,0.060
1757011766.657120,16508.523,0.060
1757011766.659189,16510.592,0.060
1757011766.661259,16512.663,0.060
1757011766.663328,16514.731,0.060
1757011766.665396,16516.799,0.060
1757011766.667464,16518.868,0.060
1757011766.669534,16520.937,0.060
1757011766.671604,16523.007,0.060
1757011766.673673,16525.076,0.060
1757011766.675742,16527.146,0.060
1757011766.677810,16529.213,0.060
1757011766.679879,16531.282,0.060
1757011766.681948,16533.352,0.060
1757011766.684027,16535.430,0.060
1757011766.686094,16537.498,0.060
1757011766.688163,16539.567,0.060
1757011766.690232,16541.635,0.060
1757011766.692299,16543.702,0.060
1757011766.694367,16545.771,0.060
1757011766.696436,16547.840,0.060
1757011766.698505,16549.908,0.060
1757011766.700572,16551.975,0.060
1757011766.702640,16554.043,0.060
1757011766.704708,16556.112,0.060
1757011766.706777,16558.181,0.060
1757011766.708846,16560.249,0.060
1757011766.710915,16562.319,0.060
1757011766.712983,16564.387,0.060
1757011766.715053,16566.456,0.060
1757011766.717122,16568.525,0.060
1757011766.719191,16570.594,0.060
1757011766.721260,16572.663,0.060
1757011766.723328,16574.732,0.060
1757011766.725401,16576.804,0.060
1757011766.727470,16578.874,0.060
1757011766.729539,16580.943,0.060
1757011766.731609,16583.012,0.060
1757011766.733677,16585.081,0.060
1757011766.735746,16587.150,0.060
1757011766.737816,16589.220,0.060
1757011766.739885,16591.289,0.060
1757011766.741953,16593.357,0.060
1757011766.744021,16595.425,0.060
1757011766.746090,16597.494,0.060
1757011766.748158,16599.561,0.060
1757011766.750227,16601.631,0.060
1757011766.752293,16603.696,0.060
1757011766.754362,16605.765,0.060
1757011766.756431,16607.834,0.060
1757011766.758500,16609.903,0.060
1757011766.760567,16611.970,0.060
1757011766.762635,16614.039,0.060
1757011766.764704,16616.108,0.060
1757011766.766773,16618.177,0.060
1757011766.768840,16620.243,0.060
1757011766.770908,16622.312,0.060
1757011766.772980,16624.384,0.060
1757011766.775049,16626.452,0.060
1757011766.777118,16628.521,0.060
1757011766.779187,16630.590,0.060
1757011766.781256,16632.659,0.060
1757011766.783325,16634.728,0.060
1757011766.785394,16636.798,0.060
1757011766.787463,16638.866,0.060
1757011766.789531,16640.935,0.060
1757011766.791600,16643.003,0.060
1757011766.793669,16645.072,0.060
1757011766.795738,16647.141,0.060
1757011766.797807,16649.210,0.060
1757011766.799876,16651.280,0.060
1757011766.801946,16653.349,0.060
1757011766.804022,16655.426,0.060
1757011766.806091,16657.495,0.060
1757011766.808159,16659.562,0.060
1757011766.810228,16661.631,0.060
1757011766.812296,16663.699,0.060
1757011766.814365,16665.768,0.060
1757011766.816433,16667.836,0.060
1757011766.818501,16669.905,0.060
1757011766.820567,16671.971,0.060
1757011766.822636,16674.040,0.060
1757011766.824702,16676.106,0.060
1757011766.826772,16678.175,0.060
1757011766.828840,16680.244,0.060
1757011766.830909,16682.313,0.060
1757011766.832978,16684.381,0.060
1757011766.835046,16686.450,0.060
1757011766.837113,16688.516,0.060
1757011766.839181,16690.584,0.060
1757011766.841251,16692.655,0.060
1757011766.843321,16694.724,0.060
1757011766.845390,16696.794,0.060
1757011766.847459,16698.862,0.060
1757011766.849527,16700.930,0.060
1757011766.851595,16702.998,0.060
1757011766.853663,16705.066,0.060
1757011766.855731,16707.135,0.060
1757011766.857800,16709.204,0.060
1757011766.859869,16711.273,0.060
1757011766.861939,16713.342,0.060
1757011766.864022,16715.426,0.060
1757011766.866091,16717.494,0.060
1757011766.868157,16719.560,0.060
1757011766.870225,16721.628,0.060
1757011766.872292,16723.695,0.060
1757011766.874360,16725.764,0.060
1757011766.876426,16727.829,0.060
1757011766.878495,16729.898,0.060
1757011766.880563,16731.966,0.060
1757011766.882632,16734.035,0.060
1757011766.884702,16736.105,0.060
1757011766.886770,16738.174,0.060
1757011766.888839,16740.243,0.060
1757011766.890908,16742.311,0.060
1757011766.892976,16744.379,0.060
1757011766.895046,16746.449,0.060
1757011766.897113,16748.517,0.060
1757011766.899182,16750.586,0.060
1757011766.901251,16752.654,0.060
1757011766.903321,16754.724,0.060
1757011766.905389,16756.792,0.060
1757011766.907458,16758.861,0.060
1757011766.909528,16760.931,0.060
1757011766.911597,16763.001,0.060
1757011766.913665,16765.069,0.060
1757011766.915734,16767.138,0.060
1757011766.917803,16769.206,0.060
1757011766.919871,16771.275,0.060
1757011766.921940,16773.344,0.060
1757011766.924027,16775.430,0.060
1757011766.926096,16777.499,0.060
1757011766.928165,16779.569,0.060
1757011766.930234,16781.638,0.060
1757011766.932301,16783.705,0.060
1757011766.934370,16785.774,0.060
1757011766.936439,16787.842,0.060
1757011766.938508,16789.912,0.060
1757011766.940578,16791.981,0.060
1757011766.942647,16794.050,0.060
1757011766.944713,16796.117,0.060
1757011766.946785,16798.188,0.060
1757011766.948851,16800.254,0.060
1757011766.950920,16802.323,0.060
1757011766.952989,16804.393,0.060
1757011766.955058,16806.462,0.060
1757011766.957127,16808.530,0.060
1757011766.959195,16810.599,0.060
1757011766.961264,16812.667,0.060
1757011766.963333,16814.736,0.060
1757011766.965402,16816.805,0.060
1757011766.967471,16818.875,0.060
1757011766.969543,16820.946,0.060
1757011766.971612,16823.015,0.060
1757011766.973682,16825.085,0.060
1757011766.975750,16827.154,0.060
1757011766.977819,16829.222,0.060
1757011766.979888,16831.292,0.060
1757011766.981957,16833.360,0.060
1757011766.984021,16835.425,0.060
1757011766.986090,16837.493,0.060
1757011766.988158,16839.562,0.060
1757011766.990227,16841.630,0.060
1757011766.992294,16843.698,0.060
1757011766.994364,16845.767,0.060
1757011766.996432,16847.835,0.060
1757011766.998501,16849.904,0.060
1757011767.000567,16851.970,0.060
1757011767.002635,16854.039,0.060
1757011767.004704,16856.107,0.060
1757011767.006772,16858.175,0.060
1757011767.008840,16860.244,0.060
1757011767.010909,16862.313,0.060
1757011767.012977,16864.381,0.060
1757011767.015046,16866.449,0.060
1757011767.017114,16868.517,0.060
1757011767.019182,16870.585,0.060
1757011767.021251,16872.654,0.060
1757011767.023320,16874.723,0.060
1757011767.025392,16876.796,0.060
1757011767.027461,16878.865,0.060
1757011767.029530,16880.933,0.060
1757011767.031599,16883.003,0.060
1757011767.033668,16885.072,0.060
1757011767.035738,16887.141,0.060
1757011767.037807,16889.210,0.060
1757011767.039875,16891.279,0.060
1757011767.041943,16893.347,0.060
1757011767.044025,16895.429,0.060
1757011767.046094,16897.498,0.060
1757011767.048162,16899.566,0.060
1757011767.050231,16901.635,0.060
1757011767.052297,16903.701,0.060
1757011767.054365,16905.769,0.060
1757011767.056433,16907.837,0.060
1757011767.058501,16909.905,0.060
1757011767.060570,16911.973,0.060
1757011767.062639,16914.042,0.060
1757011767.064708,16916.111,0.060
1757011767.066777,16918.180,0.060
1757011767.068845,16920.249,0.060
1757011767.070914,16922.317,0.060
1757011767.072983,16924.386,0.060
1757011767.075052,16926.455,0.060
1757011767.077121,16928.524,0.060
1757011767.079189,16930.593,0.060
1757011767.081258,16932.661,0.060
1757011767.083327,16934.731,0.060
1757011767.085396,16936.799,0.060
1757011767.087465,16938.869,0.060
1757011767.089533,16940.937,0.060
1757011767.091603,16943.006,0.060
1757011767.093671,16945.075,0.060
1757011767.095740,16947.144,0.060
1757011767.097809,16949.212,0.060
1757011767.099877,16951.280,0.060
1757011767.101946,16953.350,0.060
1757011767.104022,16955.425,0.060
1757011767.106090,16957.494,0.060
1757011767.108159,16959.562,0.060
1757011767.110228,16961.631,0.060
1757011767.112294,16963.698,0.060
1757011767.114364,16965.767,0.060
1757011767.116432,16967.836,0.060
1757011767.118501,16969.905,0.060
1757011767.120569,16971.972,0.060
1757011767.122639,16974.042,0.060
1757011767.124708,16976.111,0.060
1757011767.126776,16978.180,0.060
1757011767.128843,16980.246,0.060
1757011767.130911,16982.314,0.060
1757011767.132981,16984.384,0.060
1757011767.135049,16986.453,0.060
1757011767.137117,16988.521,0.060
1757011767.139186,16990.589,0.060
1757011767.141255,16992.658,0.060
1757011767.143324,16994.728,0.060
1757011767.145393,16996.796,0.060
1757011767.147462,16998.865,0.060
1757011767.149530,17000.934,0.060
1757011767.151598,17003.002,0.060
1757011767.153669,17005.073,0.060
1757011767.155739,17007.142,0.060
1757011767.157807,17009.211,0.060
1757011767.159877,17011.280,0.060
1757011767.161947,17013.350,0.060
1757011767.164026,17015.429,0.060
1757011767.166095,17017.498,0.060
1757011767.168162,17019.566,0.060
1757011767.170234,17021.637,0.060
1757011767.172301,17023.705,0.060
1757011767.174371,17025.774,0.060
1757011767.176440,17027.843,0.060
1757011767.178508,17029.912,0.060
1757011767.180575,17031.978,0.060
1757011767.182643,17034.047,0.060
1757011767.184711,17036.114,0.060
1757011767.186779,17038.182,0.060
1757011767.188847,17040.251,0.060
1757011767.190916,17042.319,0.060
1757011767.192984,17044.388,0.060
1757011767.195054,17046.457,0.060
1757011767.197121,17048.525,0.060
1757011767.199190,17050.593,0.060
1757011767.201258,17052.661,0.060
1757011767.203327,17054.730,0.060
1757011767.205396,17056.799,0.060
1757011767.207464,17058.868,0.060
1757011767.209532,17060.936,0.060
1757011767.211602,17063.005,0.060
1757011767.213670,17065.074,0.060
1757011767.215739,17067.143,0.060
1757011767.217809,17069.213,0.060
1757011767.219880,17071.284,0.060
1757011767.221949,17073.353,0.060
1757011767.224027,17075.430,0.060
1757011767.226098,17077.501,0.060
1757011767.228165,17079.569,0.060
1757011767.230234,17081.638,0.060
1757011767.232300,17083.704,0.060
1757011767.234369,17085.772,0.060
1757011767.236438,17087.842,0.060
1757011767.238507,17089.911,0.060
1757011767.240576,17091.979,0.060
1757011767.242645,17094.048,0.060
1757011767.244714,17096.118,0.060
1757011767.246783,17098.187,0.060
1757011767.248850,17100.254,0.060
1757011767.250919,17102.322,0.060
1757011767.252987,17104.391,0.060
1757011767.255056,17106.460,0.060
1757011767.257125,17108.529,0.060
1757011767.259194,17110.598,0.060
1757011767.261264,17112.667,0.060
1757011767.263332,17114.736,0.060
1757011767.265402,17116.805,0.060
1757011767.267471,17118.874,0.060
1757011767.269539,17120.943,0.060
1757011767.271609,17123.012,0.060
1757011767.273678,17125.081,0.060
1757011767.275746,17127.150,0.060
1757011767.277815,17129.218,0.060
1757011767.279884,17131.287,0.060
1757011767.281952,17133.356,0.060
1757011767.284020,17135.424,0.060
1757011767.286090,17137.494,0.060
1757011767.288158,17139.561,0.060
1757011767.290226,17141.630,0.060
1757011767.292293,17143.697,0.060
1757011767.294361,17145.765,0.060
1757011767.296430,17147.834,0.060
1757011767.298499,17149.903,0.060
1757011767.300567,17151.971,0.060
1757011767.302637,17154.040,0.060
1757011767.304703,17156.107,0.060
1757011767.306773,17158.176,0.060
1757011767.308840,17160.244,0.060
1757011767.310909,17162.313,0.060
1757011767.312979,17164.382,0.060
1757011767.315048,17166.451,0.060
1757011767.317116,17168.520,0.060
1757011767.319184,17170.588,0.060
1757011767.321252,17172.656,0.060
1757011767.323321,17174.724,0.060
1757011767.325390,17176.793,0.060
1757011767.327458,17178.861,0.060
1757011767.329527,17180.930,0.060
1757011767.331596,17183.000,0.060
1757011767.333665,17185.068,0.060
1757011767.335734,17187.138,0.060
1757011767.337812,17189.215,0.060
1757011767.339884,17191.287,0.060
1757011767.341954,17193.357,0.060
1757011767.344026,17195.430,0.060
1757011767.346095,17197.499,0.060
1757011767.348165,17199.568,0.060
1757011767.350234,17201.638,0.060
1757011767.352302,17203.705,0.060
1757011767.354371,17205.775,0.060
1757011767.356440,17207.844,0.060
1757011767.358510,17209.913,0.060
1757011767.360577,17211.980,0.060
1757011767.362646,17214.050,0.060
1757011767.364714,17216.118,0.060
1757011767.366783,17218.186,0.060
1757011767.368850,17220.253,0.060
1757011767.370919,17222.323,0.060
1757011767.372988,17224.391,0.060
1757011767.375057,17226.461,0.060
1757011767.377126,17228.530,0.060
1757011767.379200,17230.603,0.060
1757011767.381269,17232.672,0.060
1757011767.383338,17234.742,0.060
1757011767.385409,17236.812,0.060
1757011767.387478,17238.882,0.060
1757011767.389548,17240.952,0.060
1757011767.391617,17243.021,0.060
1757011767.393686,17245.089,0.060
1757011767.395755,17247.158,0.060
1757011767.397824,17249.227,0.060
1757011767.399893,17251.296,0.060
1757011767.401963,17253.367,0.060
1757011767.404026,17255.430,0.060
1757011767.406095,17257.499,0.060
1757011767.408164,17259.568,0.060
1757011767.410233,17261.636,0.060
1757011767.412300,17263.703,0.060
1757011767.414368,17265.771,0.060
1757011767.416435,17267.838,0.060
1757011767.418504,17269.907,0.060
1757011767.420571,17271.975,0.060
1757011767.422640,17274.044,0.060
1757011767.424710,17276.113,0.060
1757011767.426778,17278.182,0.060
1757011767.428846,17280.250,0.060
1757011767.430917,17282.320,0.060
1757011767.432984,17284.387,0.060
1757011767.435053,17286.457,0.060
1757011767.437120,17288.524,0.060
1757011767.439189,17290.593,0.060
1757011767.441257,17292.661,0.060
1757011767.443326,17294.729,0.060
1757011767.445398,17296.802,0.060
1757011767.447467,17298.871,0.060
1757011767.449536,17300.940,0.060
1757011767.451604,17303.008,0.060
1757011767.453673,17305.077,0.060
1757011767.455742,17307.145,0.060
1757011767.457811,17309.215,0.060
1757011767.459880,17311.284,0.060
1757011767.461948,17313.351,0.060
1757011767.464020,17315.423,0.060
1757011767.466088,17317.491,0.060
1757011767.468156,17319.560,0.060
1757011767.470224,17321.628,0.060
1757011767.472291,17323.694,0.060
1757011767.474359,17325.763,0.060
1757011767.476427,17327.831,0.060
1757011767.478496,17329.900,0.060
1757011767.480567,17331.971,0.060
1757011767.482636,17334.039,0.060
1757011767.484704,17336.107,0.060
1757011767.486773,17338.176,0.060
1757011767.488840,17340.243,0.060
1757011767.490908,17342.312,0.060
1757011767.492976,17344.379,0.060
1757011767.495045,17346.449,0.060
1757011767.497114,17348.517,0.060
1757011767.499183,17350.587,0.060
1757011767.501251,17352.654,0.060
1757011767.503320,17354.723,0.060
1757011767.505389,17356.793,0.060
1757011767.507458,17358.862,0.060
1757011767.509532,17360.935,0.060
1757011767.511601,17363.005,0.060
1757011767.513670,17365.074,0.060
1757011767.515739,17367.142,0.060
1757011767.517808,17369.212,0.060
1757011767.519879,17371.283,0.060
1757011767.521949,17373.353,0.060
1757011767.524027,17375.430,0.060
1757011767.526096,17377.500,0.060
1757011767.528164,17379.568,0.060
1757011767.530233,17381.636,0.060
1757011767.532300,17383.703,0.060
1757011767.534369,17385.772,0.060
1757011767.536437,17387.841,0.060
1757011767.538506,17389.909,0.060
1757011767.540573,17391.977,0.060
1757011767.542641,17394.044,0.060
1757011767.544709,17396.113,0.060
1757011767.546778,17398.182,0.060
1757011767.548847,17400.250,0.060
1757011767.550915,17402.319,0.060
1757011767.552984,17404.387,0.060
1757011767.555053,17406.456,0.060
1757011767.557121,17408.524,0.060
1757011767.559189,17410.592,0.060
1757011767.561256,17412.660,0.060
1757011767.563325,17414.728,0.060
1757011767.565394,17416.797,0.060
1757011767.567473,17418.876,0.060
1757011767.569545,17420.949,0.060
1757011767.571614,17423.018,0.060
1757011767.573683,17425.086,0.060
1757011767.575751,17427.155,0.060
1757011767.577820,17429.224,0.060
1757011767.579889,17431.292,0.060
1757011767.581957,17433.361,0.060
1757011767.584028,17435.432,0.060
1757011767.586097,17437.500,0.060
1757011767.588165,17439.568,0.060
1757011767.590233,17441.637,0.060
1757011767.592301,17443.704,0.060
1757011767.594370,17445.773,0.060
1757011767.596438,17447.841,0.060
1757011767.598507,17449.910,0.060
1757011767.600574,17451.978,0.060
1757011767.602644,17454.047,0.060
1757011767.604713,17456.117,0.060
1757011767.606782,17458.186,0.060
1757011767.608850,17460.253,0.060
1757011767.610924,17462.328,0.060
1757011767.612995,17464.399,0.060
1757011767.615064,17466.468,0.060
1757011767.617133,17468.537,0.060
1757011767.619202,17470.605,0.060
1757011767.621270,17472.674,0.060
1757011767.623338,17474.742,0.060
1757011767.625408,17476.811,0.060
1757011767.627476,17478.880,0.060
1757011767.629544,17480.948,0.060
1757011767.631613,17483.017,0.060
1757011767.633681,17485.085,0.060
1757011767.635750,17487.153,0.060
1757011767.637818,17489.221,0.060
1757011767.639887,17491.290,0.060
1757011767.641956,17493.359,0.060
1757011767.644026,17495.429,0.060
1757011767.646094,17497.498,0.060
1757011767.648163,17499.567,0.060
1757011767.650233,17501.636,0.060
1757011767.652299,17503.703,0.060
1757011767.654368,17505.771,0.060
1757011767.656436,17507.840,0.060
1757011767.658505,17509.908,0.060
1757011767.660572,17511.975,0.060
1757011767.662640,17514.043,0.060
1757011767.664706,17516.110,0.060
1757011767.666776,17518.179,0.060
1757011767.668846,17520.250,0.060
1757011767.670915,17522.319,0.060
1757011767.672985,17524.388,0.060
1757011767.675054,17526.458,0.060
1757011767.677122,17528.526,0.060
1757011767.679191,17530.594,0.060
1757011767.681261,17532.665,0.060
1757011767.683330,17534.733,0.060
1757011767.685400,17536.803,0.060
1757011767.687469,17538.872,0.060
1757011767.689537,17540.941,0.060
1757011767.691606,17543.010,0.060
1757011767.693674,17545.078,0.060
1757011767.695743,17547.147,0.060
1757011767.697811,17549.214,0.060
1757011767.699879,17551.282,0.060
1757011767.701947,17553.350,0.060
1757011767.704032,17555.435,0.060
1757011767.706101,17557.505,0.060
1757011767.708170,17559.574,0.060
1757011767.710239,17561.642,0.060
1757011767.712306,17563.710,0.060
1757011767.714679,17566.083,0.060
1757011767.716757,17568.160,0.060
1757011767.718829,17570.233,0.060
1757011767.720900,17572.303,0.060
1757011767.722970,17574.374,0.060
1757011767.725043,17576.447,0.060
1757011767.727113,17578.516,0.060
1757011767.729180,17580.584,0.060
1757011767.731250,17582.654,0.060
1757011767.733318,17584.722,0.060
1757011767.735387,17586.791,0.060
1757011767.737456,17588.859,0.060
1757011767.739526,17590.929,0.060
1757011767.741595,17592.998,0.060
1757011767.743665,17595.068,0.060
1757011767.745734,17597.137,0.060
1757011767.747803,17599.207,0.060
1757011767.749873,17601.276,0.060
1757011767.751942,17603.346,0.060
1757011767.754011,17605.415,0.060
1757011767.756077,17607.481,0.060
1757011767.758146,17609.550,0.060
1757011767.760214,17611.618,0.060
1757011767.762283,17613.687,0.060
1757011767.764350,17615.754,0.060
1757011767.766420,17617.824,0.060
1757011767.768488,17619.892,0.060
1757011767.770559,17621.962,0.060
1757011767.772626,17624.030,0.060
1757011767.774694,17626.098,0.060
1757011767.776762,17628.165,0.060
1757011767.778831,17630.234,0.060
1757011767.780898,17632.301,0.060
1757011767.782966,17634.370,0.060
1757011767.785039,17636.443,0.060
1757011767.787107,17638.511,0.060
1757011767.789176,17640.580,0.060
1757011767.791245,17642.648,0.060
1757011767.793314,17644.717,0.060
1757011767.795383,17646.786,0.060
1757011767.797451,17648.854,0.060
1757011767.799531,17650.935,0.060
1757011767.801600,17653.004,0.060
1757011767.803670,17655.073,0.060
1757011767.805738,17657.142,0.060
1757011767.807807,17659.210,0.060
1757011767.809875,17661.279,0.060
1757011767.811944,17663.348,0.060
1757011767.814013,17665.416,0.060
1757011767.816392,17667.795,0.060
1757011767.818468,17669.872,0.060
1757011767.820538,17671.942,0.060
1757011767.822609,17674.012,0.060
1757011767.824678,17676.082,0.060
1757011767.826748,17678.151,0.060
1757011767.828815,17680.219,0.060
1757011767.830884,17682.287,0.060
1757011767.832952,17684.355,0.060
1757011767.835021,17686.424,0.060
1757011767.837095,17688.499,0.060
1757011767.839165,17690.568,0.060
1757011767.841234,17692.637,0.060
1757011767.843303,17694.706,0.060
1757011767.845376,17696.779,0.060
1757011767.847445,17698.848,0.060
1757011767.849513,17700.917,0.060
1757011767.851582,17702.986,0.060
1757011767.853652,17705.055,0.060
1757011767.855721,17707.124,0.060
1757011767.857790,17709.193,0.060
1757011767.859858,17711.261,0.060
1757011767.861930,17713.333,0.060
1757011767.864017,17715.420,0.060
1757011767.866086,17717.490,0.060
1757011767.868153,17719.557,0.060
1757011767.870222,17721.626,0.060
1757011767.872289,17723.693,0.060
1757011767.874358,17725.761,0.060
1757011767.876426,17727.829,0.060
1757011767.878495,17729.899,0.060
1757011767.880564,17731.967,0.060
1757011767.882633,17734.036,0.060
1757011767.884700,17736.103,0.060
1757011767.886768,17738.172,0.060
1757011767.888838,17740.241,0.060
1757011767.890906,17742.309,0.060
1757011767.892978,17744.381,0.060
1757011767.895046,17746.450,0.060
1757011767.897114,17748.518,0.060
1757011767.899183,17750.586,0.060
1757011767.901250,17752.654,0.060
1757011767.903319,17754.722,0.060
1757011767.905388,17756.791,0.060
1757011767.907456,17758.860,0.060
1757011767.909528,17760.932,0.060
1757011767.911597,17763.000,0.060
1757011767.913666,17765.069,0.060
1757011767.915737,17767.140,0.060
1757011767.917805,17769.209,0.060
1757011767.920181,17771.585,0.060
1757011767.922259,17773.663,0.060
1757011767.924328,17775.732,0.060
1757011767.926399,17777.803,0.060
1757011767.928469,17779.872,0.060
1757011767.930538,17781.941,0.060
1757011767.932605,17784.009,0.060
1757011767.934674,17786.077,0.060
1757011767.936743,17788.146,0.060
1757011767.938812,17790.216,0.060
1757011767.940880,17792.283,0.060
1757011767.942949,17794.353,0.060
1757011767.945018,17796.422,0.060
1757011767.947087,17798.490,0.060
1757011767.949155,17800.559,0.060
1757011767.951226,17802.629,0.060
1757011767.953296,17804.699,0.060
1757011767.955365,17806.768,0.060
1757011767.957434,17808.837,0.060
1757011767.959504,17810.907,0.060
1757011767.961572,17812.976,0.060
1757011767.963641,17815.045,0.060
1757011767.965720,17817.124,0.060
1757011767.967792,17819.196,0.060
1757011767.969874,17821.278,0.060
1757011767.971947,17823.351,0.060
1757011767.974017,17825.421,0.060
1757011767.976085,17827.488,0.060
1757011767.978154,17829.558,0.060
1757011767.980223,17831.626,0.060
1757011767.982292,17833.696,0.060
1757011767.984359,17835.763,0.060
1757011767.986428,17837.832,0.060
1757011767.988497,17839.901,0.060
1757011767.990567,17841.970,0.060
1757011767.992634,17844.038,0.060
1757011767.994705,17846.108,0.060
1757011767.996773,17848.177,0.060
1757011767.998842,17850.245,0.060
1757011768.000913,17852.316,0.060
1757011768.002982,17854.385,0.060
1757011768.005052,17856.455,0.060
1757011768.007121,17858.524,0.060
1757011768.009193,17860.597,0.060
1757011768.011263,17862.666,0.060
1757011768.013332,17864.736,0.060
1757011768.015401,17866.804,0.060
1757011768.017470,17868.873,0.060
1757011768.019539,17870.943,0.060
1757011768.021608,17873.011,0.060
1757011768.023677,17875.080,0.060
1757011768.025748,17877.151,0.060
1757011768.027830,17879.234,0.060
1757011768.029903,17881.306,0.060
1757011768.031973,17883.377,0.060
1757011768.034043,17885.446,0.060
1757011768.036111,17887.515,0.060
1757011768.038181,17889.584,0.060
1757011768.040249,17891.653,0.060
1757011768.042319,17893.722,0.060
1757011768.044387,17895.791,0.060
1757011768.046457,17897.860,0.060
1757011768.048525,17899.928,0.060
1757011768.050596,17901.999,0.060
1757011768.052662,17904.066,0.060
1757011768.054732,17906.135,0.060
1757011768.056800,17908.203,0.060
1757011768.058869,17910.272,0.060
1757011768.060938,17912.341,0.060
1757011768.063007,17914.410,0.060
1757011768.065075,17916.479,0.060
1757011768.067144,17918.548,0.060
1757011768.069213,17920.616,0.060
1757011768.071283,17922.687,0.060
1757011768.073354,17924.757,0.060
1757011768.075423,17926.827,0.060
1757011768.077492,17928.895,0.060
1757011768.079561,17930.964,0.060
1757011768.081629,17933.033,0.060
1757011768.083699,17935.102,0.060
1757011768.085767,17937.171,0.060
1757011768.087836,17939.239,0.060
1757011768.089905,17941.308,0.060
1757011768.091973,17943.377,0.060
1757011768.094042,17945.445,0.060
1757011768.096109,17947.513,0.060
1757011768.098178,17949.582,0.060
1757011768.100247,17951.651,0.060
1757011768.102316,17953.720,0.060
1757011768.104383,17955.786,0.060
1757011768.106452,17957.856,0.060
1757011768.108521,17959.924,0.060
1757011768.110589,17961.993,0.060
1757011768.112656,17964.059,0.060
1757011768.114725,17966.129,0.060
1757011768.116798,17968.201,0.060
1757011768.118867,17970.270,0.060
1757011768.120938,17972.342,0.060
1757011768.123006,17974.409,0.060
1757011768.125074,17976.478,0.060
1757011768.127143,17978.546,0.060
1757011768.129210,17980.613,0.060
1757011768.131278,17982.681,0.060
1757011768.133346,17984.750,0.060
1757011768.135416,17986.819,0.060
1757011768.137485,17988.888,0.060
1757011768.139554,17990.957,0.060
1757011768.141622,17993.025,0.060
1757011768.143691,17995.095,0.060
1757011768.145760,17997.163,0.060
1757011768.147830,17999.233,0.060
1757011768.149898,18001.302,0.060
1757011768.151967,18003.371,0.060
1757011768.154036,18005.440,0.060
1757011768.156102,18007.506,0.060
1757011768.158172,18009.575,0.060
1757011768.160239,18011.642,0.060
1757011768.162307,18013.710,0.060
1757011768.164373,18015.777,0.060
1757011768.166442,18017.845,0.060
1757011768.168511,18019.915,0.060
1757011768.170580,18021.983,0.060
1757011768.172648,18024.051,0.060
1757011768.174719,18026.122,0.060
1757011768.176789,18028.193,0.060
1757011768.178859,18030.262,0.060
1757011768.180927,18032.331,0.060
1757011768.182996,18034.400,0.060
1757011768.185064,18036.467,0.060
1757011768.187133,18038.536,0.060
1757011768.189201,18040.604,0.060
1757011768.191269,18042.672,0.060
1757011768.193336,18044.740,0.060
1757011768.195405,18046.808,0.060
1757011768.197473,18048.877,0.060
1757011768.199541,18050.945,0.060
1757011768.201610,18053.013,0.060
1757011768.203678,18055.082,0.060
1757011768.205747,18057.151,0.060
1757011768.207818,18059.221,0.060
1757011768.209886,18061.289,0.060
1757011768.211955,18063.359,0.060
1757011768.214024,18065.427,0.060
1757011768.216091,18067.494,0.060
1757011768.218160,18069.563,0.060
1757011768.220228,18071.632,0.060
1757011768.222297,18073.701,0.060
1757011768.224363,18075.767,0.060
1757011768.226431,18077.834,0.060
1757011768.228498,18079.902,0.060
1757011768.230566,18081.970,0.060
1757011768.232636,18084.039,0.060
1757011768.234705,18086.108,0.060
1757011768.236774,18088.178,0.060
1757011768.238843,18090.247,0.060
1757011768.240911,18092.314,0.060
1757011768.242980,18094.383,0.060
1757011768.245048,18096.452,0.060
1757011768.247117,18098.520,0.060
1757011768.249184,18100.588,0.060
1757011768.251253,18102.656,0.060
1757011768.253323,18104.726,0.060
1757011768.255392,18106.796,0.060
1757011768.257461,18108.865,0.060
1757011768.259531,18110.934,0.060
1757011768.261600,18113.003,0.060
1757011768.263669,18115.072,0.060
1757011768.265738,18117.141,0.060
1757011768.267808,18119.212,0.060
1757011768.269879,18121.282,0.060
1757011768.271948,18123.351,0.060
1757011768.274016,18125.420,0.060
1757011768.276083,18127.486,0.060
1757011768.278152,18129.555,0.060
1757011768.280218,18131.622,0.060
1757011768.282287,18133.691,0.060
1757011768.284356,18135.759,0.060
1757011768.286425,18137.829,0.060
1757011768.288493,18139.897,0.060
1757011768.290561,18141.965,0.060
1757011768.292629,18144.033,0.060
1757011768.294698,18146.101,0.060
1757011768.296764,18148.167,0.060
1757011768.298834,18150.237,0.060
1757011768.300901,18152.305,0.060
1757011768.302971,18154.374,0.060
1757011768.305037,18156.441,0.060
1757011768.307107,18158.510,0.060
1757011768.309175,18160.578,0.060
1757011768.311244,18162.647,0.060
1757011768.313310,18164.714,0.060
1757011768.315380,18166.783,0.060
1757011768.317449,18168.852,0.060
1757011768.319518,18170.922,0.060
1757011768.321588,18172.992,0.060
1757011768.323657,18175.061,0.060
1757011768.325728,18177.131,0.060
1757011768.327797,18179.200,0.060
1757011768.329866,18181.270,0.060
1757011768.331936,18183.339,0.060
1757011768.334004,18185.408,0.060
1757011768.336069,18187.473,0.060
1757011768.338140,18189.543,0.060
1757011768.340209,18191.612,0.060
1757011768.342279,18193.682,0.060
1757011768.344345,18195.749,0.060
1757011768.346415,18197.819,0.060
1757011768.348485,18199.889,0.060
1757011768.350555,18201.958,0.060
1757011768.352621,18204.024,0.060
1757011768.354690,18206.094,0.060
1757011768.356759,18208.162,0.060
1757011768.358828,18210.232,0.060
1757011768.360894,18212.298,0.060
1757011768.362965,18214.369,0.060
1757011768.365034,18216.437,0.060
1757011768.367104,18218.507,0.060
1757011768.369174,18220.578,0.060
1757011768.371252,18222.656,0.060
1757011768.373319,18224.723,0.060
1757011768.375389,18226.792,0.060
1757011768.377458,18228.861,0.060
1757011768.379527,18230.931,0.060
1757011768.381597,18233.001,0.060
1757011768.383667,18235.071,0.060
1757011768.385736,18237.140,0.060
1757011768.387806,18239.209,0.060
1757011768.389876,18241.279,0.060
1757011768.391945,18243.348,0.060
1757011768.394014,18245.417,0.060
1757011768.396080,18247.483,0.060
1757011768.398150,18249.553,0.060
1757011768.400217,18251.621,0.060
1757011768.402288,18253.691,0.060
1757011768.404353,18255.757,0.060
1757011768.406425,18257.828,0.060
1757011768.408493,18259.897,0.060
1757011768.410562,18261.965,0.060
1757011768.412627,18264.030,0.060
1757011768.414697,18266.100,0.060
1757011768.416765,18268.169,0.060
1757011768.418834,18270.238,0.060
1757011768.420902,18272.305,0.060
1757011768.422971,18274.374,0.060
1757011768.425040,18276.443,0.060
1757011768.427108,18278.512,0.060
1757011768.429179,18280.583,0.060
1757011768.431248,18282.651,0.060
1757011768.433317,18284.720,0.060
1757011768.435385,18286.788,0.060
1757011768.437459,18288.863,0.060
1757011768.439530,18290.934,0.060
1757011768.441600,18293.003,0.060
1757011768.443670,18295.074,0.060
1757011768.445742,18297.146,0.060
1757011768.447812,18299.216,0.060
1757011768.449881,18301.284,0.060
1757011768.451951,18303.354,0.060
1757011768.454020,18305.423,0.060
1757011768.456086,18307.489,0.060
1757011768.458154,18309.557,0.060
1757011768.460222,18311.626,0.060
1757011768.462291,18313.695,0.060
1757011768.464358,18315.762,0.060
1757011768.466427,18317.831,0.060
1757011768.468494,18319.898,0.060
1757011768.470564,18321.968,0.060
1757011768.472631,18324.034,0.060
1757011768.474709,18326.112,0.060
1757011768.476777,18328.181,0.060
1757011768.478846,18330.249,0.060
1757011768.480917,18332.321,0.060
1757011768.482986,18334.390,0.060
1757011768.485055,18336.459,0.060
1757011768.487124,18338.528,0.060
1757011768.489192,18340.595,0.060
1757011768.491261,18342.664,0.060
1757011768.493331,18344.734,0.060
1757011768.495399,18346.802,0.060
1757011768.497469,18348.872,0.060
1757011768.499538,18350.942,0.060
1757011768.501607,18353.010,0.060
1757011768.503676,18355.079,0.060
1757011768.505745,18357.148,0.060
1757011768.507814,18359.218,0.060
1757011768.509887,18361.291,0.060
1757011768.511956,18363.359,0.060
1757011768.514026,18365.429,0.060
1757011768.516094,18367.498,0.060
1757011768.518162,18369.566,0.060
1757011768.520228,18371.632,0.060
1757011768.522297,18373.701,0.060
1757011768.524366,18375.770,0.060
1757011768.526435,18377.838,0.060
1757011768.528501,18379.905,0.060
1757011768.530571,18381.975,0.060
1757011768.532647,18384.050,0.060
1757011768.534715,18386.119,0.060
1757011768.536782,18388.185,0.060
1757011768.538853,18390.256,0.060
1757011768.540924,18392.327,0.060
1757011768.542993,18394.396,0.060
1757011768.545060,18396.464,0.060
1757011768.547132,18398.535,0.060
1757011768.549200,18400.604,0.060
1757011768.551269,18402.672,0.060
1757011768.553337,18404.741,0.060
1757011768.555407,18406.811,0.060
1757011768.557476,18408.880,0.060
1757011768.559545,18410.949,0.060
1757011768.561615,18413.018,0.060
1757011768.563684,18415.087,0.060
1757011768.565753,18417.157,0.060
1757011768.567823,18419.226,0.060
1757011768.569892,18421.296,0.060
1757011768.571961,18423.365,0.060
1757011768.574030,18425.434,0.060
1757011768.576097,18427.501,0.060
1757011768.578166,18429.569,0.060
1757011768.580234,18431.638,0.060
1757011768.582303,18433.706,0.060
1757011768.584370,18435.774,0.060
1757011768.586439,18437.843,0.060
1757011768.588509,18439.912,0.060
1757011768.590578,18441.981,0.060
1757011768.592646,18444.049,0.060
1757011768.594714,18446.118,0.060
1757011768.596782,18448.186,0.060
1757011768.598852,18450.255,0.060
1757011768.600919,18452.322,0.060
1757011768.602988,18454.391,0.060
1757011768.605057,18456.460,0.060
1757011768.607126,18458.529,0.060
1757011768.609194,18460.598,0.060
1757011768.611263,18462.667,0.060
1757011768.613331,18464.734,0.060
1757011768.615399,18466.803,0.060
1757011768.617469,18468.872,0.060
1757011768.619537,18470.941,0.060
1757011768.621607,18473.011,0.060
1757011768.623676,18475.080,0.060
1757011768.625744,18477.148,0.060
1757011768.627814,18479.217,0.060
1757011768.629882,18481.286,0.060
1757011768.631952,18483.355,0.060
1757011768.634022,18485.425,0.060
1757011768.636088,18487.491,0.060
1757011768.638156,18489.560,0.060
1757011768.640224,18491.628,0.060
1757011768.642293,18493.697,0.060
1757011768.644361,18495.764,0.060
1757011768.646437,18497.841,0.060
1757011768.648506,18499.910,0.060
1757011768.650575,18501.978,0.060
1757011768.652642,18504.045,0.060
1757011768.654711,18506.115,0.060
1757011768.656780,18508.184,0.060
1757011768.658849,18510.253,0.060
1757011768.660918,18512.321,0.060
1757011768.662986,18514.389,0.060
1757011768.665056,18516.459,0.060
1757011768.667124,18518.528,0.060
1757011768.669191,18520.594,0.060
1757011768.671260,18522.663,0.060
1757011768.673328,18524.732,0.060
1757011768.675397,18526.801,0.060
1757011768.677469,18528.873,0.060
1757011768.679538,18530.942,0.060
1757011768.681608,18533.012,0.060
1757011768.683676,18535.080,0.060
1757011768.685746,18537.150,0.060
1757011768.687815,18539.218,0.060
1757011768.689885,18541.288,0.060
1757011768.691954,18543.358,0.060
1757011768.694023,18545.426,0.060
1757011768.696090,18547.493,0.060
1757011768.698158,18549.562,0.060
1757011768.700226,18551.630,0.060
1757011768.702296,18553.699,0.060
1757011768.704364,18555.767,0.060
1757011768.706431,18557.835,0.060
1757011768.708500,18559.903,0.060
1757011768.710568,18561.972,0.060
1757011768.712636,18564.040,0.060
1757011768.714705,18566.108,0.060
1757011768.716773,18568.177,0.060
1757011768.718842,18570.245,0.060
1757011768.720909,18572.312,0.060
1757011768.722977,18574.381,0.060
1757011768.725045,18576.449,0.060
1757011768.727114,18578.518,0.060
1757011768.729182,18580.586,0.060
1757011768.731252,18582.655,0.060
1757011768.733321,18584.724,0.060
1757011768.735393,18586.797,0.060
1757011768.737464,18588.867,0.060
1757011768.739535,18590.939,0.060
1757011768.741604,18593.008,0.060
1757011768.743673,18595.077,0.060
1757011768.745743,18597.146,0.060
1757011768.747812,18599.216,0.060
1757011768.749881,18601.284,0.060
1757011768.751950,18603.353,0.060
1757011768.754018,18605.422,0.060
1757011768.756086,18607.490,0.060
1757011768.758155,18609.559,0.060
1757011768.760224,18611.628,0.060
1757011768.762293,18613.697,0.060
1757011768.764361,18615.764,0.060
1757011768.766433,18617.836,0.060
1757011768.768501,18619.904,0.060
1757011768.770569,18621.972,0.060
1757011768.772636,18624.040,0.060
1757011768.774706,18626.109,0.060
1757011768.776774,18628.178,0.060
1757011768.778843,18630.246,0.060
1757011768.780910,18632.313,0.060
1757011768.782979,18634.383,0.060
1757011768.785048,18636.451,0.060
1757011768.787117,18638.520,0.060
1757011768.789185,18640.588,0.060
1757011768.791254,18642.657,0.060
1757011768.793322,18644.726,0.060
1757011768.795392,18646.795,0.060
1757011768.797462,18648.865,0.060
1757011768.799531,18650.934,0.060
1757011768.801600,18653.003,0.060
1757011768.803669,18655.073,0.060
1757011768.805738,18657.142,0.060
1757011768.807806,18659.210,0.060
1757011768.809875,18661.278,0.060
1757011768.811944,18663.348,0.060
1757011768.814012,18665.416,0.060
1757011768.816078,18667.482,0.060
1757011768.818147,18669.551,0.060
1757011768.820217,18671.621,0.060
1757011768.822286,18673.690,0.060
1757011768.824355,18675.758,0.060
1757011768.826424,18677.827,0.060
1757011768.828493,18679.896,0.060
1757011768.830561,18681.964,0.060
1757011768.832628,18684.032,0.060
1757011768.834698,18686.101,0.060
1757011768.836766,18688.169,0.060
1757011768.838835,18690.239,0.060
1757011768.840903,18692.306,0.060
1757011768.842971,18694.375,0.060
1757011768.845040,18696.444,0.060
1757011768.847110,18698.513,0.060
1757011768.849178,18700.582,0.060
1757011768.851249,18702.653,0.060
1757011768.853318,18704.721,0.060
1757011768.855387,18706.791,0.060
1757011768.857458,18708.861,0.060
1757011768.859527,18710.931,0.060
1757011768.861595,18712.999,0.060
1757011768.863664,18715.068,0.060
1757011768.865733,18717.137,0.060
1757011768.867802,18719.206,0.060
1757011768.869871,18721.275,0.060
1757011768.871941,18723.344,0.060
1757011768.874010,18725.413,0.060
1757011768.876076,18727.480,0.060
1757011768.878146,18729.549,0.060
1757011768.880214,18731.617,0.060
1757011768.882283,18733.686,0.060
1757011768.884350,18735.754,0.060
1757011768.886419,18737.823,0.060
1757011768.888488,18739.892,0.060
1757011768.890558,18741.961,0.060
1757011768.892624,18744.028,0.060
1757011768.894694,18746.097,0.060
1757011768.896763,18748.167,0.060
1757011768.898833,18750.236,0.060
1757011768.900900,18752.304,0.060
1757011768.902970,18754.373,0.060
1757011768.905038,18756.442,0.060
1757011768.907108,18758.511,0.060
1757011768.909179,18760.582,0.060
1757011768.911247,18762.651,0.060
1757011768.913315,18764.718,0.060
1757011768.915383,18766.787,0.060
1757011768.917452,18768.856,0.060
1757011768.919522,18770.925,0.060
1757011768.921591,18772.994,0.060
1757011768.923660,18775.064,0.060
1757011768.925730,18777.133,0.060
1757011768.927799,18779.202,0.060
1757011768.929867,18781.271,0.060
1757011768.931936,18783.339,0.060
1757011768.934005,18785.408,0.060
1757011768.936071,18787.474,0.060
1757011768.938140,18789.544,0.060
1757011768.940208,18791.611,0.060
1757011768.942276,18793.679,0.060
1757011768.944344,18795.748,0.060
1757011768.946413,18797.817,0.060
1757011768.948480,18799.883,0.060
1757011768.950550,18801.954,0.060
1757011768.952618,18804.021,0.060
1757011768.954686,18806.090,0.060
1757011768.956755,18808.158,0.060
1757011768.958826,18810.230,0.060
1757011768.960896,18812.299,0.060
1757011768.962967,18814.371,0.060
1757011768.965035,18816.439,0.060
1757011768.967106,18818.510,0.060
1757011768.969177,18820.580,0.060
1757011768.971246,18822.650,0.060
1757011768.973320,18824.724,0.060
1757011768.975390,18826.793,0.060
1757011768.977459,18828.863,0.060
1757011768.979528,18830.932,0.060
1757011768.981596,18833.000,0.060
1757011768.983665,18835.069,0.060
1757011768.985734,18837.138,0.060
1757011768.987803,18839.207,0.060
1757011768.989872,18841.275,0.060
1757011768.991941,18843.345,0.060
1757011768.994010,18845.414,0.060
1757011768.996078,18847.481,0.060
1757011768.998147,18849.550,0.060
1757011769.000215,18851.618,0.060
1757011769.002284,18853.687,0.060
1757011769.004350,18855.754,0.060
1757011769.006419,18857.822,0.060
1757011769.008490,18859.893,0.060
1757011769.010559,18861.963,0.060
1757011769.012629,18864.032,0.060
1757011769.014698,18866.101,0.060
1757011769.016767,18868.170,0.060
1757011769.018836,18870.239,0.060
1757011769.020906,18872.309,0.060
1757011769.022975,18874.378,0.060
1757011769.025043,18876.446,0.060
1757011769.027112,18878.515,0.060
1757011769.029180,18880.584,0.060
1757011769.031249,18882.652,0.060
1757011769.033317,18884.720,0.060
1757011769.035386,18886.789,0.060
1757011769.037454,18888.858,0.060
1757011769.039524,18890.927,0.060
1757011769.041593,18892.996,0.060
1757011769.043663,18895.066,0.060
1757011769.045731,18897.135,0.060
1757011769.047801,18899.204,0.060
1757011769.049869,18901.272,0.060
1757011769.051938,18903.341,0.060
1757011769.054006,18905.410,0.060
1757011769.056072,18907.476,0.060
1757011769.058141,18909.545,0.060
1757011769.060211,18911.615,0.060
1757011769.062280,18913.683,0.060
1757011769.064346,18915.750,0.060
1757011769.066415,18917.818,0.060
1757011769.068483,18919.886,0.060
1757011769.070552,18921.956,0.060
1757011769.072620,18924.023,0.060
1757011769.074688,18926.092,0.060
1757011769.076759,18928.162,0.060
1757011769.078828,18930.231,0.060
1757011769.080894,18932.298,0.060
1757011769.082964,18934.367,0.060
1757011769.085034,18936.437,0.060
1757011769.087103,18938.507,0.060
1757011769.089171,18940.575,0.060
1757011769.091241,18942.644,0.060
1757011769.093309,18944.713,0.060
1757011769.095379,18946.782,0.060
1757011769.097450,18948.854,0.060
1757011769.099520,18950.923,0.060
1757011769.101588,18952.991,0.060
1757011769.103657,18955.060,0.060
1757011769.105725,18957.128,0.060
1757011769.107794,18959.198,0.060
1757011769.109864,18961.267,0.060
1757011769.111933,18963.336,0.060
1757011769.114002,18965.405,0.060
1757011769.116068,18967.472,0.060
1757011769.118138,18969.542,0.060
1757011769.120206,18971.609,0.060
1757011769.122275,18973.678,0.060
1757011769.124342,18975.746,0.060
1757011769.126412,18977.815,0.060
1757011769.128480,18979.883,0.060
1757011769.130549,18981.953,0.060
1757011769.132618,18984.022,0.060
1757011769.134687,18986.091,0.060
1757011769.136755,18988.158,0.060
1757011769.138824,18990.227,0.060
1757011769.140893,18992.296,0.060
1757011769.142962,18994.365,0.060
1757011769.145030,18996.434,0.060
1757011769.147099,18998.502,0.060
1757011769.149168,19000.571,0.060
1757011769.151237,19002.640,0.060
1757011769.153305,19004.709,0.060
1757011769.155374,19006.778,0.060
1757011769.157446,19008.849,0.060
1757011769.159515,19010.918,0.060
1757011769.161583,19012.987,0.060
1757011769.163652,19015.056,0.060
1757011769.165720,19017.123,0.060
1757011769.167789,19019.192,0.060
1757011769.169858,19021.261,0.060
1757011769.171926,19023.329,0.060
1757011769.173994,19025.398,0.060
1757011769.176027,19027.431,0.060
1757011769.178096,19029.499,0.060
1757011769.180164,19031.567,0.060
1757011769.182233,19033.636,0.060
1757011769.184299,19035.702,0.060
1757011769.186370,19037.773,0.060
1757011769.188439,19039.842,0.060
1757011769.190507,19041.910,0.060
1757011769.192573,19043.976,0.060
1757011769.194643,19046.046,0.060
1757011769.196712,19048.115,0.060
1757011769.198781,19050.184,0.060
1757011769.200849,19052.253,0.060
1757011769.202918,19054.322,0.060
1757011769.204987,19056.390,0.060
1757011769.207056,19058.459,0.060
1757011769.209124,19060.528,0.060
1757011769.211193,19062.597,0.060
1757011769.213262,19064.665,0.060
1757011769.215331,19066.735,0.060
1757011769.217401,19068.804,0.060
1757011769.219469,19070.873,0.060
1757011769.221542,19072.945,0.060
1757011769.223611,19075.015,0.060
1757011769.225680,19077.084,0.060
1757011769.227749,19079.153,0.060
1757011769.229818,19081.221,0.060
1757011769.231886,19083.290,0.060
1757011769.233955,19085.358,0.060
1757011769.236025,19087.429,0.060
1757011769.238094,19089.497,0.060
1757011769.240162,19091.566,0.060
1757011769.242231,19093.635,0.060
1757011769.244298,19095.701,0.060
1757011769.246367,19097.770,0.060
1757011769.248435,19099.839,0.060
1757011769.250504,19101.907,0.060
1757011769.252572,19103.976,0.060
1757011769.254640,19106.044,0.060
1757011769.256709,19108.112,0.060
1757011769.258778,19110.181,0.060
1757011769.260846,19112.250,0.060
1757011769.262915,19114.318,0.060
1757011769.264982,19116.385,0.060
1757011769.267050,19118.454,0.060
1757011769.269117,19120.521,0.060
1757011769.271186,19122.589,0.060
1757011769.273254,19124.658,0.060
1757011769.275323,19126.726,0.060
1757011769.277392,19128.795,0.060
1757011769.279460,19130.864,0.060
1757011769.281528,19132.932,0.060
1757011769.283598,19135.001,0.060
1757011769.285666,19137.069,0.060
1757011769.287735,19139.138,0.060
1757011769.289804,19141.207,0.060
1757011769.291873,19143.277,0.060
1757011769.293941,19145.345,0.060
1757011769.296026,19147.429,0.060
1757011769.298094,19149.498,0.060
1757011769.300163,19151.567,0.060
1757011769.302232,19153.635,0.060
1757011769.304298,19155.702,0.060
1757011769.306366,19157.770,0.060
1757011769.308437,19159.840,0.060
1757011769.310505,19161.909,0.060
1757011769.312573,19163.977,0.060
1757011769.314642,19166.046,0.060
1757011769.316712,19168.116,0.060
1757011769.318782,19170.185,0.060
1757011769.320850,19172.254,0.060
1757011769.322920,19174.323,0.060
1757011769.324988,19176.392,0.060
1757011769.327057,19178.461,0.060
1757011769.329126,19180.530,0.060
1757011769.331195,19182.598,0.060
1757011769.333263,19184.666,0.060
1757011769.335331,19186.735,0.060
1757011769.337400,19188.804,0.060
1757011769.339469,19190.872,0.060
1757011769.341538,19192.942,0.060
1757011769.343607,19195.011,0.060
1757011769.345676,19197.079,0.060
1757011769.347745,19199.148,0.060
1757011769.349813,19201.216,0.060
1757011769.351882,19203.286,0.060
1757011769.353950,19205.354,0.060
1757011769.356022,19207.426,0.060
1757011769.358091,19209.495,0.060
1757011769.360157,19211.561,0.060
1757011769.362226,19213.630,0.060
1757011769.364294,19215.697,0.060
1757011769.366363,19217.766,0.060
1757011769.368431,19219.835,0.060
1757011769.370501,19221.904,0.060
1757011769.372570,19223.974,0.060
1757011769.374640,19226.043,0.060
1757011769.376708,19228.112,0.060
1757011769.378777,19230.181,0.060
1757011769.380846,19232.250,0.060
1757011769.382915,19234.319,0.060
1757011769.384984,19236.388,0.060
1757011769.387053,19238.456,0.060
1757011769.389121,19240.525,0.060
1757011769.391189,19242.593,0.060
1757011769.393258,19244.662,0.060
1757011769.395328,19246.731,0.060
1757011769.397398,19248.802,0.060
1757011769.399467,19250.871,0.060
1757011769.401536,19252.940,0.060
1757011769.403606,19255.010,0.060
1757011769.405674,19257.078,0.060
1757011769.407744,19259.147,0.060
1757011769.409813,19261.216,0.060
1757011769.411882,19263.286,0.060
1757011769.413952,19265.355,0.060
1757011769.416027,19267.430,0.060
1757011769.418095,19269.499,0.060
1757011769.420164,19271.567,0.060
1757011769.422233,19273.636,0.060
1757011769.424300,19275.704,0.060
1757011769.426369,19277.773,0.060
1757011769.428438,19279.842,0.060
1757011769.430507,19281.911,0.060
1757011769.432573,19283.977,0.060
1757011769.434642,19286.045,0.060
1757011769.436709,19288.113,0.060
1757011769.438778,19290.181,0.060
1757011769.440845,19292.248,0.060
1757011769.442914,19294.317,0.060
1757011769.444986,19296.390,0.060
1757011769.447056,19298.459,0.060
1757011769.449130,19300.534,0.060
1757011769.451201,19302.604,0.060
1757011769.453270,19304.673,0.060
1757011769.455338,19306.741,0.060
1757011769.457408,19308.811,0.060
1757011769.459477,19310.880,0.060
1757011769.461546,19312.950,0.060
1757011769.463616,19315.020,0.060
1757011769.465687,19317.090,0.060
1757011769.467756,19319.159,0.060
1757011769.469824,19321.228,0.060
1757011769.471894,19323.297,0.060
1757011769.473962,19325.366,0.060
1757011769.476023,19327.426,0.060
1757011769.478092,19329.496,0.060
1757011769.480160,19331.564,0.060
1757011769.482230,19333.634,0.060
1757011769.484296,19335.700,0.060
1757011769.486366,19337.769,0.060
1757011769.488437,19339.840,0.060
1757011769.490506,19341.910,0.060
1757011769.492575,19343.979,0.060
1757011769.494644,19346.047,0.060
1757011769.496712,19348.116,0.060
1757011769.498781,19350.185,0.060
1757011769.500849,19352.253,0.060
1757011769.502918,19354.322,0.060
1757011769.504986,19356.390,0.060
1757011769.507055,19358.458,0.060
1757011769.509123,19360.527,0.060
1757011769.511192,19362.596,0.060
1757011769.513262,19364.666,0.060
1757011769.515331,19366.735,0.060
1757011769.517401,19368.805,0.060
1757011769.519471,19370.874,0.060
1757011769.521540,19372.943,0.060
1757011769.523609,19375.013,0.060
1757011769.525678,19377.081,0.060
1757011769.527747,19379.150,0.060
1757011769.529816,19381.220,0.060
1757011769.531885,19383.289,0.060
1757011769.533954,19385.358,0.060
1757011769.536027,19387.431,0.060
1757011769.538098,19389.502,0.060
1757011769.540167,19391.571,0.060
1757011769.542237,19393.640,0.060
1757011769.544304,19395.707,0.060
1757011769.546372,19397.776,0.060
1757011769.548441,19399.845,0.060
1757011769.550510,19401.914,0.060
1757011769.552577,19403.981,0.060
1757011769.554646,19406.050,0.060
1757011769.556715,19408.119,0.060
1757011769.558784,19410.188,0.060
1757011769.560856,19412.259,0.060
1757011769.562925,19414.328,0.060
1757011769.564994,19416.397,0.060
1757011769.567063,19418.466,0.060
1757011769.569130,19420.534,0.060
1757011769.571199,19422.603,0.060
1757011769.573268,19424.671,0.060
1757011769.575336,19426.740,0.060
1757011769.577406,19428.810,0.060
1757011769.579475,19430.879,0.060
1757011769.581545,19432.948,0.060
1757011769.583614,19435.017,0.060
1757011769.585683,19437.086,0.060
1757011769.587753,19439.156,0.060
1757011769.589823,19441.226,0.060
1757011769.591892,19443.296,0.060
1757011769.593961,19445.365,0.060
1757011769.596031,19447.435,0.060
1757011769.598101,19449.504,0.060
1757011769.600171,19451.574,0.060
1757011769.602241,19453.645,0.060
1757011769.604308,19455.712,0.060
1757011769.606377,19457.781,0.060
1757011769.608446,19459.850,0.060
1757011769.610515,19461.919,0.060
1757011769.612583,19463.987,0.060
1757011769.614652,19466.055,0.060
1757011769.616722,19468.126,0.060
1757011769.618791,19470.195,0.060
1757011769.620860,19472.263,0.060
1757011769.622929,19474.332,0.060
1757011769.624997,19476.401,0.060
1757011769.627066,19478.470,0.060
1757011769.629135,19480.538,0.060
1757011769.631203,19482.607,0.060
1757011769.633271,19484.674,0.060
1757011769.635339,19486.743,0.060
1757011769.637408,19488.811,0.060
1757011769.639477,19490.881,0.060
1757011769.641546,19492.950,0.060
1757011769.643615,19495.019,0.060
1757011769.645684,19497.088,0.060
1757011769.647753,19499.157,0.060
1757011769.649822,19501.226,0.060
1757011769.651891,19503.295,0.060
1757011769.653961,19505.364,0.060
1757011769.656022,19507.426,0.060
1757011769.658091,19509.495,0.060
1757011769.660161,19511.565,0.060
1757011769.662230,19513.634,0.060
1757011769.664296,19515.700,0.060
1757011769.666366,19517.769,0.060
1757011769.668433,19519.836,0.060
1757011769.670502,19521.905,0.060
1757011769.672572,19523.975,0.060
1757011769.674641,19526.045,0.060
1757011769.676710,19528.114,0.060
1757011769.678779,19530.182,0.060
1757011769.680846,19532.249,0.060
1757011769.682914,19534.318,0.060
1757011769.684983,19536.386,0.060
1757011769.687052,19538.456,0.060
1757011769.689121,19540.524,0.060
1757011769.691190,19542.593,0.060
1757011769.693261,19544.664,0.060
1757011769.695330,19546.733,0.060
1757011769.697400,19548.803,0.060
1757011769.699469,19550.872,0.060
1757011769.701539,19552.943,0.060
1757011769.703608,19555.012,0.060
1757011769.705677,19557.080,0.060
1757011769.707746,19559.150,0.060
1757011769.709815,19561.218,0.060
1757011769.711884,19563.287,0.060
1757011769.713953,19565.356,0.060
1757011769.716028,19567.431,0.060
1757011769.718097,19569.500,0.060
1757011769.720164,19571.567,0.060
1757011769.722233,19573.636,0.060
1757011769.724302,19575.706,0.060
1757011769.726371,19577.775,0.060
1757011769.728438,19579.842,0.060
1757011769.730507,19581.911,0.060
1757011769.732576,19583.980,0.060
1757011769.734645,19586.049,0.060
1757011769.736712,19588.116,0.060
1757011769.738781,19590.185,0.060
1757011769.740848,19592.251,0.060
1757011769.742917,19594.320,0.060
1757011769.744986,19596.389,0.060
1757011769.747056,19598.459,0.060
1757011769.749122,19600.525,0.060
1757011769.751190,19602.594,0.060
1757011769.753260,19604.664,0.060
1757011769.755329,19606.733,0.060
1757011769.757399,19608.803,0.060
1757011769.759469,19610.872,0.060
1757011769.761537,19612.941,0.060
1757011769.763606,19615.010,0.060
1757011769.765674,19617.077,0.060
1757011769.767743,19619.146,0.060
1757011769.769811,19621.215,0.060
1757011769.771881,19623.284,0.060
1757011769.773950,19625.354,0.060
1757011769.776023,19627.427,0.060
1757011769.778092,19629.495,0.060
1757011769.780160,19631.563,0.060
1757011769.782229,19633.632,0.060
1757011769.784296,19635.699,0.060
1757011769.786366,19637.769,0.060
1757011769.788433,19639.837,0.060
1757011769.790502,19641.906,0.060
1757011769.792569,19643.973,0.060
1757011769.794638,19646.041,0.060
1757011769.796707,19648.111,0.060
1757011769.798775,19650.179,0.060
1757011769.800851,19652.255,0.060
1757011769.802921,19654.324,0.060
1757011769.804990,19656.394,0.060
1757011769.807059,19658.463,0.060
1757011769.809128,19660.532,0.060
1757011769.811197,19662.601,0.060
1757011769.813270,19664.674,0.060
1757011769.815339,19666.742,0.060
1757011769.817410,19668.813,0.060
1757011769.819480,19670.884,0.060
1757011769.821552,19672.955,0.060
1757011769.823620,19675.024,0.060
1757011769.825689,19677.092,0.060
1757011769.827760,19679.164,0.060
1757011769.829829,19681.233,0.060
1757011769.831899,19683.302,0.060
1757011769.833969,19685.372,0.060
1757011769.836020,19687.423,0.060
1757011769.838088,19689.492,0.060
1757011769.840154,19691.558,0.060
1757011769.842223,19693.626,0.060
1757011769.844289,19695.692,0.060
1757011769.846358,19697.762,0.060
1757011769.848427,19699.831,0.060
1757011769.850496,19701.900,0.060
1757011769.852563,19703.967,0.060
1757011769.854631,19706.035,0.060
1757011769.856699,19708.103,0.060
1757011769.858768,19710.172,0.060
1757011769.860839,19712.243,0.060
1757011769.862908,19714.312,0.060
1757011769.864977,19716.380,0.060
1757011769.867045,19718.449,0.060
1757011769.869113,19720.517,0.060
1757011769.871181,19722.585,0.060
1757011769.873252,19724.656,0.060
1757011769.875321,19726.724,0.060
1757011769.877395,19728.798,0.060
1757011769.879464,19730.867,0.060
1757011769.881533,19732.936,0.060
1757011769.883602,19735.006,0.060
1757011769.885671,19737.074,0.060
1757011769.887740,19739.143,0.060
1757011769.889808,19741.212,0.060
1757011769.891877,19743.281,0.060
1757011769.893946,19745.349,0.060
1757011769.896022,19747.425,0.060
1757011769.898091,19749.495,0.060
1757011769.900161,19751.565,0.060
1757011769.902230,19753.634,0.060
1757011769.904298,19755.701,0.060
1757011769.906366,19757.770,0.060
1757011769.908433,19759.836,0.060
1757011769.910503,19761.906,0.060
1757011769.912571,19763.975,0.060
1757011769.914641,19766.044,0.060
1757011769.916712,19768.116,0.060
1757011769.918782,19770.185,0.060
1757011769.920850,19772.254,0.060
1757011769.922920,19774.323,0.060
1757011769.924989,19776.392,0.060
1757011769.927058,19778.461,0.060
1757011769.929125,19780.529,0.060
1757011769.931197,19782.601,0.060
1757011769.933266,19784.669,0.060
1757011769.935335,19786.738,0.060
1757011769.937404,19788.808,0.060
1757011769.939474,19790.877,0.060
1757011769.941545,19792.949,0.060
1757011769.943614,19795.017,0.060
1757011769.945682,19797.085,0.060
1757011769.947750,19799.154,0.060
1757011769.949819,19801.222,0.060
1757011769.951888,19803.291,0.060
1757011769.953956,19805.360,0.060
1757011769.956022,19807.425,0.060
1757011769.958091,19809.494,0.060
1757011769.960160,19811.563,0.060
1757011769.962229,19813.632,0.060
1757011769.964296,19815.700,0.060
1757011769.966365,19817.768,0.060
1757011769.968434,19819.837,0.060
1757011769.970503,19821.906,0.060
1757011769.972570,19823.974,0.060
1757011769.974639,19826.043,0.060
1757011769.976710,19828.113,0.060
1757011769.978779,19830.183,0.060
1757011769.980851,19832.255,0.060
1757011769.982921,19834.324,0.060
1757011769.984989,19836.392,0.060
1757011769.987058,19838.462,0.060
1757011769.989128,19840.531,0.060
1757011769.991197,19842.601,0.060
1757011769.993265,19844.669,0.060
1757011769.995334,19846.738,0.060
1757011769.997404,19848.808,0.060
1757011769.999474,19850.878,0.060
1757011770.001544,19852.947,0.060
1757011770.003613,19855.017,0.060
1757011770.005682,19857.085,0.060
1757011770.007751,19859.155,0.060
1757011770.009820,19861.223,0.060
1757011770.011889,19863.293,0.060
1757011770.013959,19865.362,0.060
1757011770.016020,19867.423,0.060
1757011770.018089,19869.492,0.060
1757011770.020159,19871.562,0.060
1757011770.022228,19873.632,0.060
1757011770.024297,19875.700,0.060
1757011770.026366,19877.769,0.060
1757011770.028435,19879.839,0.060
1757011770.030504,19881.908,0.060
1757011770.032575,19883.979,0.060
1757011770.034644,19886.048,0.060
1757011770.036714,19888.118,0.060
1757011770.038784,19890.187,0.060
1757011770.040850,19892.254,0.060
1757011770.042920,19894.323,0.060
1757011770.044988,19896.391,0.060
1757011770.047057,19898.460,0.060
1757011770.049126,19900.529,0.060
1757011770.051196,19902.599,0.060
1757011770.053264,19904.668,0.060
1757011770.055333,19906.736,0.060
1757011770.057403,19908.806,0.060
1757011770.059472,19910.875,0.060
1757011770.061542,19912.945,0.060
1757011770.063611,19915.014,0.060
1757011770.065680,19917.084,0.060
1757011770.067749,19919.153,0.060
1757011770.069818,19921.221,0.060
1757011770.071887,19923.290,0.060
1757011770.073956,19925.359,0.060
1757011770.076025,19927.428,0.060
1757011770.078094,19929.498,0.060
1757011770.080163,19931.566,0.060
1757011770.082232,19933.635,0.060
1757011770.084300,19935.703,0.060
1757011770.086369,19937.772,0.060
1757011770.088435,19939.839,0.060
1757011770.090504,19941.907,0.060
1757011770.092571,19943.974,0.060
1757011770.094640,19946.043,0.060
1757011770.096708,19948.112,0.060
1757011770.098777,19950.180,0.060
1757011770.100846,19952.249,0.060
1757011770.102915,19954.318,0.060
1757011770.104984,19956.387,0.060
1757011770.107053,19958.457,0.060
1757011770.109121,19960.525,0.060
1757011770.111190,19962.594,0.060
1757011770.113260,19964.663,0.060
1757011770.115329,19966.732,0.060
1757011770.117398,19968.801,0.060
1757011770.119467,19970.871,0.060
1757011770.121537,19972.941,0.060
1757011770.123607,19975.010,0.060
1757011770.125675,19977.078,0.060
1757011770.127743,19979.147,0.060
1757011770.129813,19981.217,0.060
1757011770.131883,19983.286,0.060
1757011770.133951,19985.355,0.060
1757011770.136023,19987.426,0.060
1757011770.138092,19989.496,0.060
1757011770.140162,19991.565,0.060
1757011770.142230,19993.634,0.060
1757011770.144298,19995.702,0.060
1757011770.146367,19997.770,0.060
1757011770.148435,19999.839,0.060
1757011770.150504,20001.908,0.060
1757011770.152570,20003.974,0.060
1757011770.154640,20006.044,0.060
1757011770.156710,20008.114,0.060
1757011770.158779,20010.183,0.060
1757011770.160847,20012.251,0.060
1757011770.162916,20014.319,0.060
1757011770.164985,20016.389,0.060
1757011770.167055,20018.458,0.060
1757011770.169123,20020.527,0.060
1757011770.171192,20022.596,0.060
1757011770.173262,20024.665,0.060
1757011770.175331,20026.734,0.060
1757011770.177400,20028.804,0.060
1757011770.179469,20030.873,0.060
1757011770.181538,20032.941,0.060
1757011770.183607,20035.010,0.060
1757011770.185676,20037.080,0.060
1757011770.187746,20039.150,0.060
1757011770.189816,20041.219,0.060
1757011770.191886,20043.290,0.060
1757011770.193955,20045.358,0.060
1757011770.196025,20047.428,0.060
1757011770.198093,20049.496,0.060
1757011770.200161,20051.565,0.060
1757011770.202230,20053.634,0.060
1757011770.204298,20055.701,0.060
1757011770.206367,20057.770,0.060
1757011770.208433,20059.836,0.060
1757011770.210502,20061.906,0.060
1757011770.212570,20063.974,0.060
1757011770.214639,20066.042,0.060
1757011770.216708,20068.112,0.060
1757011770.218777,20070.181,0.060
1757011770.220852,20072.255,0.060
1757011770.222921,20074.324,0.060
1757011770.224989,20076.393,0.060
1757011770.227058,20078.462,0.060
1757011770.229127,20080.530,0.060
1757011770.231196,20082.599,0.060
1757011770.233264,20084.668,0.060
1757011770.235332,20086.736,0.060
1757011770.237401,20088.804,0.060
1757011770.239470,20090.873,0.060
1757011770.241541,20092.945,0.060
1757011770.243611,20095.014,0.060
1757011770.245679,20097.083,0.060
1757011770.247748,20099.151,0.060
1757011770.249816,20101.220,0.060
1757011770.251884,20103.288,0.060
1757011770.253953,20105.356,0.060
1757011770.256031,20107.434,0.060
1757011770.258100,20109.503,0.060
1757011770.260169,20111.573,0.060
1757011770.262239,20113.642,0.060
1757011770.264305,20115.708,0.060
1757011770.266374,20117.778,0.060
1757011770.268443,20119.846,0.060
1757011770.270512,20121.915,0.060
1757011770.272579,20123.983,0.060
1757011770.274648,20126.052,0.060
1757011770.276718,20128.121,0.060
1757011770.278787,20130.190,0.060
1757011770.280854,20132.257,0.060
1757011770.282923,20134.326,0.060
1757011770.284991,20136.395,0.060
1757011770.287061,20138.464,0.060
1757011770.289129,20140.533,0.060
1757011770.291199,20142.603,0.060
1757011770.293268,20144.672,0.060
1757011770.295337,20146.740,0.060
1757011770.297405,20148.809,0.060
1757011770.299474,20150.878,0.060
1757011770.301544,20152.948,0.060
1757011770.303613,20155.017,0.060
1757011770.305683,20157.087,0.060
1757011770.307752,20159.155,0.060
1757011770.309821,20161.224,0.060
1757011770.311890,20163.294,0.060
1757011770.313959,20165.363,0.060
1757011770.316024,20167.427,0.060
1757011770.318093,20169.496,0.060
1757011770.320161,20171.565,0.060
1757011770.322230,20173.633,0.060
1757011770.324298,20175.701,0.060
1757011770.326367,20177.771,0.060
1757011770.328435,20179.839,0.060
1757011770.330504,20181.907,0.060
1757011770.332572,20183.975,0.060
1757011770.334641,20186.044,0.060
1757011770.336711,20188.114,0.060
1757011770.338780,20190.183,0.060
1757011770.340847,20192.250,0.060
1757011770.342916,20194.319,0.060
1757011770.344984,20196.388,0.060
1757011770.347053,20198.457,0.060
1757011770.349122,20200.525,0.060
1757011770.351191,20202.594,0.060
1757011770.353258,20204.661,0.060
1757011770.355326,20206.730,0.060
1757011770.357395,20208.798,0.060
1757011770.359464,20210.867,0.060
1757011770.361534,20212.937,0.060
1757011770.363603,20215.007,0.060
1757011770.365671,20217.074,0.060
1757011770.367741,20219.144,0.060
1757011770.369811,20221.215,0.060
1757011770.371880,20223.284,0.060
1757011770.373950,20225.353,0.060
1757011770.376028,20227.432,0.060
1757011770.378097,20229.501,0.060
1757011770.380165,20231.569,0.060
1757011770.382233,20233.637,0.060
1757011770.384300,20235.704,0.060
1757011770.386369,20237.772,0.060
1757011770.388438,20239.842,0.060
1757011770.390507,20241.911,0.060
1757011770.392575,20243.978,0.060
1757011770.394644,20246.047,0.060
1757011770.396713,20248.117,0.060
1757011770.398782,20250.186,0.060
1757011770.400850,20252.254,0.060
1757011770.402918,20254.322,0.060
1757011770.404987,20256.391,0.060
1757011770.407056,20258.459,0.060
1757011770.409124,20260.527,0.060
1757011770.411193,20262.596,0.060
1757011770.413262,20264.665,0.060
1757011770.415331,20266.735,0.060
1757011770.417402,20268.805,0.060
1757011770.419470,20270.874,0.060
1757011770.421540,20272.943,0.060
1757011770.423608,20275.012,0.060
1757011770.425678,20277.081,0.060
1757011770.427746,20279.150,0.060
1757011770.429816,20281.219,0.060
1757011770.431885,20283.288,0.060
1757011770.433953,20285.357,0.060
1757011770.436029,20287.433,0.060
1757011770.438097,20289.501,0.060
1757011770.440166,20291.570,0.060
1757011770.442236,20293.639,0.060
1757011770.444303,20295.706,0.060
1757011770.446372,20297.776,0.060
1757011770.448439,20299.842,0.060
1757011770.450507,20301.911,0.060
1757011770.452574,20303.978,0.060
1757011770.454645,20306.048,0.060
1757011770.456714,20308.118,0.060
1757011770.458782,20310.186,0.060
1757011770.460855,20312.259,0.060
1757011770.462924,20314.328,0.060
1757011770.464993,20316.397,0.060
1757011770.467064,20318.468,0.060
1757011770.469133,20320.536,0.060
1757011770.471202,20322.606,0.060
1757011770.473270,20324.674,0.060
1757011770.475340,20326.743,0.060
1757011770.477411,20328.815,0.060
1757011770.479480,20330.884,0.060
1757011770.481551,20332.955,0.060
1757011770.483621,20335.024,0.060
1757011770.485690,20337.093,0.060
1757011770.487759,20339.163,0.060
1757011770.489828,20341.232,0.060
1757011770.491898,20343.301,0.060
1757011770.493967,20345.370,0.060
1757011770.496019,20347.422,0.060
1757011770.498087,20349.491,0.060
1757011770.500156,20351.559,0.060
1757011770.502225,20353.628,0.060
1757011770.504292,20355.695,0.060
1757011770.506361,20357.764,0.060
1757011770.508429,20359.833,0.060
1757011770.510498,20361.901,0.060
1757011770.512566,20363.970,0.060
1757011770.514635,20366.039,0.060
1757011770.516704,20368.108,0.060
1757011770.518773,20370.177,0.060
1757011770.520842,20372.245,0.060
1757011770.522911,20374.315,0.060
1757011770.524980,20376.383,0.060
1757011770.527049,20378.452,0.060
1757011770.529116,20380.520,0.060
1757011770.531186,20382.589,0.060
1757011770.533257,20384.660,0.060
1757011770.535326,20386.730,0.060
1757011770.537396,20388.800,0.060
1757011770.539464,20390.868,0.060
1757011770.541532,20392.936,0.060
1757011770.543600,20395.004,0.060
1757011770.545668,20397.072,0.060
1757011770.547737,20399.141,0.060
1757011770.549807,20401.210,0.060
1757011770.551877,20403.280,0.060
1757011770.553953,20405.357,0.060
1757011770.556026,20407.430,0.060
1757011770.558095,20409.498,0.060
1757011770.560160,20411.564,0.060
1757011770.562230,20413.634,0.060
1757011770.564296,20415.700,0.060
1757011770.566365,20417.769,0.060
1757011770.568435,20419.838,0.060
1757011770.570504,20421.908,0.060
1757011770.572573,20423.976,0.060
1757011770.574642,20426.046,0.060
1757011770.576711,20428.114,0.060
1757011770.578782,20430.186,0.060
1757011770.580851,20432.254,0.060
1757011770.582921,20434.325,0.060
1757011770.584990,20436.393,0.060
1757011770.587059,20438.462,0.060
1757011770.589127,20440.530,0.060
1757011770.591197,20442.600,0.060
1757011770.593264,20444.667,0.060
1757011770.595332,20446.736,0.060
1757011770.597399,20448.803,0.060
1757011770.599468,20450.871,0.060
1757011770.601536,20452.939,0.060
1757011770.603606,20455.009,0.060
1757011770.605675,20457.078,0.060
1757011770.607745,20459.149,0.060
1757011770.609814,20461.217,0.060
1757011770.611882,20463.286,0.060
1757011770.613952,20465.356,0.060
1757011770.616019,20467.422,0.060
1757011770.618088,20469.492,0.060
1757011770.620158,20471.562,0.060
1757011770.622228,20473.631,0.060
1757011770.624295,20475.698,0.060
1757011770.626364,20477.768,0.060
1757011770.628431,20479.834,0.060
1757011770.630500,20481.904,0.060
1757011770.632569,20483.973,0.060
1757011770.634639,20486.042,0.060
1757011770.636707,20488.111,0.060
1757011770.638776,20490.180,0.060
1757011770.640844,20492.248,0.060
1757011770.642913,20494.317,0.060
1757011770.644982,20496.385,0.060
1757011770.647051,20498.454,0.060
1757011770.649118,20500.522,0.060
1757011770.651187,20502.591,0.060
1757011770.653255,20504.658,0.060
1757011770.655324,20506.727,0.060
1757011770.657395,20508.798,0.060
1757011770.659464,20510.868,0.060
1757011770.661533,20512.937,0.060
1757011770.663602,20515.005,0.060
1757011770.665670,20517.074,0.060
1757011770.667740,20519.143,0.060
1757011770.669810,20521.213,0.060
1757011770.671880,20523.283,0.060
1757011770.673949,20525.352,0.060
1757011770.676019,20527.422,0.060
1757011770.678087,20529.491,0.060
1757011770.680155,20531.558,0.060
1757011770.682223,20533.626,0.060
1757011770.684289,20535.692,0.060
1757011770.686358,20537.761,0.060
1757011770.688427,20539.831,0.060
1757011770.690495,20541.899,0.060
1757011770.692563,20543.967,0.060
1757011770.694633,20546.036,0.060
1757011770.696700,20548.103,0.060
1757011770.698768,20550.172,0.060
1757011770.700835,20552.239,0.060
1757011770.702904,20554.307,0.060
1757011770.704973,20556.376,0.060
1757011770.707041,20558.445,0.060
1757011770.709110,20560.513,0.060
1757011770.711178,20562.582,0.060
1757011770.713247,20564.651,0.060
1757011770.715315,20566.718,0.060
1757011770.717384,20568.787,0.060
1757011770.719453,20570.856,0.060
1757011770.721521,20572.925,0.060
1757011770.723592,20574.995,0.060
1757011770.725662,20577.065,0.060
1757011770.727731,20579.134,0.060
1757011770.729800,20581.203,0.060
1757011770.731869,20583.272,0.060
1757011770.733936,20585.340,0.060
1757011770.736014,20587.418,0.060
1757011770.738083,20589.486,0.060
1757011770.740149,20591.552,0.060
1757011770.742218,20593.621,0.060
1757011770.744284,20595.687,0.060
1757011770.746353,20597.756,0.060
1757011770.748419,20599.822,0.060
1757011770.750488,20601.891,0.060
1757011770.752558,20603.962,0.060
1757011770.754627,20606.030,0.060
1757011770.756695,20608.098,0.060
1757011770.758763,20610.166,0.060
1757011770.760832,20612.236,0.060
1757011770.762902,20614.305,0.060
1757011770.764969,20616.372,0.060
1757011770.767038,20618.441,0.060
1757011770.769114,20620.517,0.060
1757011770.771183,20622.586,0.060
1757011770.773251,20624.655,0.060
1757011770.775320,20626.724,0.060
1757011770.777389,20628.793,0.060
1757011770.779459,20630.862,0.060
1757011770.781528,20632.931,0.060
1757011770.783597,20635.001,0.060
1757011770.785666,20637.069,0.060
1757011770.787735,20639.138,0.060
1757011770.789804,20641.208,0.060
1757011770.791873,20643.277,0.060
1757011770.793942,20645.345,0.060
1757011770.796025,20647.429,0.060
1757011770.798095,20649.498,0.060
1757011770.800163,20651.567,0.060
1757011770.802232,20653.636,0.060
1757011770.804300,20655.704,0.060
1757011770.806369,20657.773,0.060
1757011770.808439,20659.842,0.060
1757011770.810507,20661.911,0.060
1757011770.812573,20663.977,0.060
1757011770.814642,20666.046,0.060
1757011770.816708,20668.112,0.060
1757011770.818778,20670.182,0.060
1757011770.820858,20672.261,0.060
1757011770.822929,20674.333,0.060
1757011770.825000,20676.403,0.060
1757011770.827070,20678.473,0.060
1757011770.829143,20680.547,0.060
1757011770.831213,20682.617,0.060
1757011770.833282,20684.685,0.060
1757011770.835351,20686.755,0.060
1757011770.837426,20688.829,0.060
1757011770.839494,20690.898,0.060
1757011770.841563,20692.966,0.060
1757011770.843632,20695.035,0.060
1757011770.845700,20697.104,0.060
1757011770.847770,20699.173,0.060
1757011770.849838,20701.241,0.060
1757011770.851907,20703.310,0.060
1757011770.853976,20705.379,0.060
1757011770.856024,20707.427,0.060
1757011770.858093,20709.497,0.060
1757011770.860162,20711.566,0.060
1757011770.862232,20713.635,0.060
1757011770.864301,20715.705,0.060
1757011770.866370,20717.773,0.060
1757011770.868439,20719.842,0.060
1757011770.870508,20721.912,0.060
1757011770.872576,20723.980,0.060
1757011770.874645,20726.048,0.060
1757011770.876713,20728.117,0.060
1757011770.878782,20730.186,0.060
1757011770.880849,20732.252,0.060
1757011770.882918,20734.322,0.060
1757011770.884987,20736.391,0.060
1757011770.887057,20738.460,0.060
1757011770.889124,20740.528,0.060
1757011770.891193,20742.596,0.060
1757011770.893262,20744.665,0.060
1757011770.895331,20746.734,0.060
1757011770.897408,20748.811,0.060
1757011770.899477,20750.880,0.060
1757011770.901546,20752.949,0.060
1757011770.903615,20755.018,0.060
1757011770.905684,20757.088,0.060
1757011770.907753,20759.157,0.060
1757011770.909822,20761.226,0.060
1757011770.911892,20763.296,0.060
1757011770.913961,20765.364,0.060
1757011770.916025,20767.429,0.060
1757011770.918094,20769.498,0.060
1757011770.920163,20771.566,0.060
1757011770.922232,20773.636,0.060
1757011770.924301,20775.704,0.060
1757011770.926370,20777.773,0.060
1757011770.928438,20779.841,0.060
1757011770.930507,20781.911,0.060
1757011770.932574,20783.977,0.060
1757011770.934643,20786.046,0.060
1757011770.936711,20788.115,0.060
1757011770.938780,20790.184,0.060
1757011770.940849,20792.252,0.060
1757011770.942918,20794.321,0.060
1757011770.944987,20796.391,0.060
1757011770.947056,20798.459,0.060
1757011770.949126,20800.530,0.060
1757011770.951196,20802.600,0.060
1757011770.953265,20804.669,0.060
1757011770.955334,20806.737,0.060
1757011770.957403,20808.807,0.060
1757011770.959473,20810.876,0.060
1757011770.961541,20812.944,0.060
1757011770.963610,20815.013,0.060
1757011770.965678,20817.082,0.060
1757011770.967748,20819.151,0.060
1757011770.969818,20821.222,0.060
1757011770.971888,20823.291,0.060
1757011770.973957,20825.360,0.060
1757011770.976022,20827.425,0.060
1757011770.978091,20829.494,0.060
1757011770.980160,20831.564,0.060
1757011770.982229,20833.633,0.060
1757011770.984296,20835.700,0.060
1757011770.986366,20837.769,0.060
1757011770.988433,20839.836,0.060
1757011770.990501,20841.905,0.060
1757011770.992568,20843.972,0.060
1757011770.994638,20846.042,0.060
1757011770.996708,20848.111,0.060
1757011770.998777,20850.180,0.060
1757011771.000846,20852.250,0.060
1757011771.002916,20854.319,0.060
1757011771.004985,20856.388,0.060
1757011771.007053,20858.456,0.060
1757011771.009122,20860.525,0.060
1757011771.011192,20862.595,0.060
1757011771.013259,20864.663,0.060
1757011771.015327,20866.731,0.060
1757011771.017398,20868.802,0.060
1757011771.019468,20870.871,0.060
1757011771.021538,20872.941,0.060
1757011771.023607,20875.010,0.060
1757011771.025676,20877.079,0.060
1757011771.027745,20879.148,0.060
1757011771.029814,20881.217,0.060
1757011771.031883,20883.286,0.060
1757011771.033951,20885.354,0.060
1757011771.036027,20887.431,0.060
1757011771.038097,20889.500,0.060
1757011771.040166,20891.569,0.060
1757011771.042234,20893.638,0.060
1757011771.044302,20895.705,0.060
1757011771.046371,20897.774,0.060
1757011771.048439,20899.842,0.060
1757011771.050507,20901.911,0.060
1757011771.052576,20903.980,0.060
1757011771.054645,20906.049,0.060
1757011771.056714,20908.118,0.060
1757011771.058783,20910.186,0.060
1757011771.060850,20912.254,0.060
1757011771.062919,20914.323,0.060
1757011771.064988,20916.392,0.060
1757011771.067056,20918.459,0.060
1757011771.069126,20920.529,0.060
1757011771.071195,20922.598,0.060
1757011771.073265,20924.669,0.060
1757011771.075334,20926.738,0.060
1757011771.077404,20928.807,0.060
1757011771.079473,20930.876,0.060
1757011771.081541,20932.945,0.060
1757011771.083611,20935.014,0.060
1757011771.085680,20937.084,0.060
1757011771.087749,20939.152,0.060
1757011771.089818,20941.221,0.060
1757011771.091887,20943.290,0.060
1757011771.093956,20945.359,0.060
1757011771.096023,20947.427,0.060
1757011771.098092,20949.495,0.060
1757011771.100161,20951.564,0.060
1757011771.102230,20953.633,0.060
1757011771.104296,20955.700,0.060
1757011771.106365,20957.769,0.060
1757011771.108432,20959.836,0.060
1757011771.110501,20961.904,0.060
1757011771.112568,20963.972,0.060
1757011771.114637,20966.041,0.060
1757011771.116706,20968.110,0.060
1757011771.118775,20970.179,0.060
1757011771.120847,20972.251,0.060
1757011771.122915,20974.319,0.060
1757011771.124984,20976.388,0.060
1757011771.127052,20978.456,0.060
1757011771.129121,20980.524,0.060
1757011771.131189,20982.593,0.060
1757011771.133257,20984.661,0.060
1757011771.135326,20986.730,0.060
1757011771.137396,20988.800,0.060
1757011771.139465,20990.869,0.060
1757011771.141534,20992.938,0.060
1757011771.143604,20995.008,0.060
1757011771.145673,20997.076,0.060
1757011771.147743,20999.146,0.060
1757011771.149811,21001.215,0.060
1757011771.151880,21003.284,0.060
1757011771.153949,21005.352,0.060
1757011771.156025,21007.428,0.060
1757011771.158093,21009.496,0.060
1757011771.160161,21011.565,0.060
1757011771.162231,21013.635,0.060
1757011771.164299,21015.702,0.060
1757011771.166367,21017.771,0.060
1757011771.168434,21019.838,0.060
1757011771.170503,21021.907,0.060
1757011771.172573,21023.976,0.060
1757011771.174641,21026.045,0.060
1757011771.176709,21028.113,0.060
1757011771.178778,21030.181,0.060
1757011771.180845,21032.249,0.060
1757011771.182914,21034.317,0.060
1757011771.184983,21036.386,0.060
1757011771.187051,21038.455,0.060
1757011771.189122,21040.526,0.060
1757011771.191191,21042.594,0.060
1757011771.193261,21044.664,0.060
1757011771.195330,21046.734,0.060
1757011771.197400,21048.804,0.060
1757011771.199469,21050.872,0.060
1757011771.201538,21052.941,0.060
1757011771.203607,21055.011,0.060
1757011771.205676,21057.080,0.060
1757011771.207746,21059.149,0.060
1757011771.209814,21061.217,0.060
1757011771.211883,21063.287,0.060
1757011771.213952,21065.356,0.060
1757011771.216020,21067.423,0.060
1757011771.218087,21069.491,0.060
1757011771.220156,21071.559,0.060
1757011771.222225,21073.629,0.060
1757011771.224294,21075.697,0.060
1757011771.226362,21077.766,0.060
1757011771.228430,21079.834,0.060
1757011771.230499,21081.903,0.060
1757011771.232568,21083.971,0.060
1757011771.234636,21086.039,0.060
1757011771.236705,21088.109,0.060
1757011771.238775,21090.178,0.060
1757011771.240842,21092.245,0.060
1757011771.242911,21094.314,0.060
1757011771.244981,21096.385,0.060
1757011771.247051,21098.454,0.060
1757011771.249125,21100.528,0.060
1757011771.251194,21102.597,0.060
1757011771.253267,21104.671,0.060
1757011771.255337,21106.740,0.060
1757011771.257407,21108.810,0.060
1757011771.259476,21110.880,0.060
1757011771.261545,21112.948,0.060
1757011771.263613,21115.017,0.060
1757011771.265683,21117.087,0.060
1757011771.267753,21119.156,0.060
1757011771.269822,21121.226,0.060
1757011771.271891,21123.295,0.060
1757011771.273962,21125.365,0.060
1757011771.276021,21127.424,0.060
1757011771.278090,21129.494,0.060
1757011771.280159,21131.562,0.060
1757011771.282228,21133.631,0.060
1757011771.284295,21135.698,0.060
1757011771.286364,21137.768,0.060
1757011771.288434,21139.837,0.060
1757011771.290503,21141.906,0.060
1757011771.292569,21143.972,0.060
1757011771.294638,21146.041,0.060
1757011771.296707,21148.111,0.060
1757011771.298776,21150.180,0.060
1757011771.300845,21152.248,0.060
1757011771.302913,21154.317,0.060
1757011771.304982,21156.386,0.060
1757011771.307051,21158.454,0.060
1757011771.309121,21160.525,0.060
1757011771.311190,21162.594,0.060
1757011771.313260,21164.663,0.060
1757011771.315329,21166.732,0.060
1757011771.317398,21168.802,0.060
1757011771.319467,21170.871,0.060
1757011771.321536,21172.939,0.060
1757011771.323605,21175.008,0.060
1757011771.325674,21177.078,0.060
1757011771.327743,21179.147,0.060
1757011771.329812,21181.215,0.060
1757011771.331881,21183.285,0.060
1757011771.333950,21185.353,0.060
1757011771.336025,21187.428,0.060
1757011771.338094,21189.498,0.060
1757011771.340162,21191.566,0.060
1757011771.342232,21193.636,0.060
1757011771.344299,21195.703,0.060
1757011771.346368,21197.771,0.060
1757011771.348435,21199.839,0.060
1757011771.350504,21201.908,0.060
1757011771.352570,21203.974,0.060
1757011771.354640,21206.043,0.060
1757011771.356708,21208.112,0.060
1757011771.358777,21210.181,0.060
1757011771.360845,21212.249,0.060
1757011771.362914,21214.318,0.060
1757011771.364983,21216.386,0.060
1757011771.367052,21218.455,0.060
1757011771.369120,21220.524,0.060
1757011771.371188,21222.592,0.060
1757011771.373260,21224.664,0.060
1757011771.375330,21226.733,0.060
1757011771.377399,21228.802,0.060
1757011771.379467,21230.871,0.060
1757011771.381535,21232.939,0.060
1757011771.383605,21235.008,0.060
1757011771.385673,21237.076,0.060
1757011771.387742,21239.146,0.060
1757011771.389810,21241.213,0.060
1757011771.391879,21243.283,0.060
1757011771.393949,21245.352,0.060
1757011771.396021,21247.424,0.060
1757011771.398089,21249.493,0.060
1757011771.400157,21251.560,0.060
1757011771.402225,21253.629,0.060
1757011771.404292,21255.696,0.060
1757011771.406361,21257.764,0.060
1757011771.408430,21259.833,0.060
1757011771.410498,21261.901,0.060
1757011771.412567,21263.970,0.060
1757011771.414635,21266.039,0.060
1757011771.416704,21268.107,0.060
1757011771.418773,21270.176,0.060
1757011771.420841,21272.244,0.060
1757011771.422909,21274.313,0.060
1757011771.424978,21276.382,0.060
1757011771.427047,21278.451,0.060
1757011771.429114,21280.518,0.060
1757011771.431184,21282.587,0.060
1757011771.433252,21284.656,0.060
1757011771.435321,21286.724,0.060
1757011771.437390,21288.794,0.060
1757011771.439459,21290.863,0.060
1757011771.441529,21292.933,0.060
1757011771.443598,21295.002,0.060
1757011771.445667,21297.071,0.060
1757011771.447736,21299.140,0.060
1757011771.449804,21301.208,0.060
1757011771.451873,21303.277,0.060
1757011771.453941,21305.344,0.060
1757011771.456027,21307.430,0.060
1757011771.458096,21309.499,0.060
1757011771.460164,21311.567,0.060
1757011771.462233,21313.636,0.060
1757011771.464299,21315.703,0.060
1757011771.466368,21317.772,0.060
1757011771.468438,21319.841,0.060
1757011771.470507,21321.910,0.060
1757011771.472575,21323.978,0.060
1757011771.474644,21326.047,0.060
1757011771.476712,21328.115,0.060
1757011771.478781,21330.185,0.060
1757011771.480849,21332.253,0.060
1757011771.482919,21334.322,0.060
1757011771.484990,21336.393,0.060
1757011771.487059,21338.462,0.060
1757011771.489127,21340.530,0.060
1757011771.491195,21342.599,0.060
1757011771.493263,21344.667,0.060
1757011771.495333,21346.736,0.060
1757011771.497402,21348.806,0.060
1757011771.499471,21350.875,0.060
1757011771.501539,21352.943,0.060
1757011771.503608,21355.012,0.060
1757011771.505677,21357.081,0.060
1757011771.507746,21359.149,0.060
1757011771.509815,21361.219,0.060
1757011771.511884,21363.288,0.060
1757011771.513953,21365.356,0.060
1757011771.516021,21367.424,0.060
1757011771.518090,21369.493,0.060
1757011771.520159,21371.562,0.060
1757011771.522227,21373.631,0.060
1757011771.524295,21375.699,0.060
1757011771.526364,21377.767,0.060
1757011771.528433,21379.836,0.060
1757011771.530507,21381.910,0.060
1757011771.532575,21383.978,0.060
1757011771.534644,21386.047,0.060
1757011771.536711,21388.115,0.060
1757011771.538780,21390.184,0.060
1757011771.540847,21392.251,0.060
1757011771.542915,21394.319,0.060
1757011771.544984,21396.388,0.060
1757011771.547053,21398.456,0.060
1757011771.549122,21400.525,0.060
1757011771.551191,21402.595,0.060
1757011771.553260,21404.663,0.060
1757011771.555328,21406.731,0.060
1757011771.557398,21408.801,0.060
1757011771.559467,21410.870,0.060
1757011771.561536,21412.940,0.060
1757011771.563606,21415.009,0.060
1757011771.565674,21417.077,0.060
1757011771.567742,21419.146,0.060
1757011771.569813,21421.217,0.060
1757011771.571882,21423.285,0.060
1757011771.573949,21425.353,0.060
1757011771.576021,21427.425,0.060
1757011771.578090,21429.494,0.060
1757011771.580159,21431.562,0.060
1757011771.582227,21433.631,0.060
1757011771.584295,21435.698,0.060
1757011771.586364,21437.767,0.060
1757011771.588433,21439.836,0.060
1757011771.590501,21441.904,0.060
1757011771.592567,21443.970,0.060
1757011771.594638,21446.041,0.060
1757011771.596708,21448.112,0.060
1757011771.598777,21450.180,0.060
1757011771.600852,21452.255,0.060
1757011771.602920,21454.323,0.060
1757011771.604988,21456.391,0.060
1757011771.607056,21458.459,0.060
1757011771.609126,21460.529,0.060
1757011771.611193,21462.597,0.060
1757011771.613261,21464.664,0.060
1757011771.615328,21466.732,0.060
1757011771.617395,21468.799,0.060
1757011771.619464,21470.867,0.060
1757011771.621531,21472.934,0.060
1757011771.623599,21475.002,0.060
1757011771.625668,21477.071,0.060
1757011771.627736,21479.140,0.060
1757011771.629804,21481.208,0.060
1757011771.631872,21483.276,0.060
1757011771.633940,21485.344,0.060
1757011771.636022,21487.425,0.060
1757011771.638090,21489.493,0.060
1757011771.640159,21491.562,0.060
1757011771.642229,21493.633,0.060
1757011771.644296,21495.699,0.060
1757011771.646364,21497.767,0.060
1757011771.648433,21499.837,0.060
1757011771.650501,21501.905,0.060
1757011771.652568,21503.971,0.060
1757011771.654635,21506.039,0.060
1757011771.656703,21508.106,0.060
1757011771.658771,21510.175,0.060
1757011771.660838,21512.242,0.060
1757011771.662906,21514.309,0.060
1757011771.664974,21516.377,0.060
1757011771.667042,21518.445,0.060
1757011771.669110,21520.513,0.060
1757011771.671178,21522.582,0.060
1757011771.673246,21524.650,0.060
1757011771.675314,21526.717,0.060
1757011771.677383,21528.787,0.060
1757011771.679452,21530.855,0.060
1757011771.681520,21532.924,0.060
1757011771.683589,21534.993,0.060
1757011771.685658,21537.061,0.060
1757011771.687726,21539.129,0.060
1757011771.689794,21541.197,0.060
1757011771.691862,21543.265,0.060
1757011771.693930,21545.334,0.060
1757011771.696015,21547.419,0.060
1757011771.698084,21549.488,0.060
1757011771.700151,21551.555,0.060
1757011771.702219,21553.622,0.060
1757011771.704287,21555.691,0.060
1757011771.706356,21557.759,0.060
1757011771.708423,21559.826,0.060
1757011771.710491,21561.895,0.060
1757011771.712561,21563.964,0.060
1757011771.714630,21566.033,0.060
1757011771.716697,21568.101,0.060
1757011771.718765,21570.169,0.060
1757011771.720834,21572.237,0.060
1757011771.722902,21574.306,0.060
1757011771.724969,21576.372,0.060
1757011771.727037,21578.441,0.060
1757011771.729109,21580.512,0.060
1757011771.731178,21582.581,0.060
1757011771.733246,21584.649,0.060
1757011771.735314,21586.718,0.060
1757011771.737385,21588.788,0.060
1757011771.739454,21590.857,0.060
1757011771.741523,21592.926,0.060
1757011771.743593,21594.996,0.060
1757011771.745662,21597.066,0.060
1757011771.747731,21599.135,0.060
1757011771.749801,21601.204,0.060
1757011771.751870,21603.274,0.060
1757011771.753939,21605.342,0.060
1757011771.756018,21607.422,0.060
1757011771.758087,21609.491,0.060
1757011771.760155,21611.558,0.060
1757011771.762224,21613.627,0.060
1757011771.764291,21615.694,0.060
1757011771.766359,21617.763,0.060
1757011771.768428,21619.832,0.060
1757011771.770497,21621.900,0.060
1757011771.772565,21623.968,0.060
1757011771.774633,21626.036,0.060
1757011771.776699,21628.103,0.060
1757011771.778767,21630.171,0.060
1757011771.780835,21632.239,0.060
1757011771.782904,21634.307,0.060
1757011771.784971,21636.375,0.060
1757011771.787040,21638.444,0.060
1757011771.789113,21640.517,0.060
1757011771.791182,21642.586,0.060
1757011771.793250,21644.653,0.060
1757011771.795318,21646.722,0.060
1757011771.797389,21648.793,0.060
1757011771.799458,21650.862,0.060
1757011771.801527,21652.931,0.060
1757011771.803596,21655.000,0.060
1757011771.805665,21657.068,0.060
1757011771.807734,21659.138,0.060
1757011771.809803,21661.207,0.060
1757011771.811872,21663.275,0.060
1757011771.813940,21665.344,0.060
1757011771.816027,21667.431,0.060
1757011771.818096,21669.499,0.060
1757011771.820164,21671.568,0.060
1757011771.822233,21673.637,0.060
1757011771.824300,21675.704,0.060
1757011771.826369,21677.773,0.060
1757011771.828438,21679.842,0.060
1757011771.830506,21681.910,0.060
1757011771.832573,21683.976,0.060
1757011771.834642,21686.045,0.060
1757011771.836709,21688.113,0.060
1757011771.838778,21690.181,0.060
1757011771.840844,21692.247,0.060
1757011771.842913,21694.316,0.060
1757011771.844982,21696.385,0.060
1757011771.847050,21698.453,0.060
1757011771.849118,21700.522,0.060
1757011771.851187,21702.591,0.060
1757011771.853256,21704.660,0.060
1757011771.855325,21706.728,0.060
1757011771.857394,21708.798,0.060
1757011771.859464,21710.867,0.060
1757011771.861534,21712.938,0.060
1757011771.863604,21715.007,0.060
1757011771.865672,21717.076,0.060
1757011771.867741,21719.144,0.060
1757011771.869810,21721.213,0.060
1757011771.871879,21723.283,0.060
1757011771.873948,21725.352,0.060
1757011771.876025,21727.428,0.060
1757011771.878093,21729.497,0.060
1757011771.880162,21731.565,0.060
1757011771.882230,21733.634,0.060
1757011771.884297,21735.701,0.060
1757011771.886366,21737.770,0.060
1757011771.888434,21739.838,0.060
1757011771.890503,21741.906,0.060
1757011771.892570,21743.973,0.060
1757011771.894638,21746.042,0.060
1757011771.896709,21748.113,0.060
1757011771.898777,21750.181,0.060
1757011771.900845,21752.249,0.060
1757011771.902914,21754.318,0.060
1757011771.904973,21756.377,0.060
1757011771.907030,21758.434,0.060
1757011771.909088,21760.492,0.060
1757011771.911145,21762.549,0.060
1757011771.913204,21764.607,0.060
1757011771.915261,21766.665,0.060
1757011771.917318,21768.722,0.060
1757011771.919384,21770.787,0.060
1757011771.921453,21772.856,0.060
1757011771.923522,21774.925,0.060
1757011771.925592,21776.995,0.060
1757011771.927661,21779.065,0.060
1757011771.929730,21781.133,0.060
1757011771.931799,21783.203,0.060
1757011771.933868,21785.272,0.060
1757011771.935937,21787.341,0.060
1757011771.938006,21789.409,0.060
1757011771.940073,21791.476,0.060
1757011771.942142,21793.545,0.060
1757011771.944211,21795.614,0.060
1757011771.946280,21797.683,0.060
1757011771.948346,21799.749,0.060
1757011771.950415,21801.818,0.060
1757011771.952483,21803.887,0.060
1757011771.954552,21805.956,0.060
1757011771.956619,21808.022,0.060
1757011771.958687,21810.091,0.060
1757011771.960757,21812.160,0.060
1757011771.962826,21814.229,0.060
1757011771.964897,21816.301,0.060
1757011771.966966,21818.370,0.060
1757011771.969036,21820.439,0.060
1757011771.971104,21822.507,0.060
1757011771.973171,21824.574,0.060
1757011771.975240,21826.643,0.060
1757011771.977309,21828.712,0.060
1757011771.979378,21830.781,0.060
1757011771.981447,21832.851,0.060
1757011771.983516,21834.920,0.060
1757011771.985585,21836.989,0.060
1757011771.987654,21839.057,0.060
1757011771.989725,21841.128,0.060
1757011771.991794,21843.197,0.060
1757011771.993863,21845.266,0.060
1757011771.995932,21847.335,0.060
1757011771.998001,21849.404,0.060
1757011772.000067,21851.471,0.060
1757011772.002136,21853.540,0.060
1757011772.004203,21855.606,0.060
1757011772.006272,21857.676,0.060
1757011772.008339,21859.742,0.060
1757011772.010407,21861.811,0.060
1757011772.012475,21863.878,0.060
1757011772.014543,21865.946,0.060
1757011772.016613,21868.016,0.060
1757011772.018680,21870.084,0.060
1757011772.020747,21872.150,0.060
1757011772.022816,21874.219,0.060
1757011772.024884,21876.287,0.060
1757011772.026952,21878.356,0.060
1757011772.029019,21880.422,0.060
1757011772.031088,21882.491,0.060
1757011772.033157,21884.560,0.060
1757011772.035225,21886.629,0.060
1757011772.037292,21888.696,0.060
1757011772.039360,21890.764,0.060
1757011772.041435,21892.838,0.060
1757011772.043503,21894.907,0.060
1757011772.045572,21896.976,0.060
1757011772.047641,21899.045,0.060
1757011772.049712,21901.115,0.060
1757011772.051780,21903.184,0.060
1757011772.053848,21905.251,0.060
1757011772.055916,21907.320,0.060
1757011772.057985,21909.389,0.060
1757011772.060019,21911.422,0.060
1757011772.062088,21913.491,0.060
1757011772.064157,21915.560,0.060
1757011772.066226,21917.630,0.060
1757011772.068293,21919.697,0.060
1757011772.070363,21921.767,0.060
1757011772.072431,21923.835,0.060
1757011772.074500,21925.904,0.060
1757011772.076568,21927.972,0.060
1757011772.078637,21930.041,0.060
1757011772.080706,21932.110,0.060
1757011772.082775,21934.179,0.060
1757011772.084842,21936.246,0.060
1757011772.086912,21938.315,0.060
1757011772.088980,21940.383,0.060
1757011772.091049,21942.452,0.060
1757011772.093117,21944.521,0.060
1757011772.095188,21946.592,0.060
1757011772.097259,21948.662,0.060
1757011772.099326,21950.729,0.060
1757011772.101393,21952.796,0.060
1757011772.103460,21954.864,0.060
1757011772.105528,21956.932,0.060
1757011772.107595,21958.999,0.060
1757011772.109663,21961.067,0.060
1757011772.111732,21963.136,0.060
1757011772.113801,21965.204,0.060
1757011772.115870,21967.274,0.060
1757011772.117939,21969.343,0.060
1757011772.120018,21971.421,0.060
1757011772.122086,21973.490,0.060
1757011772.124153,21975.557,0.060
1757011772.126223,21977.627,0.060
1757011772.128291,21979.695,0.060
1757011772.130360,21981.763,0.060
1757011772.132427,21983.830,0.060
1757011772.134496,21985.899,0.060
1757011772.136564,21987.967,0.060
1757011772.138633,21990.036,0.060
1757011772.140700,21992.104,0.060
1757011772.142770,21994.173,0.060
1757011772.144839,21996.242,0.060
1757011772.146908,21998.311,0.060
1757011772.148976,22000.380,0.060
1757011772.151046,22002.449,0.060
1757011772.153114,22004.517,0.060
1757011772.155184,22006.587,0.060
1757011772.157253,22008.656,0.060
1757011772.159323,22010.726,0.060
1757011772.161393,22012.796,0.060
1757011772.163462,22014.865,0.060
1757011772.165530,22016.934,0.060
1757011772.167600,22019.004,0.060
1757011772.169669,22021.073,0.060
1757011772.171739,22023.142,0.060
1757011772.173808,22025.211,0.060
1757011772.175877,22027.280,0.060
1757011772.177948,22029.351,0.060
1757011772.180020,22031.423,0.060
1757011772.182089,22033.493,0.060
1757011772.184157,22035.560,0.060
1757011772.186225,22037.629,0.060
1757011772.188292,22039.696,0.060
1757011772.190363,22041.767,0.060
1757011772.192432,22043.835,0.060
1757011772.194500,22045.904,0.060
1757011772.196568,22047.971,0.060
1757011772.198637,22050.040,0.060
1757011772.200704,22052.107,0.060
1757011772.202773,22054.177,0.060
1757011772.204841,22056.244,0.060
1757011772.206910,22058.314,0.060
1757011772.208979,22060.382,0.060
1757011772.211048,22062.451,0.060
1757011772.213117,22064.521,0.060
1757011772.215185,22066.589,0.060
1757011772.217257,22068.660,0.060
1757011772.219326,22070.729,0.060
1757011772.221396,22072.800,0.060
1757011772.223468,22074.872,0.060
1757011772.225538,22076.941,0.060
1757011772.227607,22079.010,0.060
1757011772.229675,22081.079,0.060
1757011772.231745,22083.149,0.060
1757011772.233814,22085.217,0.060
1757011772.235883,22087.286,0.060
1757011772.237951,22089.355,0.060
1757011772.240024,22091.427,0.060
1757011772.242092,22093.496,0.060
1757011772.244162,22095.565,0.060
1757011772.246231,22097.635,0.060
1757011772.248298,22099.702,0.060
1757011772.250367,22101.771,0.060
1757011772.252436,22103.840,0.060
1757011772.254505,22105.909,0.060
1757011772.256571,22107.974,0.060
1757011772.258640,22110.043,0.060
1757011772.260708,22112.111,0.060
1757011772.262777,22114.181,0.060
1757011772.264844,22116.247,0.060
1757011772.266913,22118.317,0.060
1757011772.268981,22120.385,0.060
1757011772.271049,22122.453,0.060
1757011772.273120,22124.524,0.060
1757011772.275189,22126.593,0.060
1757011772.277258,22128.661,0.060
1757011772.279327,22130.731,0.060
1757011772.281398,22132.801,0.060
1757011772.283467,22134.871,0.060
1757011772.285537,22136.940,0.060
1757011772.287606,22139.010,0.060
1757011772.289676,22141.079,0.060
1757011772.291745,22143.148,0.060
1757011772.293814,22145.217,0.060
1757011772.295882,22147.286,0.060
1757011772.297952,22149.355,0.060
1757011772.300025,22151.429,0.060
1757011772.302095,22153.498,0.060
1757011772.304164,22155.567,0.060
1757011772.306233,22157.636,0.060
1757011772.308301,22159.704,0.060
1757011772.310369,22161.772,0.060
1757011772.312438,22163.842,0.060
1757011772.314508,22165.911,0.060
1757011772.316576,22167.979,0.060
1757011772.318645,22170.048,0.060
1757011772.320712,22172.116,0.060
1757011772.322781,22174.184,0.060
1757011772.324849,22176.253,0.060
1757011772.326918,22178.321,0.060
1757011772.328986,22180.390,0.060
1757011772.331055,22182.458,0.060
1757011772.333122,22184.526,0.060
1757011772.335191,22186.595,0.060
1757011772.337260,22188.663,0.060
1757011772.339329,22190.732,0.060
1757011772.341398,22192.801,0.060
1757011772.343467,22194.870,0.060
1757011772.345535,22196.938,0.060
1757011772.347605,22199.008,0.060
1757011772.349674,22201.077,0.060
1757011772.351743,22203.146,0.060
1757011772.353812,22205.215,0.060
1757011772.355881,22207.284,0.060
1757011772.357951,22209.354,0.060
1757011772.360033,22211.436,0.060
1757011772.362101,22213.504,0.060
1757011772.364170,22215.574,0.060
1757011772.366238,22217.642,0.060
1757011772.368305,22219.708,0.060
1757011772.370373,22221.776,0.060
1757011772.372442,22223.845,0.060
1757011772.374511,22225.914,0.060
1757011772.376578,22227.982,0.060
1757011772.378647,22230.050,0.060
1757011772.380713,22232.117,0.060
1757011772.382782,22234.186,0.060
1757011772.384851,22236.254,0.060
1757011772.386919,22238.323,0.060
1757011772.388989,22240.393,0.060
1757011772.391058,22242.461,0.060
1757011772.393127,22244.530,0.060
1757011772.395195,22246.599,0.060
1757011772.397264,22248.667,0.060
1757011772.399332,22250.736,0.060
1757011772.401402,22252.805,0.060
1757011772.403471,22254.875,0.060
1757011772.405540,22256.943,0.060
1757011772.407609,22259.013,0.060
1757011772.409679,22261.082,0.060
1757011772.411748,22263.152,0.060
1757011772.413818,22265.221,0.060
1757011772.415887,22267.291,0.060
1757011772.417957,22269.360,0.060
1757011772.420027,22271.430,0.060
1757011772.422096,22273.500,0.060
1757011772.424164,22275.567,0.060
1757011772.426233,22277.636,0.060
1757011772.428301,22279.704,0.060
1757011772.430370,22281.774,0.060
1757011772.432439,22283.842,0.060
1757011772.434507,22285.910,0.060
1757011772.436575,22287.978,0.060
1757011772.438644,22290.047,0.060
1757011772.440715,22292.118,0.060
1757011772.442783,22294.187,0.060
1757011772.444850,22296.253,0.060
1757011772.446920,22298.324,0.060
1757011772.448988,22300.392,0.060
1757011772.451057,22302.461,0.060
1757011772.453126,22304.529,0.060
1757011772.455195,22306.598,0.060
1757011772.457264,22308.667,0.060
1757011772.459333,22310.736,0.060
1757011772.461402,22312.806,0.060
1757011772.463472,22314.875,0.060
1757011772.465541,22316.945,0.060
1757011772.467611,22319.014,0.060
1757011772.469680,22321.084,0.060
1757011772.471750,22323.153,0.060
1757011772.473819,22325.222,0.060
1757011772.475888,22327.291,0.060
1757011772.477957,22329.360,0.060
1757011772.480023,22331.427,0.060
1757011772.482093,22333.497,0.060
1757011772.484161,22335.565,0.060
1757011772.486231,22337.635,0.060
1757011772.488298,22339.701,0.060
1757011772.490367,22341.771,0.060
1757011772.492455,22343.858,0.060
1757011772.494524,22345.928,0.060
1757011772.496591,22347.995,0.060
1757011772.498660,22350.064,0.060
1757011772.500729,22352.132,0.060
1757011772.502797,22354.201,0.060
1757011772.504870,22356.273,0.060
1757011772.506938,22358.342,0.060
1757011772.509007,22360.410,0.060
1757011772.511076,22362.479,0.060
1757011772.513145,22364.548,0.060
1757011772.515213,22366.616,0.060
1757011772.517281,22368.685,0.060
1757011772.519350,22370.753,0.060
1757011772.521426,22372.829,0.060
1757011772.523495,22374.899,0.060
1757011772.525564,22376.968,0.060
1757011772.527633,22379.037,0.060
1757011772.529702,22381.106,0.060
1757011772.531772,22383.175,0.060
1757011772.533841,22385.245,0.060
1757011772.535911,22387.314,0.060
1757011772.537985,22389.388,0.060
1757011772.540027,22391.430,0.060
1757011772.542096,22393.499,0.060
1757011772.544164,22395.567,0.060
1757011772.546232,22397.636,0.060
1757011772.548300,22399.704,0.060
1757011772.550369,22401.772,0.060
1757011772.552438,22403.841,0.060
1757011772.554507,22405.910,0.060
1757011772.556573,22407.976,0.060
1757011772.558642,22410.045,0.060
1757011772.560710,22412.113,0.060
1757011772.562779,22414.182,0.060
1757011772.564849,22416.252,0.060
1757011772.566917,22418.321,0.060
1757011772.568987,22420.391,0.060
1757011772.571056,22422.459,0.060
1757011772.573123,22424.527,0.060
1757011772.575193,22426.597,0.060
1757011772.577262,22428.665,0.060
1757011772.579331,22430.735,0.060
1757011772.581399,22432.803,0.060
1757011772.583469,22434.872,0.060
1757011772.585537,22436.941,0.060
1757011772.587607,22439.010,0.060
1757011772.589674,22441.078,0.060
1757011772.591742,22443.146,0.060
1757011772.593810,22445.213,0.060
1757011772.595877,22447.280,0.060
1757011772.597946,22449.350,0.060
1757011772.600024,22451.427,0.060
1757011772.602092,22453.496,0.060
1757011772.604161,22455.565,0.060
1757011772.606230,22457.633,0.060
1757011772.608295,22459.699,0.060
1757011772.610365,22461.769,0.060
1757011772.612432,22463.836,0.060
1757011772.614502,22465.906,0.060
1757011772.616576,22467.979,0.060
1757011772.618644,22470.047,0.060
1757011772.620714,22472.117,0.060
1757011772.622782,22474.185,0.060
1757011772.624850,22476.254,0.060
1757011772.626919,22478.322,0.060
1757011772.628987,22480.391,0.060
1757011772.631055,22482.459,0.060
1757011772.633123,22484.526,0.060
1757011772.635191,22486.595,0.060
1757011772.637260,22488.664,0.060
1757011772.639329,22490.732,0.060
1757011772.641400,22492.803,0.060
1757011772.643469,22494.873,0.060
1757011772.645538,22496.942,0.060
1757011772.647607,22499.011,0.060
1757011772.649676,22501.079,0.060
1757011772.651744,22503.148,0.060
1757011772.653814,22505.218,0.060
1757011772.655883,22507.286,0.060
1757011772.657951,22509.354,0.060
1757011772.660026,22511.429,0.060
1757011772.662095,22513.498,0.060
1757011772.664163,22515.567,0.060
1757011772.666232,22517.636,0.060
1757011772.668299,22519.702,0.060
1757011772.670367,22521.771,0.060
1757011772.672436,22523.840,0.060
1757011772.674505,22525.909,0.060
1757011772.676574,22527.977,0.060
1757011772.678644,22530.047,0.060
1757011772.680711,22532.115,0.060
1757011772.682779,22534.182,0.060
1757011772.684847,22536.250,0.060
1757011772.686916,22538.319,0.060
1757011772.688985,22540.388,0.060
1757011772.691053,22542.457,0.060
1757011772.693122,22544.526,0.060
1757011772.695191,22546.595,0.060
1757011772.697260,22548.664,0.060
1757011772.699328,22550.732,0.060
1757011772.701397,22552.801,0.060
1757011772.703467,22554.870,0.060
1757011772.705539,22556.942,0.060
1757011772.707607,22559.011,0.060
1757011772.709676,22561.079,0.060
1757011772.711745,22563.148,0.060
1757011772.713812,22565.216,0.060
1757011772.715881,22567.285,0.060
1757011772.717950,22569.353,0.060
1757011772.720026,22571.429,0.060
1757011772.722095,22573.498,0.060
1757011772.724163,22575.567,0.060
1757011772.726232,22577.636,0.060
1757011772.728300,22579.704,0.060
1757011772.730369,22581.773,0.060
1757011772.732437,22583.840,0.060
1757011772.734506,22585.909,0.060
1757011772.736575,22587.978,0.060
1757011772.738643,22590.046,0.060
1757011772.740711,22592.114,0.060
1757011772.742780,22594.184,0.060
1757011772.744847,22596.251,0.060
1757011772.746916,22598.319,0.060
1757011772.748985,22600.388,0.060
1757011772.751053,22602.457,0.060
1757011772.753122,22604.525,0.060
1757011772.755191,22606.594,0.060
1757011772.757259,22608.662,0.060
1757011772.759327,22610.730,0.060
1757011772.761397,22612.800,0.060
1757011772.763466,22614.870,0.060
1757011772.765535,22616.938,0.060
1757011772.767604,22619.007,0.060
1757011772.769673,22621.076,0.060
1757011772.771742,22623.145,0.060
1757011772.773811,22625.215,0.060
1757011772.775879,22627.283,0.060
1757011772.777948,22629.351,0.060
1757011772.780022,22631.425,0.060
1757011772.782090,22633.494,0.060
1757011772.784159,22635.562,0.060
1757011772.786227,22637.630,0.060
1757011772.788293,22639.697,0.060
1757011772.790362,22641.765,0.060
1757011772.792431,22643.834,0.060
1757011772.794499,22645.902,0.060
1757011772.796565,22647.969,0.060
1757011772.798634,22650.037,0.060
1757011772.800701,22652.105,0.060
1757011772.802770,22654.174,0.060
1757011772.804838,22656.241,0.060
1757011772.806907,22658.310,0.060
1757011772.808975,22660.378,0.060
1757011772.811044,22662.447,0.060
1757011772.813111,22664.515,0.060
1757011772.815180,22666.583,0.060
1757011772.817249,22668.652,0.060
1757011772.819318,22670.721,0.060
1757011772.821389,22672.792,0.060
1757011772.823457,22674.861,0.060
1757011772.825526,22676.929,0.060
1757011772.827594,22678.997,0.060
1757011772.829663,22681.067,0.060
1757011772.831733,22683.136,0.060
1757011772.833805,22685.208,0.060
1757011772.835873,22687.276,0.060
1757011772.837942,22689.345,0.060
1757011772.840018,22691.422,0.060
1757011772.842091,22693.495,0.060
1757011772.844159,22695.563,0.060
1757011772.846228,22697.632,0.060
1757011772.848295,22699.699,0.060
1757011772.850364,22701.767,0.060
1757011772.852430,22703.834,0.060
1757011772.854499,22705.903,0.060
1757011772.856566,22707.970,0.060
1757011772.858635,22710.039,0.060
1757011772.860703,22712.107,0.060
1757011772.862772,22714.175,0.060
1757011772.864840,22716.244,0.060
1757011772.866909,22718.313,0.060
1757011772.868977,22720.381,0.060
1757011772.871045,22722.449,0.060
1757011772.873113,22724.516,0.060
1757011772.875182,22726.585,0.060
1757011772.877249,22728.652,0.060
1757011772.879318,22730.721,0.060
1757011772.881386,22732.789,0.060
1757011772.883455,22734.859,0.060
1757011772.885524,22736.927,0.060
1757011772.887595,22738.999,0.060
1757011772.889663,22741.067,0.060
1757011772.891732,22743.135,0.060
1757011772.893800,22745.204,0.060
1757011772.895869,22747.273,0.060
1757011772.897938,22749.342,0.060
1757011772.900017,22751.421,0.060
1757011772.902086,22753.489,0.060
1757011772.904152,22755.555,0.060
1757011772.906220,22757.624,0.060
1757011772.908289,22759.693,0.060
1757011772.910357,22761.760,0.060
1757011772.912424,22763.828,0.060
1757011772.914493,22765.896,0.060
1757011772.916561,22767.965,0.060
1757011772.918631,22770.034,0.060
1757011772.920699,22772.102,0.060
1757011772.922768,22774.171,0.060
1757011772.924837,22776.240,0.060
1757011772.926908,22778.311,0.060
1757011772.928975,22780.379,0.060
1757011772.931044,22782.447,0.060
1757011772.933112,22784.516,0.060
1757011772.935180,22786.583,0.060
1757011772.937248,22788.652,0.060
1757011772.939317,22790.720,0.060
1757011772.941385,22792.788,0.060
1757011772.943454,22794.858,0.060
1757011772.945524,22796.928,0.060
1757011772.947594,22798.997,0.060
1757011772.949662,22801.065,0.060
1757011772.951730,22803.134,0.060
1757011772.953798,22805.202,0.060
1757011772.955867,22807.270,0.060
1757011772.957935,22809.339,0.060
1757011772.960016,22811.419,0.060
1757011772.962085,22813.488,0.060
1757011772.964151,22815.554,0.060
1757011772.966219,22817.622,0.060
1757011772.968287,22819.691,0.060
1757011772.970356,22821.759,0.060
1757011772.972423,22823.827,0.060
1757011772.974491,22825.895,0.060
1757011772.976558,22827.962,0.060
1757011772.978627,22830.030,0.060
1757011772.980694,22832.097,0.060
1757011772.982763,22834.166,0.060
1757011772.984830,22836.234,0.060
1757011772.986900,22838.304,0.060
1757011772.988967,22840.371,0.060
1757011772.991035,22842.439,0.060
1757011772.993104,22844.507,0.060
1757011772.995173,22846.577,0.060
1757011772.997242,22848.646,0.060
1757011772.999310,22850.713,0.060
1757011773.001381,22852.785,0.060
1757011773.003449,22854.853,0.060
1757011773.005518,22856.922,0.060
1757011773.007588,22858.992,0.060
1757011773.009657,22861.061,0.060
1757011773.011727,22863.130,0.060
1757011773.013795,22865.198,0.060
1757011773.015864,22867.268,0.060
1757011773.017933,22869.336,0.060
1757011773.020016,22871.420,0.060
1757011773.022085,22873.488,0.060
1757011773.024152,22875.556,0.060
1757011773.026222,22877.625,0.060
1757011773.028290,22879.693,0.060
1757011773.030358,22881.762,0.060
1757011773.032426,22883.830,0.060
1757011773.034496,22885.899,0.060
1757011773.036563,22887.967,0.060
1757011773.038632,22890.035,0.060
1757011773.040699,22892.103,0.060
1757011773.042768,22894.172,0.060
1757011773.044837,22896.241,0.060
1757011773.046909,22898.313,0.060
1757011773.048978,22900.382,0.060
1757011773.051048,22902.451,0.060
1757011773.053116,22904.519,0.060
1757011773.055184,22906.588,0.060
1757011773.057255,22908.658,0.060
1757011773.059323,22910.727,0.060
1757011773.061393,22912.796,0.060
1757011773.063462,22914.865,0.060
1757011773.065531,22916.934,0.060
1757011773.067600,22919.003,0.060
1757011773.069668,22921.071,0.060
1757011773.071738,22923.142,0.060
1757011773.073807,22925.211,0.060
1757011773.075876,22927.279,0.060
1757011773.077945,22929.348,0.060
1757011773.080025,22931.429,0.060
1757011773.082094,22933.497,0.060
1757011773.084162,22935.565,0.060
1757011773.086230,22937.633,0.060
1757011773.088297,22939.701,0.060
1757011773.090367,22941.771,0.060
1757011773.092438,22943.841,0.060
1757011773.094507,22945.910,0.060
1757011773.096574,22947.977,0.060
1757011773.098642,22950.046,0.060
1757011773.100709,22952.112,0.060
1757011773.102778,22954.182,0.060
1757011773.104847,22956.251,0.060
1757011773.106915,22958.319,0.060
1757011773.108987,22960.390,0.060
1757011773.111056,22962.459,0.060
1757011773.113124,22964.528,0.060
1757011773.115193,22966.597,0.060
1757011773.117261,22968.664,0.060
1757011773.119329,22970.732,0.060
1757011773.121397,22972.801,0.060
1757011773.123467,22974.870,0.060
1757011773.125536,22976.939,0.060
1757011773.127605,22979.008,0.060
1757011773.129674,22981.077,0.060
1757011773.131742,22983.145,0.060
1757011773.133811,22985.214,0.060
1757011773.135880,22987.283,0.060
1757011773.137949,22989.353,0.060
1757011773.140026,22991.430,0.060
1757011773.142095,22993.498,0.060
1757011773.144164,22995.567,0.060
1757011773.146232,22997.636,0.060
1757011773.148298,22999.702,0.060
1757011773.150366,23001.770,0.060
1757011773.152437,23003.840,0.060
1757011773.154505,23005.909,0.060
1757011773.156571,23007.975,0.060
1757011773.158640,23010.043,0.060
1757011773.160708,23012.112,0.060
1757011773.162778,23014.181,0.060
1757011773.164845,23016.249,0.060
1757011773.166914,23018.317,0.060
1757011773.168985,23020.388,0.060
1757011773.171053,23022.457,0.060
1757011773.173122,23024.525,0.060
1757011773.175190,23026.594,0.060
1757011773.177259,23028.662,0.060
1757011773.179328,23030.731,0.060
1757011773.181397,23032.800,0.060
1757011773.183465,23034.869,0.060
1757011773.185534,23036.938,0.060
1757011773.187603,23039.007,0.060
1757011773.189674,23041.078,0.060
1757011773.191743,23043.147,0.060
1757011773.193811,23045.215,0.060
1757011773.195880,23047.283,0.060
1757011773.197948,23049.352,0.060
1757011773.200026,23051.429,0.060
1757011773.202094,23053.498,0.060
1757011773.204163,23055.566,0.060
1757011773.206232,23057.635,0.060
1757011773.208299,23059.702,0.060
1757011773.210367,23061.770,0.060
1757011773.212435,23063.839,0.060
1757011773.214504,23065.908,0.060
1757011773.216571,23067.975,0.060
1757011773.218640,23070.043,0.060
1757011773.220708,23072.111,0.060
1757011773.222776,23074.180,0.060
1757011773.224847,23076.250,0.060
1757011773.226916,23078.319,0.060
1757011773.228983,23080.387,0.060
1757011773.231052,23082.455,0.060
1757011773.233119,23084.523,0.060
1757011773.235188,23086.591,0.060
1757011773.237258,23088.661,0.060
1757011773.239327,23090.730,0.060
1757011773.241401,23092.805,0.060
1757011773.243470,23094.874,0.060
1757011773.245540,23096.943,0.060
1757011773.247609,23099.012,0.060
1757011773.249678,23101.081,0.060
1757011773.251747,23103.151,0.060
1757011773.253816,23105.219,0.060
1757011773.255884,23107.287,0.060
1757011773.257952,23109.355,0.060
1757011773.260024,23111.428,0.060
1757011773.262093,23113.496,0.060
1757011773.264161,23115.565,0.060
1757011773.266230,23117.634,0.060
1757011773.268297,23119.701,0.060
1757011773.270366,23121.769,0.060
1757011773.272435,23123.838,0.060
1757011773.274504,23125.907,0.060
1757011773.276572,23127.975,0.060
1757011773.278640,23130.044,0.060
1757011773.280711,23132.114,0.060
1757011773.282780,23134.183,0.060
1757011773.284847,23136.250,0.060
1757011773.286915,23138.318,0.060
1757011773.288983,23140.386,0.060
1757011773.291052,23142.455,0.060
1757011773.293121,23144.524,0.060
1757011773.295190,23146.593,0.060
1757011773.297258,23148.661,0.060
1757011773.299327,23150.730,0.060
1757011773.301396,23152.799,0.060
1757011773.303464,23154.868,0.060
1757011773.305534,23156.937,0.060
1757011773.307603,23159.007,0.060
1757011773.309672,23161.076,0.060
1757011773.311741,23163.145,0.060
1757011773.313810,23165.213,0.060
1757011773.315880,23167.283,0.060
1757011773.317949,23169.352,0.060
1757011773.320025,23171.428,0.060
1757011773.322095,23173.498,0.060
1757011773.324164,23175.568,0.060
1757011773.326234,23177.637,0.060
1757011773.328299,23179.703,0.060
1757011773.330369,23181.772,0.060
1757011773.332438,23183.842,0.060
1757011773.334507,23185.911,0.060
1757011773.336580,23187.984,0.060
1757011773.338649,23190.052,0.060
1757011773.340716,23192.119,0.060
1757011773.342785,23194.188,0.060
1757011773.344851,23196.255,0.060
1757011773.346920,23198.323,0.060
1757011773.348989,23200.392,0.060
1757011773.351058,23202.462,0.060
1757011773.353126,23204.530,0.060
1757011773.355195,23206.598,0.060
1757011773.357263,23208.667,0.060
1757011773.359335,23210.738,0.060
1757011773.361404,23212.808,0.060
1757011773.363473,23214.876,0.060
1757011773.365542,23216.946,0.060
1757011773.367610,23219.014,0.060
1757011773.369678,23221.082,0.060
1757011773.371747,23223.151,0.060
1757011773.373816,23225.219,0.060
1757011773.375886,23227.290,0.060
1757011773.377957,23229.361,0.060
1757011773.380026,23231.429,0.060
1757011773.382095,23233.499,0.060
1757011773.384164,23235.567,0.060
1757011773.386233,23237.636,0.060
1757011773.388301,23239.705,0.060
1757011773.390370,23241.773,0.060
1757011773.392438,23243.842,0.060
1757011773.394506,23245.910,0.060
1757011773.396574,23247.977,0.060
1757011773.398642,23250.045,0.060
1757011773.400711,23252.114,0.060
1757011773.402779,23254.183,0.060
1757011773.404847,23256.251,0.060
1757011773.406916,23258.319,0.060
1757011773.408985,23260.388,0.060
1757011773.411054,23262.457,0.060
1757011773.413122,23264.525,0.060
1757011773.415190,23266.593,0.060
1757011773.417258,23268.662,0.060
1757011773.419327,23270.730,0.060
1757011773.421399,23272.802,0.060
1757011773.423467,23274.870,0.060
1757011773.425535,23276.938,0.060
1757011773.427604,23279.007,0.060
1757011773.429672,23281.076,0.060
1757011773.431741,23283.145,0.060
1757011773.433810,23285.214,0.060
1757011773.435879,23287.283,0.060
1757011773.437948,23289.351,0.060
1757011773.440026,23291.429,0.060
1757011773.442095,23293.498,0.060
1757011773.444163,23295.567,0.060
1757011773.446231,23297.635,0.060
1757011773.448298,23299.701,0.060
1757011773.450366,23301.770,0.060
1757011773.452434,23303.837,0.060
1757011773.454502,23305.906,0.060
1757011773.456570,23307.973,0.060
1757011773.458639,23310.043,0.060
1757011773.460705,23312.109,0.060
1757011773.462774,23314.177,0.060
1757011773.464843,23316.247,0.060
1757011773.466912,23318.316,0.060
1757011773.468980,23320.383,0.060
1757011773.471048,23322.452,0.060
1757011773.473117,23324.520,0.060
1757011773.475186,23326.589,0.060
1757011773.477255,23328.658,0.060
1757011773.479323,23330.727,0.060
1757011773.481392,23332.795,0.060
1757011773.483463,23334.866,0.060
1757011773.485531,23336.935,0.060
1757011773.487600,23339.003,0.060
1757011773.489669,23341.072,0.060
1757011773.491738,23343.142,0.060
1757011773.493808,23345.211,0.060
1757011773.495876,23347.280,0.060
1757011773.497945,23349.348,0.060
1757011773.500027,23351.430,0.060
1757011773.502096,23353.499,0.060
1757011773.504164,23355.567,0.060
1757011773.506233,23357.636,0.060
1757011773.508298,23359.702,0.060
1757011773.510367,23361.771,0.060
1757011773.512436,23363.840,0.060
1757011773.514508,23365.911,0.060
1757011773.516574,23367.978,0.060
1757011773.518643,23370.047,0.060
1757011773.520713,23372.116,0.060
1757011773.522780,23374.184,0.060
1757011773.524848,23376.251,0.060
1757011773.526917,23378.320,0.060
1757011773.528986,23380.389,0.060
1757011773.531054,23382.457,0.060
1757011773.533122,23384.526,0.060
1757011773.535191,23386.594,0.060
1757011773.537261,23388.664,0.060
1757011773.539333,23390.736,0.060
1757011773.541402,23392.805,0.060
1757011773.543471,23394.874,0.060
1757011773.545540,23396.943,0.060
1757011773.547610,23399.013,0.060
1757011773.549679,23401.083,0.060
1757011773.551748,23403.152,0.060
1757011773.553817,23405.221,0.060
1757011773.555887,23407.290,0.060
1757011773.557955,23409.358,0.060
1757011773.560028,23411.432,0.060
1757011773.562098,23413.501,0.060
1757011773.564166,23415.570,0.060
1757011773.566235,23417.639,0.060
1757011773.568302,23419.705,0.060
1757011773.570371,23421.774,0.060
1757011773.572439,23423.843,0.060
1757011773.574508,23425.911,0.060
1757011773.576581,23427.984,0.060
1757011773.578650,23430.053,0.060
1757011773.580718,23432.121,0.060
1757011773.582786,23434.190,0.060
1757011773.584859,23436.263,0.060
1757011773.586928,23438.331,0.060
1757011773.588997,23440.401,0.060
1757011773.591066,23442.470,0.060
1757011773.593135,23444.538,0.060
1757011773.595204,23446.607,0.060
1757011773.597271,23448.675,0.060
1757011773.599340,23450.744,0.060
1757011773.601409,23452.812,0.060
1757011773.603478,23454.881,0.060
1757011773.605546,23456.950,0.060
1757011773.607616,23459.019,0.060
1757011773.609684,23461.088,0.060
1757011773.611754,23463.157,0.060
1757011773.613824,23465.228,0.060
1757011773.615893,23467.297,0.060
1757011773.617962,23469.365,0.060
1757011773.620021,23471.425,0.060
1757011773.622089,23473.493,0.060
1757011773.624158,23475.562,0.060
1757011773.626227,23477.630,0.060
1757011773.628293,23479.697,0.060
1757011773.630363,23481.766,0.060
1757011773.632431,23483.834,0.060
1757011773.634500,23485.904,0.060
1757011773.636567,23487.970,0.060
1757011773.638635,23490.038,0.060
1757011773.640706,23492.110,0.060
1757011773.642775,23494.179,0.060
1757011773.644843,23496.246,0.060
1757011773.646912,23498.316,0.060
1757011773.648982,23500.385,0.060
1757011773.651051,23502.454,0.060
1757011773.653119,23504.523,0.060
1757011773.655189,23506.592,0.060
1757011773.657257,23508.661,0.060
1757011773.659325,23510.729,0.060
1757011773.661394,23512.798,0.060
1757011773.663463,23514.867,0.060
1757011773.665532,23516.935,0.060
1757011773.667601,23519.004,0.060
1757011773.669669,23521.073,0.060
1757011773.671738,23523.142,0.060
1757011773.673809,23525.212,0.060
1757011773.675878,23527.281,0.060
1757011773.677947,23529.350,0.060
1757011773.680026,23531.430,0.060
1757011773.682095,23533.499,0.060
1757011773.684164,23535.568,0.060
1757011773.686233,23537.636,0.060
1757011773.688300,23539.704,0.060
1757011773.690369,23541.772,0.060
1757011773.692437,23543.840,0.060
1757011773.694505,23545.908,0.060
1757011773.696571,23547.975,0.060
1757011773.698640,23550.044,0.060
1757011773.700708,23552.111,0.060
1757011773.702776,23554.179,0.060
1757011773.704844,23556.247,0.060
1757011773.706913,23558.316,0.060
1757011773.708981,23560.385,0.060
1757011773.711049,23562.452,0.060
1757011773.713117,23564.520,0.060
1757011773.715186,23566.589,0.060
1757011773.717253,23568.657,0.060
1757011773.719322,23570.725,0.060
1757011773.721390,23572.794,0.060
1757011773.723460,23574.864,0.060
1757011773.725529,23576.933,0.060
1757011773.727599,23579.002,0.060
1757011773.729667,23581.071,0.060
1757011773.731736,23583.139,0.060
1757011773.733806,23585.209,0.060
1757011773.735875,23587.279,0.060
1757011773.737945,23589.348,0.060
1757011773.740019,23591.423,0.060
1757011773.742089,23593.492,0.060
1757011773.744158,23595.561,0.060
1757011773.746227,23597.630,0.060
1757011773.748293,23599.697,0.060
1757011773.750363,23601.767,0.060
1757011773.752433,23603.836,0.060
1757011773.754502,23605.906,0.060
1757011773.756568,23607.972,0.060
1757011773.758637,23610.041,0.060
1757011773.760706,23612.110,0.060
1757011773.762774,23614.177,0.060
1757011773.764842,23616.245,0.060
1757011773.766911,23618.314,0.060
1757011773.768980,23620.383,0.060
1757011773.771049,23622.452,0.060
1757011773.773117,23624.520,0.060
1757011773.775185,23626.589,0.060
1757011773.777254,23628.658,0.060
1757011773.779323,23630.726,0.060
1757011773.781393,23632.796,0.060
1757011773.783461,23634.865,0.060
1757011773.785531,23636.934,0.060
1757011773.787600,23639.003,0.060
1757011773.789668,23641.072,0.060
1757011773.791737,23643.140,0.060
1757011773.793806,23645.209,0.060
1757011773.795875,23647.278,0.060
1757011773.797943,23649.347,0.060
1757011773.800025,23651.429,0.060
1757011773.802096,23653.499,0.060
1757011773.804164,23655.567,0.060
1757011773.806236,23657.639,0.060
1757011773.808302,23659.706,0.060
1757011773.810370,23661.774,0.060
1757011773.812439,23663.843,0.060
1757011773.814508,23665.912,0.060
1757011773.816574,23667.977,0.060
1757011773.818642,23670.046,0.060
1757011773.820711,23672.114,0.060
1757011773.822779,23674.183,0.060
1757011773.824848,23676.251,0.060
1757011773.826916,23678.320,0.060
1757011773.828984,23680.388,0.060
1757011773.831053,23682.457,0.060
1757011773.833122,23684.525,0.060
1757011773.835191,23686.594,0.060
1757011773.837258,23688.662,0.060
1757011773.839327,23690.731,0.060
1757011773.841396,23692.799,0.060
1757011773.843465,23694.869,0.060
1757011773.845535,23696.938,0.060
1757011773.847603,23699.006,0.060
1757011773.849671,23701.075,0.060
1757011773.851740,23703.144,0.060
1757011773.853809,23705.213,0.060
1757011773.855878,23707.281,0.060
1757011773.857946,23709.350,0.060
1757011773.860021,23711.424,0.060
1757011773.862090,23713.493,0.060
1757011773.864158,23715.562,0.060
1757011773.866227,23717.630,0.060
1757011773.868294,23719.697,0.060
1757011773.870361,23721.765,0.060
1757011773.872430,23723.834,0.060
1757011773.874499,23725.902,0.060
1757011773.876568,23727.972,0.060
1757011773.878637,23730.041,0.060
1757011773.880705,23732.109,0.060
1757011773.882774,23734.178,0.060
1757011773.884845,23736.248,0.060
1757011773.886914,23738.318,0.060
1757011773.888982,23740.386,0.060
1757011773.891051,23742.454,0.060
1757011773.893118,23744.522,0.060
1757011773.895187,23746.591,0.060
1757011773.897256,23748.659,0.060
1757011773.899324,23750.728,0.060
1757011773.901396,23752.800,0.060
1757011773.903466,23754.870,0.060
1757011773.905535,23756.938,0.060
1757011773.907604,23759.008,0.060
1757011773.909673,23761.077,0.060
1757011773.911742,23763.145,0.060
1757011773.913810,23765.214,0.060
1757011773.915879,23767.282,0.060
1757011773.917947,23769.351,0.060
1757011773.920025,23771.429,0.060
1757011773.922095,23773.499,0.060
1757011773.924164,23775.567,0.060
1757011773.926233,23777.636,0.060
1757011773.928299,23779.702,0.060
1757011773.930369,23781.773,0.060
1757011773.932436,23783.840,0.060
1757011773.934504,23785.908,0.060
1757011773.936572,23787.975,0.060
1757011773.938639,23790.043,0.060
1757011773.940706,23792.109,0.060
1757011773.942775,23794.179,0.060
1757011773.944845,23796.248,0.060
1757011773.946913,23798.316,0.060
1757011773.948980,23800.383,0.060
1757011773.951047,23802.451,0.060
1757011773.953114,23804.518,0.060
1757011773.955182,23806.585,0.060
1757011773.957249,23808.652,0.060
1757011773.959316,23810.719,0.060
1757011773.961385,23812.789,0.060
1757011773.963454,23814.858,0.060
1757011773.965523,23816.927,0.060
1757011773.967593,23818.996,0.060
1757011773.969662,23821.065,0.060
1757011773.971731,23823.135,0.060
1757011773.973799,23825.202,0.060
1757011773.975867,23827.271,0.060
1757011773.977936,23829.339,0.060
1757011773.980014,23831.418,0.060
1757011773.982083,23833.486,0.060
1757011773.984149,23835.553,0.060
1757011773.986218,23837.621,0.060
1757011773.988286,23839.689,0.060
1757011773.990355,23841.759,0.060
1757011773.992424,23843.828,0.060
1757011773.994493,23845.897,0.060
1757011773.996561,23847.964,0.060
1757011773.998629,23850.032,0.060
1757011774.000695,23852.099,0.060
1757011774.002764,23854.168,0.060
1757011774.004833,23856.236,0.060
1757011774.006902,23858.305,0.060
1757011774.008970,23860.373,0.060
1757011774.011038,23862.441,0.060
1757011774.013106,23864.509,0.060
1757011774.015175,23866.578,0.060
1757011774.017243,23868.647,0.060
1757011774.019312,23870.716,0.060
1757011774.021390,23872.793,0.060
1757011774.023460,23874.863,0.060
1757011774.025529,23876.932,0.060
1757011774.027598,23879.001,0.060
1757011774.029667,23881.070,0.060
1757011774.031735,23883.139,0.060
1757011774.033804,23885.207,0.060
1757011774.035872,23887.275,0.060
1757011774.037941,23889.344,0.060
1757011774.040025,23891.428,0.060
1757011774.042094,23893.497,0.060
1757011774.044162,23895.565,0.060
1757011774.046231,23897.634,0.060
1757011774.048298,23899.702,0.060
1757011774.050367,23901.771,0.060
1757011774.052435,23903.838,0.060
1757011774.054504,23905.908,0.060
1757011774.056574,23907.977,0.060
1757011774.058642,23910.046,0.060
1757011774.060711,23912.114,0.060
1757011774.062779,23914.183,0.060
1757011774.064848,23916.251,0.060
1757011774.066917,23918.320,0.060
1757011774.068984,23920.388,0.060
1757011774.071055,23922.458,0.060
1757011774.073124,23924.527,0.060
1757011774.075193,23926.597,0.060
1757011774.077262,23928.666,0.060
1757011774.079331,23930.734,0.060
1757011774.081399,23932.803,0.060
1757011774.083468,23934.872,0.060
1757011774.085538,23936.942,0.060
1757011774.087608,23939.011,0.060
1757011774.089675,23941.078,0.060
1757011774.091743,23943.147,0.060
1757011774.093821,23945.224,0.060
1757011774.095892,23947.295,0.060
1757011774.097962,23949.365,0.060
1757011774.100024,23951.428,0.060
1757011774.102093,23953.497,0.060
1757011774.104162,23955.566,0.060
1757011774.106232,23957.635,0.060
1757011774.108299,23959.702,0.060
1757011774.110368,23961.771,0.060
1757011774.112437,23963.841,0.060
1757011774.114506,23965.910,0.060
1757011774.116574,23967.978,0.060
1757011774.118643,23970.047,0.060
1757011774.120713,23972.116,0.060
1757011774.122782,23974.185,0.060
1757011774.124857,23976.261,0.060
1757011774.126930,23978.333,0.060
1757011774.128998,23980.402,0.060
1757011774.131068,23982.472,0.060
1757011774.133138,23984.542,0.060
1757011774.135208,23986.611,0.060
1757011774.137276,23988.679,0.060
1757011774.139345,23990.749,0.060
1757011774.141420,23992.823,0.060
1757011774.143488,23994.892,0.060
1757011774.145558,23996.961,0.060
1757011774.147627,23999.031,0.060
1757011774.149699,24001.103,0.060
1757011774.151767,24003.171,0.060
1757011774.153838,24005.241,0.060
1757011774.155907,24007.310,0.060
1757011774.157980,24009.383,0.060
1757011774.160025,24011.428,0.060
1757011774.162094,24013.498,0.060
1757011774.164164,24015.567,0.060
1757011774.166232,24017.635,0.060
1757011774.168299,24019.703,0.060
1757011774.170368,24021.771,0.060
1757011774.172437,24023.841,0.060
1757011774.174505,24025.909,0.060
1757011774.176573,24027.977,0.060
1757011774.178642,24030.046,0.060
1757011774.180713,24032.117,0.060
1757011774.182782,24034.185,0.060
1757011774.184851,24036.254,0.060
1757011774.186920,24038.323,0.060
1757011774.188988,24040.392,0.060
1757011774.191057,24042.461,0.060
1757011774.193124,24044.528,0.060
1757011774.195193,24046.597,0.060
1757011774.197262,24048.665,0.060
1757011774.199331,24050.734,0.060
1757011774.201406,24052.809,0.060
1757011774.203475,24054.879,0.060
1757011774.205545,24056.948,0.060
1757011774.207614,24059.018,0.060
1757011774.209684,24061.087,0.060
1757011774.211753,24063.156,0.060
1757011774.213822,24065.225,0.060
1757011774.215891,24067.295,0.060
1757011774.217961,24069.365,0.060
1757011774.220027,24071.430,0.060
1757011774.222096,24073.500,0.060
1757011774.224165,24075.568,0.060
1757011774.226234,24077.638,0.060
1757011774.228301,24079.704,0.060
1757011774.230369,24081.773,0.060
1757011774.232435,24083.839,0.060
1757011774.234504,24085.907,0.060
1757011774.236574,24087.977,0.060
1757011774.238643,24090.047,0.060
1757011774.240712,24092.116,0.060
1757011774.242781,24094.184,0.060
1757011774.244851,24096.254,0.060
1757011774.246920,24098.324,0.060
1757011774.248989,24100.392,0.060
1757011774.251057,24102.460,0.060
1757011774.253125,24104.529,0.060
1757011774.255194,24106.597,0.060
1757011774.257262,24108.665,0.060
1757011774.259331,24110.734,0.060
1757011774.261400,24112.803,0.060
1757011774.263469,24114.873,0.060
1757011774.265539,24116.942,0.060
1757011774.267608,24119.012,0.060
1757011774.269677,24121.080,0.060
1757011774.271746,24123.150,0.060
1757011774.273814,24125.218,0.060
1757011774.275884,24127.287,0.060
1757011774.277953,24129.357,0.060
1757011774.280083,24131.487,0.060
1757011774.282158,24133.561,0.060
1757011774.284228,24135.632,0.060
1757011774.286299,24137.703,0.060
1757011774.288365,24139.769,0.060
1757011774.290435,24141.838,0.060
1757011774.292504,24143.908,0.060
1757011774.294573,24145.977,0.060
1757011774.296641,24148.045,0.060
1757011774.298710,24150.113,0.060
1757011774.300778,24152.182,0.060
1757011774.302848,24154.251,0.060
1757011774.304913,24156.317,0.060
1757011774.306981,24158.385,0.060
1757011774.309049,24160.452,0.060
1757011774.311118,24162.522,0.060
1757011774.313185,24164.588,0.060
1757011774.315254,24166.657,0.060
1757011774.317322,24168.726,0.060
1757011774.319391,24170.795,0.060
1757011774.321461,24172.865,0.060
1757011774.323530,24174.933,0.060
1757011774.325598,24177.001,0.060
1757011774.327667,24179.071,0.060
1757011774.329736,24181.139,0.060
1757011774.331805,24183.209,0.060
1757011774.333875,24185.278,0.060
1757011774.335944,24187.347,0.060
1757011774.338014,24189.417,0.060
1757011774.340081,24191.484,0.060
1757011774.342151,24193.554,0.060
1757011774.344219,24195.623,0.060
1757011774.346289,24197.692,0.060
1757011774.348356,24199.759,0.060
1757011774.350425,24201.828,0.060
1757011774.352493,24203.897,0.060
1757011774.354562,24205.966,0.060
1757011774.356629,24208.033,0.060
1757011774.358698,24210.101,0.060
1757011774.360767,24212.170,0.060
1757011774.362835,24214.239,0.060
1757011774.364902,24216.306,0.060
1757011774.366971,24218.375,0.060
1757011774.369040,24220.443,0.060
1757011774.371109,24222.513,0.060
1757011774.373177,24224.581,0.060
1757011774.375246,24226.650,0.060
1757011774.377315,24228.718,0.060
1757011774.379391,24230.795,0.060
1757011774.381462,24232.865,0.060
1757011774.383532,24234.936,0.060
1757011774.385601,24237.005,0.060
1757011774.387671,24239.074,0.060
1757011774.389740,24241.144,0.060
1757011774.391809,24243.213,0.060
1757011774.393878,24245.282,0.060
1757011774.395947,24247.351,0.060
1757011774.398016,24249.419,0.060
1757011774.400084,24251.487,0.060
1757011774.402153,24253.556,0.060
1757011774.404221,24255.624,0.060
1757011774.406290,24257.693,0.060
1757011774.408359,24259.762,0.060
1757011774.410428,24261.831,0.060
1757011774.412496,24263.900,0.060
1757011774.414565,24265.968,0.060
1757011774.416632,24268.036,0.060
1757011774.418701,24270.105,0.060
1757011774.420770,24272.173,0.060
1757011774.422838,24274.242,0.060
1757011774.424905,24276.309,0.060
1757011774.426974,24278.378,0.060
1757011774.429043,24280.447,0.060
1757011774.431112,24282.516,0.060
1757011774.433181,24284.585,0.060
1757011774.435251,24286.654,0.060
1757011774.437319,24288.722,0.060
1757011774.439388,24290.791,0.060
1757011774.441457,24292.860,0.060
1757011774.443526,24294.929,0.060
1757011774.445594,24296.997,0.060
1757011774.447663,24299.066,0.060
1757011774.449731,24301.135,0.060
1757011774.451800,24303.204,0.060
1757011774.453870,24305.273,0.060
1757011774.455940,24307.343,0.060
1757011774.458008,24309.411,0.060
1757011774.460075,24311.478,0.060
1757011774.462144,24313.548,0.060
1757011774.464213,24315.616,0.060
1757011774.466283,24317.686,0.060
1757011774.468356,24319.759,0.060
1757011774.470426,24321.829,0.060
1757011774.472496,24323.899,0.060
1757011774.474565,24325.969,0.060
1757011774.476636,24328.039,0.060
1757011774.478706,24330.110,0.060
1757011774.480777,24332.181,0.060
1757011774.482852,24334.255,0.060
1757011774.484922,24336.325,0.060
1757011774.486991,24338.395,0.060
1757011774.489060,24340.464,0.060
1757011774.491129,24342.533,0.060
1757011774.493197,24344.600,0.060
1757011774.495266,24346.669,0.060
1757011774.497337,24348.741,0.060
1757011774.499406,24350.810,0.060
1757011774.501477,24352.880,0.060
1757011774.503546,24354.949,0.060
1757011774.505618,24357.022,0.060
1757011774.507688,24359.092,0.060
1757011774.509757,24361.161,0.060
1757011774.511827,24363.230,0.060
1757011774.513896,24365.299,0.060
1757011774.515965,24367.368,0.060
1757011774.518034,24369.437,0.060
1757011774.520103,24371.507,0.060
1757011774.522172,24373.575,0.060
1757011774.524241,24375.645,0.060
1757011774.526312,24377.715,0.060
1757011774.528379,24379.783,0.060
1757011774.530449,24381.852,0.060
1757011774.532521,24383.925,0.060
1757011774.534591,24385.994,0.060
1757011774.536658,24388.061,0.060
1757011774.538727,24390.131,0.060
1757011774.540797,24392.201,0.060
1757011774.542867,24394.270,0.060
1757011774.544937,24396.341,0.060
1757011774.547007,24398.410,0.060
1757011774.549078,24400.481,0.060
1757011774.551147,24402.550,0.060
1757011774.553216,24404.619,0.060
1757011774.555284,24406.687,0.060
1757011774.557352,24408.755,0.060
1757011774.559422,24410.825,0.060
1757011774.561491,24412.895,0.060
1757011774.563560,24414.964,0.060
1757011774.565629,24417.032,0.060
1757011774.567698,24419.102,0.060
1757011774.569767,24421.171,0.060
1757011774.571836,24423.239,0.060
1757011774.573904,24425.308,0.060
1757011774.575972,24427.375,0.060
1757011774.578040,24429.443,0.060
1757011774.580107,24431.510,0.060
1757011774.582175,24433.578,0.060
1757011774.584241,24435.645,0.060
1757011774.586310,24437.713,0.060
1757011774.588376,24439.780,0.060
1757011774.590446,24441.850,0.060
1757011774.592515,24443.918,0.060
1757011774.594584,24445.987,0.060
1757011774.596653,24448.056,0.060
1757011774.598722,24450.125,0.060
1757011774.600791,24452.195,0.060
1757011774.602860,24454.264,0.060
1757011774.604928,24456.332,0.060
1757011774.606997,24458.400,0.060
1757011774.609064,24460.467,0.060
1757011774.611133,24462.537,0.060
1757011774.613201,24464.604,0.060
1757011774.615270,24466.673,0.060
1757011774.617341,24468.745,0.060
1757011774.619411,24470.814,0.060
1757011774.621479,24472.883,0.060
1757011774.623549,24474.952,0.060
1757011774.625617,24477.021,0.060
1757011774.627687,24479.090,0.060
1757011774.629756,24481.159,0.060
1757011774.631825,24483.228,0.060
1757011774.633894,24485.298,0.060
1757011774.635964,24487.368,0.060
1757011774.638033,24489.436,0.060
1757011774.640099,24491.503,0.060
1757011774.642171,24493.574,0.060
1757011774.644239,24495.643,0.060
1757011774.646309,24497.712,0.060
1757011774.648376,24499.779,0.060
1757011774.650445,24501.848,0.060
1757011774.652513,24503.917,0.060
1757011774.654582,24505.986,0.060
1757011774.656650,24508.053,0.060
1757011774.658719,24510.122,0.060
1757011774.660787,24512.190,0.060
1757011774.662856,24514.259,0.060
1757011774.664924,24516.327,0.060
1757011774.666993,24518.396,0.060
1757011774.669065,24520.469,0.060
1757011774.671135,24522.538,0.060
1757011774.673204,24524.607,0.060
1757011774.675273,24526.677,0.060
1757011774.677342,24528.745,0.060
1757011774.679411,24530.814,0.060
1757011774.681480,24532.883,0.060
1757011774.683548,24534.952,0.060
1757011774.685617,24537.020,0.060
1757011774.687685,24539.089,0.060
1757011774.689754,24541.158,0.060
1757011774.691823,24543.227,0.060
1757011774.693893,24545.296,0.060
1757011774.695963,24547.366,0.060
1757011774.698033,24549.436,0.060
1757011774.700099,24551.502,0.060
1757011774.702168,24553.571,0.060
1757011774.704234,24555.638,0.060
1757011774.706304,24557.707,0.060
1757011774.708371,24559.775,0.060
1757011774.710440,24561.844,0.060
1757011774.712510,24563.914,0.060
1757011774.714579,24565.983,0.060
1757011774.716646,24568.050,0.060
1757011774.718715,24570.119,0.060
1757011774.720783,24572.187,0.060
1757011774.722852,24574.256,0.060
1757011774.724919,24576.323,0.060
1757011774.726988,24578.392,0.060
1757011774.729057,24580.460,0.060
1757011774.731126,24582.529,0.060
1757011774.733193,24584.597,0.060
1757011774.735262,24586.665,0.060
1757011774.737336,24588.739,0.060
1757011774.739405,24590.809,0.060
1757011774.741475,24592.878,0.060
1757011774.743545,24594.948,0.060
1757011774.745614,24597.018,0.060
1757011774.747684,24599.087,0.060
1757011774.749754,24601.157,0.060
1757011774.751823,24603.227,0.060
1757011774.753893,24605.296,0.060
1757011774.755963,24607.366,0.060
1757011774.758032,24609.435,0.060
1757011774.760098,24611.501,0.060
1757011774.762167,24613.570,0.060
1757011774.764235,24615.638,0.060
1757011774.766303,24617.706,0.060
1757011774.768364,24619.768,0.060
1757011774.770429,24621.832,0.060
1757011774.772490,24623.893,0.060
1757011774.774553,24625.956,0.060
1757011774.776614,24628.017,0.060
1757011774.778676,24630.080,0.060
1757011774.780744,24632.148,0.060
1757011774.782813,24634.216,0.060
1757011774.784881,24636.285,0.060
1757011774.786951,24638.354,0.060
1757011774.789020,24640.423,0.060
1757011774.791089,24642.492,0.060
1757011774.793157,24644.561,0.060
1757011774.795227,24646.631,0.060
1757011774.797295,24648.699,0.060
1757011774.799365,24650.768,0.060
1757011774.801435,24652.838,0.060
1757011774.803504,24654.908,0.060
1757011774.805577,24656.981,0.060
1757011774.807648,24659.051,0.060
1757011774.809717,24661.121,0.060
1757011774.811787,24663.190,0.060
1757011774.813858,24665.262,0.060
1757011774.815929,24667.333,0.060
1757011774.818000,24669.404,0.060
1757011774.820067,24671.471,0.060
1757011774.822137,24673.541,0.060
1757011774.824207,24675.610,0.060
1757011774.826276,24677.680,0.060
1757011774.828343,24679.747,0.060
1757011774.830412,24681.816,0.060
1757011774.832481,24683.885,0.060
1757011774.834551,24685.954,0.060
1757011774.836618,24688.021,0.060
1757011774.838687,24690.090,0.060
1757011774.840756,24692.160,0.060
1757011774.842824,24694.228,0.060
1757011774.844892,24696.296,0.060
1757011774.846962,24698.365,0.060
1757011774.849032,24700.436,0.060
1757011774.851101,24702.505,0.060
1757011774.853171,24704.575,0.060
1757011774.855240,24706.644,0.060
1757011774.857309,24708.713,0.060
1757011774.859379,24710.783,0.060
1757011774.861449,24712.853,0.060
1757011774.863519,24714.922,0.060
1757011774.865587,24716.991,0.060
1757011774.867656,24719.060,0.060
1757011774.869725,24721.129,0.060
1757011774.871795,24723.199,0.060
1757011774.873864,24725.267,0.060
1757011774.875933,24727.336,0.060
1757011774.878002,24729.405,0.060
1757011774.880068,24731.472,0.060
1757011774.882136,24733.540,0.060
1757011774.884206,24735.609,0.060
1757011774.886275,24737.678,0.060
1757011774.888341,24739.744,0.060
1757011774.890409,24741.813,0.060
1757011774.892475,24743.879,0.060
1757011774.894545,24745.948,0.060
1757011774.896612,24748.016,0.060
1757011774.898681,24750.084,0.060
1757011774.900748,24752.152,0.060
1757011774.902817,24754.220,0.060
1757011774.904886,24756.290,0.060
1757011774.906955,24758.358,0.060
1757011774.909023,24760.427,0.060
1757011774.911092,24762.495,0.060
1757011774.913160,24764.563,0.060
1757011774.915228,24766.632,0.060
1757011774.917303,24768.706,0.060
1757011774.919371,24770.775,0.060
1757011774.921439,24772.843,0.060
1757011774.923509,24774.912,0.060
1757011774.925578,24776.981,0.060
1757011774.927647,24779.050,0.060
1757011774.929716,24781.119,0.060
1757011774.931786,24783.189,0.060
1757011774.933855,24785.258,0.060
1757011774.935923,24787.327,0.060
1757011774.937991,24789.395,0.060
1757011774.940029,24791.432,0.060
1757011774.942098,24793.501,0.060
1757011774.944166,24795.570,0.060
1757011774.946235,24797.639,0.060
1757011774.948302,24799.705,0.060
1757011774.950371,24801.774,0.060
1757011774.952439,24803.843,0.060
1757011774.954508,24805.912,0.060
1757011774.956577,24807.980,0.060
1757011774.958645,24810.048,0.060
1757011774.960713,24812.117,0.060
1757011774.962782,24814.185,0.060
1757011774.964859,24816.262,0.060
1757011774.966928,24818.331,0.060
1757011774.968996,24820.400,0.060
1757011774.971066,24822.469,0.060
1757011774.973133,24824.537,0.060
1757011774.975201,24826.605,0.060
1757011774.977269,24828.673,0.060
1757011774.979337,24830.740,0.060
1757011774.981404,24832.807,0.060
1757011774.983473,24834.877,0.060
1757011774.985541,24836.945,0.060
1757011774.987611,24839.014,0.060
1757011774.989679,24841.083,0.060
1757011774.991748,24843.151,0.060
1757011774.993816,24845.220,0.060
1757011774.995885,24847.289,0.060
1757011774.997954,24849.358,0.060
1757011775.000020,24851.423,0.060
1757011775.002089,24853.492,0.060
1757011775.004157,24855.561,0.060
1757011775.006226,24857.630,0.060
1757011775.008293,24859.696,0.060
1757011775.010362,24861.766,0.060
1757011775.012431,24863.834,0.060
1757011775.014501,24865.904,0.060
1757011775.016568,24867.972,0.060
1757011775.018638,24870.042,0.060
1757011775.020707,24872.111,0.060
1757011775.022776,24874.180,0.060
1757011775.024843,24876.247,0.060
1757011775.026913,24878.316,0.060
1757011775.028981,24880.385,0.060
1757011775.031049,24882.453,0.060
1757011775.033119,24884.522,0.060
1757011775.035188,24886.591,0.060
1757011775.037256,24888.659,0.060
1757011775.039325,24890.728,0.060
1757011775.041394,24892.797,0.060
1757011775.043463,24894.867,0.060
1757011775.045533,24896.936,0.060
1757011775.047602,24899.006,0.060
1757011775.049670,24901.074,0.060
1757011775.051740,24903.143,0.060
1757011775.053809,24905.212,0.060
1757011775.055878,24907.282,0.060
1757011775.057947,24909.351,0.060
1757011775.060022,24911.425,0.060
1757011775.062092,24913.495,0.060
1757011775.064161,24915.564,0.060
1757011775.066230,24917.633,0.060
1757011775.068297,24919.701,0.060
1757011775.070367,24921.771,0.060
1757011775.072436,24923.839,0.060
1757011775.074504,24925.908,0.060
1757011775.076572,24927.976,0.060
1757011775.078640,24930.044,0.060
1757011775.080708,24932.111,0.060
1757011775.082776,24934.180,0.060
1757011775.084845,24936.248,0.060
1757011775.086913,24938.317,0.060
1757011775.088982,24940.385,0.060
1757011775.091050,24942.454,0.060
1757011775.093118,24944.521,0.060
1757011775.095186,24946.590,0.060
1757011775.097255,24948.659,0.060
1757011775.099324,24950.727,0.060
1757011775.101393,24952.797,0.060
1757011775.103462,24954.865,0.060
1757011775.105530,24956.934,0.060
1757011775.107599,24959.002,0.060
1757011775.109668,24961.072,0.060
1757011775.111737,24963.141,0.060
1757011775.113806,24965.209,0.060
1757011775.115875,24967.278,0.060
1757011775.117943,24969.346,0.060
1757011775.120025,24971.428,0.060
1757011775.122094,24973.498,0.060
1757011775.124163,24975.566,0.060
1757011775.126233,24977.637,0.060
1757011775.128301,24979.704,0.060
1757011775.130371,24981.775,0.060
1757011775.132440,24983.844,0.060
1757011775.134509,24985.913,0.060
1757011775.136579,24987.983,0.060
1757011775.138648,24990.051,0.060
1757011775.140720,24992.123,0.060
1757011775.142787,24994.191,0.060
1757011775.144857,24996.260,0.060
1757011775.146925,24998.329,0.060
1757011775.148993,25000.396,0.060
1757011775.151062,25002.466,0.060
1757011775.153131,25004.535,0.060
1757011775.155200,25006.603,0.060
1757011775.157269,25008.672,0.060
1757011775.159338,25010.741,0.060
1757011775.161407,25012.810,0.060
1757011775.163476,25014.879,0.060
1757011775.165544,25016.948,0.060
1757011775.167612,25019.016,0.060
1757011775.169680,25021.084,0.060
1757011775.171750,25023.153,0.060
1757011775.173818,25025.221,0.060
1757011775.175887,25027.291,0.060
1757011775.177956,25029.360,0.060
1757011775.180021,25031.424,0.060
1757011775.182090,25033.493,0.060
1757011775.184160,25035.563,0.060
1757011775.186229,25037.632,0.060
1757011775.188294,25039.698,0.060
1757011775.190363,25041.767,0.060
1757011775.192433,25043.836,0.060
1757011775.194502,25045.905,0.060
1757011775.196572,25047.976,0.060
1757011775.198644,25050.047,0.060
1757011775.200713,25052.117,0.060
1757011775.202782,25054.185,0.060
1757011775.204851,25056.254,0.060
1757011775.206919,25058.322,0.060
1757011775.208986,25060.390,0.060
1757011775.211055,25062.459,0.060
1757011775.213123,25064.527,0.060
1757011775.215192,25066.596,0.060
1757011775.217261,25068.664,0.060
1757011775.219332,25070.735,0.060
1757011775.221410,25072.813,0.060
1757011775.223483,25074.887,0.060
1757011775.225552,25076.956,0.060
1757011775.227621,25079.025,0.060
1757011775.229690,25081.094,0.060
1757011775.231760,25083.163,0.060
1757011775.233829,25085.233,0.060
1757011775.235899,25087.303,0.060
1757011775.237968,25089.372,0.060
1757011775.240031,25091.434,0.060
1757011775.242100,25093.504,0.060
1757011775.244169,25095.572,0.060
1757011775.246239,25097.643,0.060
1757011775.248307,25099.711,0.060
1757011775.250376,25101.779,0.060
1757011775.252445,25103.849,0.060
1757011775.254515,25105.919,0.060
1757011775.256583,25107.986,0.060
1757011775.258652,25110.056,0.060
1757011775.260720,25112.124,0.060
1757011775.262790,25114.194,0.060
1757011775.264860,25116.264,0.060
1757011775.266929,25118.332,0.060
1757011775.268996,25120.400,0.060
1757011775.271065,25122.468,0.060
1757011775.273133,25124.536,0.060
1757011775.275202,25126.605,0.060
1757011775.277271,25128.674,0.060
1757011775.279339,25130.743,0.060
1757011775.281409,25132.813,0.060
1757011775.283478,25134.882,0.060
1757011775.285548,25136.951,0.060
1757011775.287616,25139.020,0.060
1757011775.289685,25141.089,0.060
1757011775.291754,25143.158,0.060
1757011775.293823,25145.227,0.060
1757011775.295893,25147.297,0.060
1757011775.297963,25149.366,0.060
1757011775.300026,25151.430,0.060
1757011775.302096,25153.499,0.060
1757011775.304165,25155.569,0.060
1757011775.306233,25157.637,0.060
1757011775.308300,25159.703,0.060
1757011775.310370,25161.773,0.060
1757011775.312438,25163.842,0.060
1757011775.314506,25165.910,0.060
1757011775.316574,25167.978,0.060
1757011775.318642,25170.046,0.060
1757011775.320711,25172.114,0.060
1757011775.322779,25174.183,0.060
1757011775.324847,25176.251,0.060
1757011775.326916,25178.319,0.060
1757011775.328984,25180.388,0.060
1757011775.331053,25182.457,0.060
1757011775.333122,25184.526,0.060
1757011775.335191,25186.595,0.060
1757011775.337260,25188.664,0.060
1757011775.339329,25190.733,0.060
1757011775.341398,25192.801,0.060
1757011775.343466,25194.870,0.060
1757011775.345539,25196.943,0.060
1757011775.347609,25199.012,0.060
1757011775.349677,25201.081,0.060
1757011775.351746,25203.150,0.060
1757011775.353814,25205.218,0.060
1757011775.355884,25207.287,0.060
1757011775.357952,25209.356,0.060
1757011775.360022,25211.426,0.060
1757011775.362092,25213.495,0.060
1757011775.364161,25215.564,0.060
1757011775.366229,25217.633,0.060
1757011775.368298,25219.701,0.060
1757011775.370366,25221.770,0.060
1757011775.372435,25223.839,0.060
1757011775.374504,25225.908,0.060
1757011775.376572,25227.975,0.060
1757011775.378655,25230.058,0.060
1757011775.380723,25232.126,0.060
1757011775.382792,25234.195,0.060
1757011775.384858,25236.262,0.060
1757011775.386928,25238.331,0.060
1757011775.388998,25240.401,0.060
1757011775.391067,25242.471,0.060
1757011775.393138,25244.541,0.060
1757011775.395206,25246.610,0.060
1757011775.397277,25248.680,0.060
1757011775.399345,25250.749,0.060
1757011775.401415,25252.818,0.060
1757011775.403484,25254.888,0.060
1757011775.405552,25256.955,0.060
1757011775.407621,25259.024,0.060
1757011775.409689,25261.093,0.060
1757011775.411759,25263.162,0.060
1757011775.413827,25265.231,0.060
1757011775.415897,25267.300,0.060
1757011775.417966,25269.370,0.060
1757011775.420029,25271.432,0.060
1757011775.422097,25273.501,0.060
1757011775.424166,25275.569,0.060
1757011775.426235,25277.638,0.060
1757011775.428302,25279.705,0.060
1757011775.430370,25281.774,0.060
1757011775.432438,25283.841,0.060
1757011775.434507,25285.910,0.060
1757011775.436574,25287.977,0.060
1757011775.438643,25290.046,0.060
1757011775.440711,25292.115,0.060
1757011775.442780,25294.183,0.060
1757011775.444848,25296.251,0.060
1757011775.446915,25298.319,0.060
1757011775.448986,25300.390,0.060
1757011775.451055,25302.459,0.060
1757011775.453124,25304.527,0.060
1757011775.455193,25306.597,0.060
1757011775.457261,25308.665,0.060
1757011775.459331,25310.734,0.060
1757011775.461400,25312.803,0.060
1757011775.463468,25314.872,0.060
1757011775.465537,25316.940,0.060
1757011775.467605,25319.009,0.060
1757011775.469674,25321.077,0.060
1757011775.471743,25323.147,0.060
1757011775.473811,25325.215,0.060
1757011775.475881,25327.284,0.060
1757011775.477948,25329.352,0.060
1757011775.480021,25331.424,0.060
1757011775.482090,25333.493,0.060
1757011775.484158,25335.562,0.060
1757011775.486226,25337.629,0.060
1757011775.488292,25339.695,0.060
1757011775.490362,25341.765,0.060
1757011775.492431,25343.834,0.060
1757011775.494500,25345.904,0.060
1757011775.496571,25347.974,0.060
1757011775.498640,25350.044,0.060
1757011775.500709,25352.112,0.060
1757011775.502778,25354.181,0.060
1757011775.504846,25356.250,0.060
1757011775.506915,25358.319,0.060
1757011775.508984,25360.388,0.060
1757011775.511054,25362.457,0.060
1757011775.513122,25364.525,0.060
1757011775.515192,25366.596,0.060
1757011775.517263,25368.666,0.060
1757011775.519332,25370.736,0.060
1757011775.521401,25372.804,0.060
1757011775.523470,25374.873,0.060
1757011775.525538,25376.942,0.060
1757011775.527607,25379.011,0.060
1757011775.529676,25381.080,0.060
1757011775.531745,25383.149,0.060
1757011775.533813,25385.217,0.060
1757011775.535883,25387.287,0.060
1757011775.537952,25389.355,0.060
1757011775.540021,25391.424,0.060
1757011775.542094,25393.498,0.060
1757011775.544163,25395.566,0.060
1757011775.546232,25397.635,0.060
1757011775.548299,25399.703,0.060
1757011775.550368,25401.772,0.060
1757011775.552438,25403.841,0.060
1757011775.554506,25405.909,0.060
1757011775.556574,25407.978,0.060
1757011775.558642,25410.046,0.060
1757011775.560710,25412.114,0.060
1757011775.562779,25414.182,0.060
1757011775.564846,25416.250,0.060
1757011775.566915,25418.319,0.060
1757011775.568984,25420.388,0.060
1757011775.571052,25422.455,0.060
1757011775.573120,25424.523,0.060
1757011775.575188,25426.592,0.060
1757011775.577256,25428.660,0.060
1757011775.579325,25430.729,0.060
1757011775.581393,25432.796,0.060
1757011775.583463,25434.866,0.060
1757011775.585532,25436.936,0.060
1757011775.587600,25439.004,0.060
1757011775.589669,25441.073,0.060
1757011775.591738,25443.142,0.060
1757011775.593807,25445.211,0.060
1757011775.595876,25447.280,0.060
1757011775.597945,25449.349,0.060
1757011775.600026,25451.430,0.060
1757011775.602095,25453.499,0.060
1757011775.604164,25455.567,0.060
1757011775.606232,25457.636,0.060
1757011775.608299,25459.702,0.060
1757011775.610372,25461.775,0.060
1757011775.612444,25463.847,0.060
1757011775.614514,25465.917,0.060
1757011775.616582,25467.986,0.060
1757011775.618651,25470.055,0.060
1757011775.620718,25472.122,0.060
1757011775.622788,25474.192,0.060
1757011775.624855,25476.259,0.060
1757011775.626924,25478.328,0.060
1757011775.628993,25480.397,0.060
1757011775.631062,25482.466,0.060
1757011775.633131,25484.535,0.060
1757011775.635201,25486.604,0.060
1757011775.637270,25488.673,0.060
1757011775.639339,25490.743,0.060
1757011775.641408,25492.812,0.060
1757011775.643477,25494.880,0.060
1757011775.645555,25496.958,0.060
1757011775.647625,25499.028,0.060
1757011775.649694,25501.097,0.060
1757011775.651764,25503.167,0.060
1757011775.653832,25505.235,0.060
1757011775.655901,25507.305,0.060
1757011775.657970,25509.374,0.060
1757011775.660023,25511.427,0.060
1757011775.662093,25513.497,0.060
1757011775.664163,25515.566,0.060
1757011775.666231,25517.635,0.060
1757011775.668299,25519.703,0.060
1757011775.670369,25521.772,0.060
1757011775.672438,25523.842,0.060
1757011775.674507,25525.911,0.060
1757011775.676575,25527.979,0.060
1757011775.678644,25530.048,0.060
1757011775.680713,25532.117,0.060
1757011775.682782,25534.186,0.060
1757011775.684850,25536.253,0.060
1757011775.686918,25538.322,0.060
1757011775.688987,25540.391,0.060
1757011775.691056,25542.459,0.060
1757011775.693125,25544.528,0.060
1757011775.695194,25546.597,0.060
1757011775.697263,25548.666,0.060
1757011775.699331,25550.735,0.060
1757011775.701405,25552.808,0.060
1757011775.703474,25554.878,0.060
1757011775.705544,25556.947,0.060
1757011775.707613,25559.016,0.060
1757011775.709682,25561.085,0.060
1757011775.711751,25563.155,0.060
1757011775.713820,25565.223,0.060
1757011775.715889,25567.293,0.060
1757011775.717958,25569.361,0.060
1757011775.720026,25571.429,0.060
1757011775.722095,25573.498,0.060
1757011775.724163,25575.567,0.060
1757011775.726232,25577.635,0.060
1757011775.728299,25579.702,0.060
1757011775.730368,25581.771,0.060
1757011775.732437,25583.840,0.060
1757011775.734507,25585.910,0.060
1757011775.736574,25587.977,0.060
1757011775.738645,25590.049,0.060
1757011775.740713,25592.117,0.060
1757011775.742784,25594.188,0.060
1757011775.744856,25596.260,0.060
1757011775.746927,25598.330,0.060
1757011775.748996,25600.399,0.060
1757011775.751066,25602.469,0.060
1757011775.753134,25604.537,0.060
1757011775.755204,25606.608,0.060
1757011775.757273,25608.677,0.060
1757011775.759343,25610.747,0.060
1757011775.761415,25612.819,0.060
1757011775.763485,25614.889,0.060
1757011775.765554,25616.958,0.060
1757011775.767624,25619.028,0.060
1757011775.769694,25621.097,0.060
1757011775.771764,25623.167,0.060
1757011775.773833,25625.237,0.060
1757011775.775903,25627.306,0.060
1757011775.777972,25629.376,0.060
1757011775.780021,25631.425,0.060
1757011775.782090,25633.493,0.060
1757011775.784160,25635.563,0.060
1757011775.786228,25637.632,0.060
1757011775.788295,25639.698,0.060
1757011775.790364,25641.768,0.060
1757011775.792432,25643.836,0.060
1757011775.794502,25645.905,0.060
1757011775.796569,25647.972,0.060
1757011775.798638,25650.041,0.060
1757011775.800709,25652.112,0.060
1757011775.802778,25654.181,0.060
1757011775.804847,25656.250,0.060
1757011775.806916,25658.319,0.060
1757011775.808985,25660.388,0.060
1757011775.811054,25662.457,0.060
1757011775.813125,25664.529,0.060
1757011775.815194,25666.597,0.060
1757011775.817261,25668.665,0.060
1757011775.819331,25670.735,0.060
1757011775.821411,25672.814,0.060
1757011775.823480,25674.883,0.060
1757011775.825549,25676.952,0.060
1757011775.827619,25679.022,0.060
1757011775.829688,25681.091,0.060
1757011775.831757,25683.160,0.060
1757011775.833825,25685.229,0.060
1757011775.835895,25687.299,0.060
1757011775.837964,25689.368,0.060
1757011775.840024,25691.428,0.060
1757011775.842094,25693.498,0.060
1757011775.844163,25695.567,0.060
1757011775.846232,25697.636,0.060
1757011775.848300,25699.703,0.060
1757011775.850368,25701.772,0.060
1757011775.852438,25703.841,0.060
1757011775.854506,25705.910,0.060
1757011775.856575,25707.979,0.060
1757011775.858644,25710.048,0.060
1757011775.860713,25712.116,0.060
1757011775.862782,25714.185,0.060
1757011775.864851,25716.255,0.060
1757011775.866921,25718.324,0.060
1757011775.868990,25720.393,0.060
1757011775.871059,25722.463,0.060
1757011775.873130,25724.534,0.060
1757011775.875200,25726.603,0.060
1757011775.877269,25728.672,0.060
1757011775.879338,25730.741,0.060
1757011775.881411,25732.815,0.060
1757011775.883481,25734.885,0.060
1757011775.885550,25736.954,0.060
1757011775.887619,25739.023,0.060
1757011775.889688,25741.091,0.060
1757011775.891758,25743.161,0.060
1757011775.893827,25745.230,0.060
1757011775.895896,25747.299,0.060
1757011775.897966,25749.369,0.060
1757011775.900024,25751.428,0.060
1757011775.902093,25753.496,0.060
1757011775.904161,25755.565,0.060
1757011775.906230,25757.634,0.060
1757011775.908298,25759.701,0.060
1757011775.910367,25761.770,0.060
1757011775.912435,25763.839,0.060
1757011775.914504,25765.908,0.060
1757011775.916573,25767.976,0.060
1757011775.918641,25770.045,0.060
1757011775.920709,25772.113,0.060
1757011775.922779,25774.183,0.060
1757011775.924848,25776.251,0.060
1757011775.926917,25778.321,0.060
1757011775.928991,25780.395,0.060
1757011775.931060,25782.463,0.060
1757011775.933129,25784.533,0.060
1757011775.935198,25786.601,0.060
1757011775.937268,25788.671,0.060
1757011775.939337,25790.740,0.060
1757011775.941407,25792.810,0.060
1757011775.943476,25794.880,0.060
1757011775.945545,25796.948,0.060
1757011775.947615,25799.018,0.060
1757011775.949684,25801.087,0.060
1757011775.951754,25803.157,0.060
1757011775.953823,25805.226,0.060
1757011775.955891,25807.295,0.060
1757011775.957959,25809.363,0.060
1757011775.960028,25811.432,0.060
1757011775.962097,25813.500,0.060
1757011775.964166,25815.570,0.060
1757011775.966235,25817.639,0.060
1757011775.968303,25819.707,0.060
1757011775.970373,25821.777,0.060
1757011775.972442,25823.845,0.060
1757011775.974511,25825.914,0.060
1757011775.976578,25827.981,0.060
1757011775.978645,25830.049,0.060
1757011775.980712,25832.116,0.060
1757011775.982780,25834.183,0.060
1757011775.984850,25836.254,0.060
1757011775.986920,25838.323,0.060
1757011775.988988,25840.391,0.060
1757011775.991057,25842.461,0.060
1757011775.993125,25844.529,0.060
1757011775.995195,25846.598,0.060
1757011775.997264,25848.668,0.060
1757011775.999333,25850.737,0.060
1757011776.001403,25852.806,0.060
1757011776.003472,25854.875,0.060
1757011776.005540,25856.944,0.060
1757011776.007610,25859.013,0.060
1757011776.009679,25861.082,0.060
1757011776.011749,25863.153,0.060
1757011776.013818,25865.222,0.060
1757011776.015887,25867.291,0.060
1757011776.017956,25869.360,0.060
1757011776.020019,25871.423,0.060
1757011776.022089,25873.492,0.060
1757011776.024157,25875.560,0.060
1757011776.026225,25877.629,0.060
1757011776.028292,25879.696,0.060
1757011776.030359,25881.763,0.060
1757011776.032427,25883.831,0.060
1757011776.034495,25885.899,0.060
1757011776.036562,25887.966,0.060
1757011776.038632,25890.035,0.060
1757011776.040701,25892.105,0.060
1757011776.042773,25894.176,0.060
1757011776.044843,25896.246,0.060
1757011776.046912,25898.316,0.060
1757011776.048981,25900.385,0.060
1757011776.051050,25902.453,0.060
1757011776.053120,25904.523,0.060
1757011776.055188,25906.591,0.060
1757011776.057257,25908.660,0.060
1757011776.059326,25910.729,0.060
1757011776.061394,25912.798,0.060
1757011776.063463,25914.867,0.060
1757011776.065532,25916.935,0.060
1757011776.067600,25919.004,0.060
1757011776.069669,25921.072,0.060
1757011776.071738,25923.141,0.060
1757011776.073807,25925.211,0.060
1757011776.075878,25927.281,0.060
1757011776.077946,25929.350,0.060
1757011776.080019,25931.423,0.060
1757011776.082088,25933.491,0.060
1757011776.084157,25935.560,0.060
1757011776.086226,25937.629,0.060
1757011776.088292,25939.696,0.060
1757011776.090362,25941.765,0.060
1757011776.092431,25943.834,0.060
1757011776.094503,25945.906,0.060
1757011776.096574,25947.978,0.060
1757011776.098643,25950.047,0.060
1757011776.100712,25952.116,0.060
1757011776.102781,25954.184,0.060
1757011776.104849,25956.252,0.060
1757011776.106918,25958.321,0.060
1757011776.108987,25960.391,0.060
1757011776.111056,25962.459,0.060
1757011776.113122,25964.526,0.060
1757011776.115191,25966.594,0.060
1757011776.117260,25968.663,0.060
1757011776.119328,25970.732,0.060
1757011776.121399,25972.803,0.060
1757011776.123469,25974.873,0.060
1757011776.125538,25976.942,0.060
1757011776.127608,25979.011,0.060
1757011776.129677,25981.080,0.060
1757011776.131746,25983.149,0.060
1757011776.133815,25985.218,0.060
1757011776.135885,25987.288,0.060
1757011776.137954,25989.358,0.060
1757011776.140027,25991.430,0.060
1757011776.142096,25993.500,0.060
1757011776.144165,25995.568,0.060
1757011776.146236,25997.639,0.060
1757011776.148303,25999.706,0.060
1757011776.150372,26001.775,0.060
1757011776.152441,26003.844,0.060
1757011776.154509,26005.913,0.060
1757011776.156577,26007.981,0.060
1757011776.158646,26010.050,0.060
1757011776.160714,26012.117,0.060
1757011776.162782,26014.186,0.060
1757011776.164850,26016.254,0.060
1757011776.166920,26018.323,0.060
1757011776.168989,26020.392,0.060
1757011776.171058,26022.461,0.060
1757011776.173126,26024.529,0.060
1757011776.175194,26026.598,0.060
1757011776.177263,26028.667,0.060
1757011776.179331,26030.735,0.060
1757011776.181400,26032.804,0.060
1757011776.183469,26034.873,0.060
1757011776.185538,26036.941,0.060
1757011776.187607,26039.010,0.060
1757011776.189675,26041.079,0.060
1757011776.191745,26043.149,0.060
1757011776.193815,26045.218,0.060
1757011776.195884,26047.288,0.060
1757011776.197953,26049.356,0.060
1757011776.200025,26051.429,0.060
1757011776.202094,26053.498,0.060
1757011776.204163,26055.567,0.060
1757011776.206233,26057.636,0.060
1757011776.208299,26059.702,0.060
1757011776.210367,26061.771,0.060
1757011776.212436,26063.839,0.060
1757011776.214505,26065.908,0.060
1757011776.216572,26067.975,0.060
1757011776.218644,26070.048,0.060
1757011776.220713,26072.117,0.060
1757011776.222782,26074.186,0.060
1757011776.224850,26076.254,0.060
1757011776.226919,26078.323,0.060
1757011776.228988,26080.391,0.060
1757011776.231059,26082.463,0.060
1757011776.233129,26084.532,0.060
1757011776.235198,26086.602,0.060
1757011776.237268,26088.672,0.060
1757011776.239337,26090.740,0.060
1757011776.241407,26092.811,0.060
1757011776.243477,26094.880,0.060
1757011776.245545,26096.948,0.060
1757011776.247614,26099.017,0.060
1757011776.249682,26101.086,0.060
1757011776.251752,26103.156,0.060
1757011776.253821,26105.225,0.060
1757011776.255891,26107.294,0.060
1757011776.257959,26109.363,0.060
1757011776.260026,26111.430,0.060
1757011776.262095,26113.499,0.060
1757011776.264163,26115.566,0.060
1757011776.266232,26117.636,0.060
1757011776.268299,26119.703,0.060
1757011776.270368,26121.772,0.060
1757011776.272436,26123.840,0.060
1757011776.274505,26125.908,0.060
1757011776.276573,26127.977,0.060
1757011776.278642,26130.045,0.060
1757011776.280712,26132.116,0.060
1757011776.282781,26134.185,0.060
1757011776.284849,26136.252,0.060
1757011776.286917,26138.321,0.060
1757011776.288987,26140.391,0.060
1757011776.291057,26142.460,0.060
1757011776.293126,26144.529,0.060
1757011776.295196,26146.599,0.060
1757011776.297263,26148.667,0.060
1757011776.299333,26150.736,0.060
1757011776.301401,26152.805,0.060
1757011776.303471,26154.874,0.060
1757011776.305540,26156.943,0.060
1757011776.307609,26159.012,0.060
1757011776.309678,26161.081,0.060
1757011776.311747,26163.151,0.060
1757011776.313815,26165.219,0.060
1757011776.315886,26167.289,0.060
1757011776.317955,26169.358,0.060
1757011776.320024,26171.427,0.060
1757011776.322092,26173.495,0.060
1757011776.324162,26175.565,0.060
1757011776.326231,26177.634,0.060
1757011776.328297,26179.701,0.060
1757011776.330366,26181.770,0.060
1757011776.332433,26183.837,0.060
1757011776.334502,26185.906,0.060
1757011776.336569,26187.973,0.060
1757011776.338638,26190.042,0.060
1757011776.340707,26192.110,0.060
1757011776.342775,26194.179,0.060
1757011776.344844,26196.248,0.060
1757011776.346913,26198.317,0.060
1757011776.348982,26200.386,0.060
1757011776.351051,26202.455,0.060
1757011776.353120,26204.523,0.060
1757011776.355189,26206.593,0.060
1757011776.357259,26208.662,0.060
1757011776.359328,26210.731,0.060
1757011776.361397,26212.801,0.060
1757011776.363466,26214.869,0.060
1757011776.365535,26216.939,0.060
1757011776.367605,26219.008,0.060
1757011776.369675,26221.078,0.060
1757011776.371743,26223.147,0.060
1757011776.373811,26225.215,0.060
1757011776.375880,26227.283,0.060
1757011776.377948,26229.351,0.060
1757011776.380026,26231.429,0.060
1757011776.382095,26233.499,0.060
1757011776.384164,26235.567,0.060
1757011776.386233,26237.637,0.060
1757011776.388300,26239.703,0.060
1757011776.390368,26241.772,0.060
1757011776.392437,26243.840,0.060
1757011776.394506,26245.909,0.060
1757011776.396572,26247.975,0.060
1757011776.398641,26250.045,0.060
1757011776.400710,26252.114,0.060
1757011776.402780,26254.183,0.060
1757011776.404849,26256.252,0.060
1757011776.406917,26258.320,0.060
1757011776.408985,26260.388,0.060
1757011776.411054,26262.457,0.060
1757011776.413123,26264.527,0.060
1757011776.415192,26266.596,0.060
1757011776.417261,26268.664,0.060
1757011776.419330,26270.734,0.060
1757011776.421400,26272.804,0.060
1757011776.423470,26274.873,0.060
1757011776.425539,26276.942,0.060
1757011776.427608,26279.011,0.060
1757011776.429677,26281.081,0.060
1757011776.431746,26283.149,0.060
1757011776.433815,26285.218,0.060
1757011776.435885,26287.288,0.060
1757011776.437954,26289.358,0.060
1757011776.440027,26291.430,0.060
1757011776.442095,26293.499,0.060
1757011776.444164,26295.567,0.060
1757011776.446233,26297.636,0.060
1757011776.448299,26299.703,0.060
1757011776.450367,26301.771,0.060
1757011776.452434,26303.838,0.060
1757011776.454503,26305.906,0.060
1757011776.456571,26307.975,0.060
1757011776.458640,26310.044,0.060
1757011776.460710,26312.113,0.060
1757011776.462780,26314.183,0.060
1757011776.464847,26316.251,0.060
1757011776.466917,26318.320,0.060
1757011776.468985,26320.389,0.060
1757011776.471054,26322.458,0.060
1757011776.473122,26324.525,0.060
1757011776.475190,26326.593,0.060
1757011776.477258,26328.662,0.060
1757011776.479328,26330.731,0.060
1757011776.481398,26332.802,0.060
1757011776.483472,26334.876,0.060
1757011776.485545,26336.949,0.060
1757011776.487615,26339.018,0.060
1757011776.489684,26341.087,0.060
1757011776.491753,26343.156,0.060
1757011776.493823,26345.226,0.060
1757011776.495891,26347.294,0.060
1757011776.497960,26349.363,0.060
1757011776.500026,26351.429,0.060
1757011776.502094,26353.498,0.060
1757011776.504163,26355.567,0.060
1757011776.506233,26357.636,0.060
1757011776.508300,26359.704,0.060
1757011776.510369,26361.772,0.060
1757011776.512436,26363.840,0.060
1757011776.514505,26365.908,0.060
1757011776.516573,26367.976,0.060
1757011776.518641,26370.045,0.060
1757011776.520711,26372.114,0.060
1757011776.522780,26374.183,0.060
1757011776.524847,26376.251,0.060
1757011776.526916,26378.320,0.060
1757011776.528986,26380.389,0.060
1757011776.531055,26382.458,0.060
1757011776.533124,26384.527,0.060
1757011776.535193,26386.597,0.060
1757011776.537261,26388.665,0.060
1757011776.539331,26390.734,0.060
1757011776.541406,26392.809,0.060
1757011776.543475,26394.878,0.060
1757011776.545544,26396.948,0.060
1757011776.547613,26399.016,0.060
1757011776.549682,26401.085,0.060
1757011776.551752,26403.155,0.060
1757011776.553820,26405.224,0.060
1757011776.555889,26407.292,0.060
1757011776.557958,26409.362,0.060
1757011776.560020,26411.423,0.060
1757011776.562088,26413.491,0.060
1757011776.564157,26415.560,0.060
1757011776.566225,26417.629,0.060
1757011776.568293,26419.697,0.060
1757011776.570361,26421.765,0.060
1757011776.572430,26423.834,0.060
1757011776.574498,26425.901,0.060
1757011776.576566,26427.969,0.060
1757011776.578638,26430.041,0.060
1757011776.580709,26432.112,0.060
1757011776.582779,26434.183,0.060
1757011776.584847,26436.250,0.060
1757011776.586916,26438.320,0.060
1757011776.588986,26440.389,0.060
1757011776.591054,26442.457,0.060
1757011776.593124,26444.528,0.060
1757011776.595194,26446.597,0.060
1757011776.597263,26448.666,0.060
1757011776.599332,26450.735,0.060
1757011776.601402,26452.806,0.060
1757011776.603471,26454.875,0.060
1757011776.605542,26456.945,0.060
1757011776.607611,26459.015,0.060
1757011776.609681,26461.084,0.060
1757011776.611749,26463.153,0.060
1757011776.613818,26465.222,0.060
1757011776.615888,26467.292,0.060
1757011776.617957,26469.361,0.060
1757011776.620022,26471.425,0.060
1757011776.622090,26473.494,0.060
1757011776.624158,26475.562,0.060
1757011776.626227,26477.631,0.060
1757011776.628295,26479.698,0.060
1757011776.630365,26481.769,0.060
1757011776.632432,26483.836,0.060
1757011776.634501,26485.905,0.060
1757011776.636568,26487.972,0.060
1757011776.638637,26490.041,0.060
1757011776.640707,26492.111,0.060
1757011776.642776,26494.180,0.060
1757011776.644845,26496.248,0.060
1757011776.646914,26498.317,0.060
1757011776.648984,26500.387,0.060
1757011776.651053,26502.456,0.060
1757011776.653121,26504.524,0.060
1757011776.655190,26506.593,0.060
1757011776.657263,26508.666,0.060
1757011776.659332,26510.736,0.060
1757011776.661402,26512.806,0.060
1757011776.663472,26514.876,0.060
1757011776.665541,26516.944,0.060
1757011776.667610,26519.013,0.060
1757011776.669678,26521.081,0.060
1757011776.671746,26523.150,0.060
1757011776.673816,26525.219,0.060
1757011776.675885,26527.288,0.060
1757011776.677954,26529.357,0.060
1757011776.680026,26531.430,0.060
1757011776.682096,26533.499,0.060
1757011776.684164,26535.568,0.060
1757011776.686233,26537.636,0.060
1757011776.688299,26539.703,0.060
1757011776.690367,26541.771,0.060
1757011776.692436,26543.839,0.060
1757011776.694504,26545.908,0.060
1757011776.696572,26547.975,0.060
1757011776.698641,26550.045,0.060
1757011776.700709,26552.113,0.060
1757011776.702778,26554.182,0.060
1757011776.704848,26556.251,0.060
1757011776.706918,26558.322,0.060
1757011776.708986,26560.390,0.060
1757011776.711055,26562.459,0.060
1757011776.713124,26564.528,0.060
1757011776.715193,26566.597,0.060
1757011776.717264,26568.667,0.060
1757011776.719333,26570.736,0.060
1757011776.721403,26572.807,0.060
1757011776.723472,26574.876,0.060
1757011776.725540,26576.944,0.060
1757011776.727609,26579.013,0.060
1757011776.729678,26581.081,0.060
1757011776.731747,26583.150,0.060
1757011776.733817,26585.220,0.060
1757011776.735886,26587.289,0.060
1757011776.737954,26589.358,0.060
1757011776.740030,26591.434,0.060
1757011776.742099,26593.503,0.060
1757011776.744168,26595.571,0.060
1757011776.746237,26597.641,0.060
1757011776.748304,26599.708,0.060
1757011776.750374,26601.777,0.060
1757011776.752441,26603.844,0.060
1757011776.754510,26605.914,0.060
1757011776.756579,26607.982,0.060
1757011776.758647,26610.050,0.060
1757011776.760716,26612.120,0.060
1757011776.762785,26614.188,0.060
1757011776.764853,26616.256,0.060
1757011776.766922,26618.326,0.060
1757011776.768993,26620.397,0.060
1757011776.771063,26622.466,0.060
1757011776.773129,26624.533,0.060
1757011776.775198,26626.601,0.060
1757011776.777267,26628.670,0.060
1757011776.779336,26630.739,0.060
1757011776.781406,26632.809,0.060
1757011776.783474,26634.878,0.060
1757011776.785543,26636.946,0.060
1757011776.787613,26639.017,0.060
1757011776.789683,26641.087,0.060
1757011776.791752,26643.156,0.060
1757011776.793821,26645.225,0.060
1757011776.795890,26647.294,0.060
1757011776.797959,26649.362,0.060
1757011776.800027,26651.431,0.060
1757011776.802096,26653.500,0.060
1757011776.804165,26655.568,0.060
1757011776.806233,26657.637,0.060
1757011776.808300,26659.704,0.060
1757011776.810369,26661.773,0.060
1757011776.812438,26663.841,0.060
1757011776.814507,26665.910,0.060
1757011776.816575,26667.978,0.060
1757011776.818644,26670.048,0.060
1757011776.820713,26672.117,0.060
1757011776.822782,26674.186,0.060
1757011776.824853,26676.256,0.060
1757011776.826921,26678.325,0.060
1757011776.828990,26680.393,0.060
1757011776.831058,26682.462,0.060
1757011776.833128,26684.531,0.060
1757011776.835196,26686.599,0.060
1757011776.837265,26688.668,0.060
1757011776.839333,26690.737,0.060
1757011776.841403,26692.806,0.060
1757011776.843472,26694.876,0.060
1757011776.845541,26696.945,0.060
1757011776.847611,26699.014,0.060
1757011776.849681,26701.084,0.060
1757011776.851750,26703.154,0.060
1757011776.853819,26705.223,0.060
1757011776.855888,26707.292,0.060
1757011776.857957,26709.360,0.060
1757011776.860027,26711.431,0.060
1757011776.862096,26713.499,0.060
1757011776.864165,26715.569,0.060
1757011776.866234,26717.637,0.060
1757011776.868300,26719.704,0.060
1757011776.870369,26721.773,0.060
1757011776.872436,26723.840,0.060
1757011776.874504,26725.908,0.060
1757011776.876572,26727.975,0.060
1757011776.878640,26730.044,0.060
1757011776.880711,26732.115,0.060
1757011776.882780,26734.183,0.060
1757011776.884846,26736.249,0.060
1757011776.886914,26738.318,0.060
1757011776.888984,26740.388,0.060
1757011776.891053,26742.456,0.060
1757011776.893122,26744.526,0.060
1757011776.895191,26746.594,0.060
1757011776.897259,26748.662,0.060
1757011776.899327,26750.731,0.060
1757011776.901397,26752.801,0.060
1757011776.903466,26754.870,0.060
1757011776.905538,26756.941,0.060
1757011776.907607,26759.010,0.060
1757011776.909675,26761.079,0.060
1757011776.911745,26763.148,0.060
1757011776.913813,26765.216,0.060
1757011776.915881,26767.285,0.060
1757011776.917950,26769.354,0.060
1757011776.920028,26771.431,0.060
1757011776.922098,26773.501,0.060
1757011776.924167,26775.571,0.060
1757011776.926236,26777.640,0.060
1757011776.928304,26779.708,0.060
1757011776.930373,26781.776,0.060
1757011776.932441,26783.845,0.060
1757011776.934509,26785.913,0.060
1757011776.936579,26787.982,0.060
1757011776.938648,26790.051,0.060
1757011776.940716,26792.119,0.060
1757011776.942785,26794.188,0.060
1757011776.944853,26796.257,0.060
1757011776.946922,26798.326,0.060
1757011776.948993,26800.396,0.060
1757011776.951062,26802.465,0.060
1757011776.953130,26804.533,0.060
1757011776.955198,26806.602,0.060
1757011776.957268,26808.672,0.060
1757011776.959337,26810.741,0.060
1757011776.961407,26812.811,0.060
1757011776.963476,26814.880,0.060
1757011776.965545,26816.949,0.060
1757011776.967615,26819.019,0.060
1757011776.969687,26821.090,0.060
1757011776.971757,26823.160,0.060
1757011776.973826,26825.229,0.060
1757011776.975895,26827.298,0.060
1757011776.977963,26829.367,0.060
1757011776.980027,26831.431,0.060
1757011776.982096,26833.499,0.060
1757011776.984165,26835.568,0.060
1757011776.986233,26837.636,0.060
1757011776.988300,26839.703,0.060
1757011776.990369,26841.772,0.060
1757011776.992436,26843.840,0.060
1757011776.994505,26845.908,0.060
1757011776.996572,26847.975,0.060
1757011776.998640,26850.044,0.060
1757011777.000709,26852.113,0.060
1757011777.002778,26854.182,0.060
1757011777.004848,26856.252,0.060
1757011777.006917,26858.321,0.060
1757011777.008986,26860.389,0.060
1757011777.011054,26862.458,0.060
1757011777.013124,26864.527,0.060
1757011777.015193,26866.596,0.060
1757011777.017259,26868.663,0.060
1757011777.019328,26870.732,0.060
1757011777.021397,26872.801,0.060
1757011777.023467,26874.871,0.060
1757011777.025536,26876.940,0.060
1757011777.027606,26879.009,0.060
1757011777.029674,26881.078,0.060
1757011777.031744,26883.147,0.060
1757011777.033812,26885.216,0.060
1757011777.035882,26887.285,0.060
1757011777.037951,26889.354,0.060
1757011777.040027,26891.430,0.060
1757011777.042096,26893.500,0.060
1757011777.044165,26895.568,0.060
1757011777.046234,26897.638,0.060
1757011777.048301,26899.705,0.060
1757011777.050370,26901.773,0.060
1757011777.052439,26903.842,0.060
1757011777.054508,26905.911,0.060
1757011777.056576,26907.979,0.060
1757011777.058645,26910.049,0.060
1757011777.060715,26912.118,0.060
1757011777.062786,26914.189,0.060
1757011777.064856,26916.259,0.060
1757011777.066926,26918.329,0.060
1757011777.068995,26920.398,0.060
1757011777.071064,26922.467,0.060
1757011777.073131,26924.535,0.060
1757011777.075200,26926.604,0.060
1757011777.077270,26928.674,0.060
1757011777.079339,26930.742,0.060
1757011777.081409,26932.813,0.060
1757011777.083479,26934.882,0.060
1757011777.085547,26936.950,0.060
1757011777.087616,26939.019,0.060
1757011777.089685,26941.089,0.060
1757011777.091754,26943.158,0.060
1757011777.093823,26945.226,0.060
1757011777.095892,26947.296,0.060
1757011777.097960,26949.364,0.060
1757011777.100026,26951.429,0.060
1757011777.102095,26953.498,0.060
1757011777.104163,26955.566,0.060
1757011777.106232,26957.636,0.060
1757011777.108299,26959.702,0.060
1757011777.110368,26961.771,0.060
1757011777.112852,26964.255,0.060
1757011777.114929,26966.333,0.060
1757011777.116998,26968.402,0.060
1757011777.119069,26970.473,0.060
1757011777.121139,26972.543,0.060
1757011777.123209,26974.613,0.060
1757011777.125279,26976.683,0.060
1757011777.127347,26978.751,0.060
1757011777.129424,26980.827,0.060
1757011777.131493,26982.897,0.060
1757011777.133562,26984.966,0.060
1757011777.135632,26987.036,0.060
1757011777.137701,26989.104,0.060
1757011777.139769,26991.172,0.060
1757011777.141838,26993.241,0.060
1757011777.143907,26995.310,0.060
1757011777.145977,26997.380,0.060
1757011777.148026,26999.429,0.060
1757011777.150095,27001.498,0.060
1757011777.152164,27003.567,0.060
1757011777.154233,27005.636,0.060
1757011777.156299,27007.703,0.060
1757011777.158369,27009.772,0.060
1757011777.160436,27011.840,0.060
1757011777.162506,27013.909,0.060
1757011777.164574,27015.977,0.060
1757011777.166643,27018.047,0.060
1757011777.168712,27020.115,0.060
1757011777.170781,27022.185,0.060
1757011777.172848,27024.252,0.060
1757011777.174917,27026.321,0.060
1757011777.176986,27028.390,0.060
1757011777.179055,27030.459,0.060
1757011777.181123,27032.526,0.060
1757011777.183191,27034.594,0.060
1757011777.185261,27036.664,0.060
1757011777.187330,27038.733,0.060
1757011777.189405,27040.808,0.060
1757011777.191476,27042.879,0.060
1757011777.193545,27044.948,0.060
1757011777.195613,27047.017,0.060
1757011777.197682,27049.086,0.060
1757011777.199752,27051.155,0.060
1757011777.201820,27053.224,0.060
1757011777.203890,27055.293,0.060
1757011777.205958,27057.361,0.060
1757011777.208025,27059.428,0.060
1757011777.210093,27061.497,0.060
1757011777.212162,27063.565,0.060
1757011777.214231,27065.634,0.060
1757011777.216299,27067.702,0.060
1757011777.218368,27069.772,0.060
1757011777.220438,27071.841,0.060
1757011777.222517,27073.920,0.060
1757011777.224585,27075.989,0.060
1757011777.226655,27078.058,0.060
1757011777.228724,27080.127,0.060
1757011777.230793,27082.197,0.060
1757011777.232862,27084.265,0.060
1757011777.234931,27086.335,0.060
1757011777.237000,27088.403,0.060
1757011777.239068,27090.471,0.060
1757011777.241136,27092.539,0.060
1757011777.243204,27094.608,0.060
1757011777.245274,27096.678,0.060
1757011777.247343,27098.746,0.060
1757011777.249411,27100.815,0.060
1757011777.251481,27102.884,0.060
1757011777.253548,27104.952,0.060
1757011777.255617,27107.021,0.060
1757011777.257686,27109.089,0.060
1757011777.259755,27111.158,0.060
1757011777.261823,27113.227,0.060
1757011777.263892,27115.296,0.060
1757011777.265961,27117.365,0.060
1757011777.268026,27119.429,0.060
1757011777.270095,27121.499,0.060
1757011777.272164,27123.568,0.060
1757011777.274232,27125.636,0.060
1757011777.276299,27127.703,0.060
1757011777.278368,27129.771,0.060
1757011777.280437,27131.841,0.060
1757011777.282506,27133.910,0.060
1757011777.284573,27135.977,0.060
1757011777.286642,27138.045,0.060
1757011777.288711,27140.115,0.060
1757011777.290780,27142.183,0.060
1757011777.292849,27144.253,0.060
1757011777.294918,27146.321,0.060
1757011777.296988,27148.391,0.060
1757011777.299057,27150.460,0.060
1757011777.301126,27152.529,0.060
1757011777.303194,27154.597,0.060
1757011777.305262,27156.666,0.060
1757011777.307331,27158.734,0.060
1757011777.309400,27160.804,0.060
1757011777.311469,27162.873,0.060
1757011777.313539,27164.942,0.060
1757011777.315608,27167.012,0.060
1757011777.317677,27169.080,0.060
1757011777.319746,27171.150,0.060
1757011777.321815,27173.218,0.060
1757011777.323883,27175.287,0.060
1757011777.325952,27177.356,0.060
1757011777.328026,27179.429,0.060
1757011777.330095,27181.498,0.060
1757011777.332164,27183.567,0.060
1757011777.334233,27185.637,0.060
1757011777.336301,27187.705,0.060
1757011777.338370,27189.774,0.060
1757011777.340437,27191.841,0.060
1757011777.342506,27193.909,0.060
1757011777.344573,27195.977,0.060
1757011777.346642,27198.045,0.060
1757011777.348710,27200.114,0.060
1757011777.350779,27202.182,0.060
1757011777.352848,27204.251,0.060
1757011777.354916,27206.320,0.060
1757011777.356985,27208.389,0.060
1757011777.359054,27210.457,0.060
1757011777.361121,27212.525,0.060
1757011777.363190,27214.593,0.060
1757011777.365259,27216.662,0.060
1757011777.367327,27218.731,0.060
1757011777.369396,27220.799,0.060
1757011777.371465,27222.868,0.060
1757011777.373533,27224.937,0.060
1757011777.375603,27227.006,0.060
1757011777.377671,27229.075,0.060
1757011777.379741,27231.144,0.060
1757011777.381810,27233.213,0.060
1757011777.383879,27235.283,0.060
1757011777.385948,27237.351,0.060
1757011777.388028,27239.432,0.060
1757011777.390097,27241.500,0.060
1757011777.392166,27243.569,0.060
1757011777.394235,27245.638,0.060
1757011777.396302,27247.705,0.060
1757011777.398372,27249.775,0.060
1757011777.400441,27251.844,0.060
1757011777.402509,27253.913,0.060
1757011777.404577,27255.980,0.060
1757011777.406646,27258.049,0.060
1757011777.408715,27260.118,0.060
1757011777.410783,27262.187,0.060
1757011777.412853,27264.256,0.060
1757011777.414922,27266.325,0.060
1757011777.416991,27268.394,0.060
1757011777.419059,27270.462,0.060
1757011777.421126,27272.529,0.060
1757011777.423194,27274.598,0.060
1757011777.425263,27276.666,0.060
1757011777.427331,27278.734,0.060
1757011777.429402,27280.805,0.060
1757011777.431470,27282.874,0.060
1757011777.433539,27284.943,0.060
1757011777.435608,27287.012,0.060
1757011777.437677,27289.080,0.060
1757011777.439746,27291.149,0.060
1757011777.441818,27293.221,0.060
1757011777.443887,27295.290,0.060
1757011777.445956,27297.359,0.060
1757011777.448028,27299.431,0.060
1757011777.450097,27301.500,0.060
1757011777.452165,27303.568,0.060
1757011777.454233,27305.637,0.060
1757011777.456300,27307.704,0.060
1757011777.458369,27309.772,0.060
1757011777.460438,27311.841,0.060
1757011777.462507,27313.910,0.060
1757011777.464575,27315.979,0.060
1757011777.466644,27318.047,0.060
1757011777.468713,27320.116,0.060
1757011777.470782,27322.186,0.060
1757011777.472850,27324.254,0.060
1757011777.474919,27326.323,0.060
1757011777.476988,27328.392,0.060
1757011777.479058,27330.462,0.060
1757011777.481129,27332.533,0.060
1757011777.483198,27334.602,0.060
1757011777.485267,27336.671,0.060
1757011777.487336,27338.740,0.060
1757011777.489406,27340.809,0.060
1757011777.491474,27342.878,0.060
1757011777.493544,27344.947,0.060
1757011777.495613,27347.016,0.060
1757011777.497681,27349.085,0.060
1757011777.499750,27351.154,0.060
1757011777.501819,27353.222,0.060
1757011777.503887,27355.291,0.060
1757011777.505955,27357.359,0.060
1757011777.508025,27359.428,0.060
1757011777.510093,27361.497,0.060
1757011777.512162,27363.565,0.060
1757011777.514231,27365.634,0.060
1757011777.516299,27367.702,0.060
1757011777.518368,27369.771,0.060
1757011777.520436,27371.839,0.060
1757011777.522504,27373.907,0.060
1757011777.524572,27375.976,0.060
1757011777.526641,27378.044,0.060
1757011777.528710,27380.113,0.060
1757011777.530779,27382.182,0.060
1757011777.532845,27384.249,0.060
1757011777.534914,27386.317,0.060
1757011777.536981,27388.385,0.060
1757011777.539049,27390.453,0.060
1757011777.541120,27392.523,0.060
1757011777.543189,27394.592,0.060
1757011777.545258,27396.661,0.060
1757011777.547331,27398.735,0.060
1757011777.549403,27400.807,0.060
1757011777.551473,27402.877,0.060
1757011777.553542,27404.946,0.060
1757011777.555612,27407.015,0.060
1757011777.557680,27409.084,0.060
1757011777.559749,27411.153,0.060
1757011777.561818,27413.222,0.060
1757011777.563888,27415.292,0.060
1757011777.565958,27417.361,0.060
1757011777.568023,27419.427,0.060
1757011777.570092,27421.495,0.060
1757011777.572161,27423.564,0.060
1757011777.574230,27425.634,0.060
1757011777.576299,27427.702,0.060
1757011777.578368,27429.771,0.060
1757011777.580437,27431.841,0.060
1757011777.582506,27433.909,0.060
1757011777.584573,27435.976,0.060
1757011777.586641,27438.045,0.060
1757011777.588710,27440.114,0.060
1757011777.590780,27442.183,0.060
1757011777.592849,27444.252,0.060
1757011777.594918,27446.321,0.060
1757011777.596987,27448.390,0.060
1757011777.599058,27450.461,0.060
1757011777.601126,27452.530,0.060
1757011777.603195,27454.599,0.060
1757011777.605264,27456.667,0.060
1757011777.607332,27458.736,0.060
1757011777.609405,27460.808,0.060
1757011777.611473,27462.877,0.060
1757011777.613542,27464.946,0.060
1757011777.615611,27467.014,0.060
1757011777.617680,27469.083,0.060
1757011777.619750,27471.153,0.060
1757011777.621819,27473.222,0.060
1757011777.623888,27475.291,0.060
1757011777.625957,27477.360,0.060
1757011777.628028,27479.431,0.060
1757011777.630097,27481.500,0.060
1757011777.632165,27483.569,0.060
1757011777.634234,27485.638,0.060
1757011777.636301,27487.704,0.060
1757011777.638369,27489.773,0.060
1757011777.640437,27491.840,0.060
1757011777.642505,27493.908,0.060
1757011777.644572,27495.975,0.060
1757011777.646642,27498.046,0.060
1757011777.648711,27500.115,0.060
1757011777.650781,27502.184,0.060
1757011777.652849,27504.253,0.060
1757011777.654918,27506.321,0.060
1757011777.656987,27508.390,0.060
1757011777.659055,27510.458,0.060
1757011777.661123,27512.527,0.060
1757011777.663192,27514.596,0.060
1757011777.665261,27516.665,0.060
1757011777.667330,27518.734,0.060
1757011777.669399,27520.802,0.060
1757011777.671468,27522.872,0.060
1757011777.673538,27524.942,0.060
1757011777.675609,27527.012,0.060
1757011777.677676,27529.080,0.060
1757011777.679745,27531.149,0.060
1757011777.681816,27533.219,0.060
1757011777.683885,27535.288,0.060
1757011777.685954,27537.358,0.060
1757011777.688024,27539.428,0.060
1757011777.690093,27541.497,0.060
1757011777.692162,27543.566,0.060
1757011777.694231,27545.635,0.060
1757011777.696297,27547.701,0.060
1757011777.698366,27549.769,0.060
1757011777.700435,27551.838,0.060
1757011777.702504,27553.907,0.060
1757011777.704573,27555.976,0.060
1757011777.706641,27558.045,0.060
1757011777.708710,27560.113,0.060
1757011777.710779,27562.183,0.060
1757011777.712847,27564.251,0.060
1757011777.714917,27566.320,0.060
1757011777.716985,27568.388,0.060
1757011777.719054,27570.457,0.060
1757011777.721122,27572.526,0.060
1757011777.723190,27574.594,0.060
1757011777.725258,27576.661,0.060
1757011777.727326,27578.730,0.060
1757011777.729396,27580.800,0.060
1757011777.731466,27582.869,0.060
1757011777.733535,27584.938,0.060
1757011777.735604,27587.008,0.060
1757011777.737672,27589.076,0.060
1757011777.739742,27591.146,0.060
1757011777.741811,27593.214,0.060
1757011777.743880,27595.284,0.060
1757011777.745950,27597.353,0.060
1757011777.748027,27599.430,0.060
1757011777.750097,27601.500,0.060
1757011777.752166,27603.569,0.060
1757011777.754234,27605.638,0.060
1757011777.756301,27607.704,0.060
1757011777.758370,27609.773,0.060
1757011777.760437,27611.841,0.060
1757011777.762506,27613.909,0.060
1757011777.764572,27615.976,0.060
1757011777.766641,27618.045,0.060
1757011777.768709,27620.113,0.060
1757011777.770779,27622.182,0.060
1757011777.772847,27624.250,0.060
1757011777.774917,27626.321,0.060
1757011777.776987,27628.390,0.060
1757011777.779055,27630.459,0.060
1757011777.781124,27632.528,0.060
1757011777.783193,27634.597,0.060
1757011777.785261,27636.665,0.060
1757011777.787330,27638.734,0.060
1757011777.789400,27640.803,0.060
1757011777.791468,27642.872,0.060
1757011777.793538,27644.941,0.060
1757011777.795608,27647.011,0.060
1757011777.797675,27649.079,0.060
1757011777.799745,27651.148,0.060
1757011777.801815,27653.218,0.060
1757011777.803883,27655.287,0.060
1757011777.805952,27657.356,0.060
1757011777.808024,27659.427,0.060
1757011777.810091,27661.495,0.060
1757011777.812160,27663.563,0.060
1757011777.814229,27665.632,0.060
1757011777.816295,27667.699,0.060
1757011777.818364,27669.767,0.060
1757011777.820432,27671.836,0.060
1757011777.822501,27673.905,0.060
1757011777.824569,27675.973,0.060
1757011777.826638,27678.042,0.060
1757011777.828707,27680.110,0.060
1757011777.830777,27682.180,0.060
1757011777.832844,27684.247,0.060
1757011777.834913,27686.316,0.060
1757011777.836981,27688.385,0.060
1757011777.839051,27690.454,0.060
1757011777.841120,27692.523,0.060
1757011777.843189,27694.592,0.060
1757011777.845259,27696.663,0.060
1757011777.847329,27698.733,0.060
1757011777.849398,27700.801,0.060
1757011777.851466,27702.870,0.060
1757011777.853535,27704.939,0.060
1757011777.855604,27707.008,0.060
1757011777.857673,27709.077,0.060
1757011777.859743,27711.147,0.060
1757011777.861812,27713.215,0.060
1757011777.863881,27715.284,0.060
1757011777.865949,27717.353,0.060
1757011777.868027,27719.430,0.060
1757011777.870096,27721.500,0.060
1757011777.872164,27723.567,0.060
1757011777.874233,27725.636,0.060
1757011777.876301,27727.705,0.060
1757011777.878370,27729.773,0.060
1757011777.880436,27731.840,0.060
1757011777.882505,27733.909,0.060
1757011777.884574,27735.978,0.060
1757011777.886643,27738.046,0.060
1757011777.888709,27740.112,0.060
1757011777.890778,27742.181,0.060
1757011777.892847,27744.251,0.060
1757011777.894916,27746.320,0.060
1757011777.896987,27748.390,0.060
1757011777.899055,27750.459,0.060
1757011777.901124,27752.527,0.060
1757011777.903193,27754.596,0.060
1757011777.905261,27756.664,0.060
1757011777.907330,27758.734,0.060
1757011777.909400,27760.803,0.060
1757011777.911469,27762.872,0.060
1757011777.913538,27764.942,0.060
1757011777.915607,27767.011,0.060
1757011777.917676,27769.079,0.060
1757011777.919745,27771.148,0.060
1757011777.921814,27773.218,0.060
1757011777.923884,27775.287,0.060
1757011777.925952,27777.356,0.060
1757011777.928025,27779.428,0.060
1757011777.930094,27781.498,0.060
1757011777.932162,27783.566,0.060
1757011777.934232,27785.635,0.060
1757011777.936301,27787.704,0.060
1757011777.938370,27789.773,0.060
1757011777.940436,27791.840,0.060
1757011777.942505,27793.909,0.060
1757011777.944575,27795.978,0.060
1757011777.946643,27798.047,0.060
1757011777.948711,27800.115,0.060
1757011777.950780,27802.184,0.060
1757011777.952848,27804.252,0.060
1757011777.954917,27806.321,0.060
1757011777.956986,27808.389,0.060
1757011777.959054,27810.458,0.060
1757011777.961123,27812.526,0.060
1757011777.963192,27814.595,0.060
1757011777.965259,27816.662,0.060
1757011777.967328,27818.731,0.060
1757011777.969397,27820.801,0.060
1757011777.971466,27822.870,0.060
1757011777.973536,27824.939,0.060
1757011777.975604,27827.008,0.060
1757011777.977673,27829.077,0.060
1757011777.979741,27831.145,0.060
1757011777.981809,27833.213,0.060
1757011777.983878,27835.282,0.060
1757011777.985946,27837.350,0.060
1757011777.988027,27839.431,0.060
1757011777.990096,27841.500,0.060
1757011777.992165,27843.569,0.060
1757011777.994234,27845.637,0.060
1757011777.996299,27847.703,0.060
1757011777.998368,27849.771,0.060
1757011778.000434,27851.838,0.060
1757011778.002503,27853.907,0.060
1757011778.004570,27855.973,0.060
1757011778.006639,27858.042,0.060
1757011778.008707,27860.111,0.060
1757011778.010775,27862.179,0.060
1757011778.012844,27864.248,0.060
1757011778.014912,27866.315,0.060
1757011778.016980,27868.384,0.060
1757011778.019049,27870.453,0.060
1757011778.021117,27872.520,0.060
1757011778.023185,27874.589,0.060
1757011778.025255,27876.658,0.060
1757011778.027324,27878.727,0.060
1757011778.029400,27880.804,0.060
1757011778.031471,27882.875,0.060
1757011778.033541,27884.944,0.060
1757011778.035611,27887.014,0.060
1757011778.037679,27889.083,0.060
1757011778.039749,27891.152,0.060
1757011778.041817,27893.221,0.060
1757011778.043887,27895.291,0.060
1757011778.045956,27897.359,0.060
1757011778.048021,27899.425,0.060
1757011778.050091,27901.494,0.060
1757011778.052160,27903.563,0.060
1757011778.054229,27905.632,0.060
1757011778.056297,27907.701,0.060
1757011778.058366,27909.770,0.060
1757011778.060432,27911.835,0.060
1757011778.062501,27913.904,0.060
1757011778.064568,27915.972,0.060
1757011778.066637,27918.040,0.060
1757011778.068706,27920.109,0.060
1757011778.070774,27922.178,0.060
1757011778.072841,27924.245,0.060
1757011778.074910,27926.314,0.060
1757011778.076980,27928.383,0.060
1757011778.079049,27930.452,0.060
1757011778.081117,27932.520,0.060
1757011778.083185,27934.589,0.060
1757011778.085255,27936.659,0.060
1757011778.087324,27938.728,0.060
1757011778.089398,27940.801,0.060
1757011778.091466,27942.870,0.060
1757011778.093535,27944.939,0.060
1757011778.095604,27947.007,0.060
1757011778.097673,27949.076,0.060
1757011778.099741,27951.145,0.060
1757011778.101810,27953.214,0.060
1757011778.103879,27955.283,0.060
1757011778.105948,27957.352,0.060
1757011778.108019,27959.423,0.060
1757011778.110088,27961.492,0.060
1757011778.112157,27963.560,0.060
1757011778.114226,27965.629,0.060
1757011778.116292,27967.696,0.060
1757011778.118361,27969.764,0.060
1757011778.120430,27971.833,0.060
1757011778.122499,27973.902,0.060
1757011778.124568,27975.971,0.060
1757011778.126636,27978.040,0.060
1757011778.128704,27980.108,0.060
1757011778.130774,27982.177,0.060
1757011778.132841,27984.244,0.060
1757011778.134910,27986.313,0.060
1757011778.136977,27988.381,0.060
1757011778.139046,27990.450,0.060
1757011778.141116,27992.519,0.060
1757011778.143185,27994.588,0.060
1757011778.145253,27996.656,0.060
1757011778.147322,27998.725,0.060
1757011778.149390,28000.794,0.060
1757011778.151459,28002.863,0.060
1757011778.153529,28004.933,0.060
1757011778.155599,28007.002,0.060
1757011778.157668,28009.072,0.060
1757011778.159738,28011.141,0.060
1757011778.161808,28013.211,0.060
1757011778.163877,28015.281,0.060
1757011778.165951,28017.355,0.060
1757011778.168022,28019.426,0.060
1757011778.170091,28021.495,0.060
1757011778.172160,28023.564,0.060
1757011778.174229,28025.633,0.060
1757011778.176297,28027.700,0.060
1757011778.178366,28029.770,0.060
1757011778.180434,28031.837,0.060
1757011778.182504,28033.907,0.060
1757011778.184571,28035.974,0.060
1757011778.186640,28038.043,0.060
1757011778.188709,28040.112,0.060
1757011778.190778,28042.181,0.060
1757011778.192846,28044.250,0.060
1757011778.194916,28046.319,0.060
1757011778.196985,28048.388,0.060
1757011778.199054,28050.457,0.060
1757011778.201122,28052.526,0.060
1757011778.203191,28054.595,0.060
1757011778.205258,28056.662,0.060
1757011778.207327,28058.730,0.060
1757011778.209396,28060.799,0.060
1757011778.211464,28062.868,0.060
1757011778.213533,28064.937,0.060
1757011778.215603,28067.007,0.060
1757011778.217672,28069.076,0.060
1757011778.219743,28071.146,0.060
1757011778.221812,28073.215,0.060
1757011778.223886,28075.289,0.060
1757011778.225956,28077.360,0.060
1757011778.228022,28079.425,0.060
1757011778.230092,28081.495,0.060
1757011778.232162,28083.565,0.060
1757011778.234231,28085.634,0.060
1757011778.236297,28087.701,0.060
1757011778.238367,28089.770,0.060
1757011778.240437,28091.840,0.060
1757011778.242506,28093.910,0.060
1757011778.244575,28095.978,0.060
1757011778.246645,28098.048,0.060
1757011778.248713,28100.117,0.060
1757011778.250783,28102.186,0.060
1757011778.252851,28104.254,0.060
1757011778.254920,28106.323,0.060
1757011778.256991,28108.394,0.060
1757011778.259060,28110.464,0.060
1757011778.261127,28112.531,0.060
1757011778.263196,28114.600,0.060
1757011778.265266,28116.670,0.060
1757011778.267336,28118.740,0.060
1757011778.269407,28120.810,0.060
1757011778.271476,28122.879,0.060
1757011778.273545,28124.949,0.060
1757011778.275615,28127.018,0.060
1757011778.277685,28129.089,0.060
1757011778.279755,28131.159,0.060
1757011778.281825,28133.228,0.060
1757011778.283893,28135.297,0.060
1757011778.285962,28137.365,0.060
1757011778.288027,28139.430,0.060
1757011778.290095,28141.499,0.060
1757011778.292164,28143.568,0.060
1757011778.294233,28145.636,0.060
1757011778.296301,28147.705,0.060
1757011778.298370,28149.774,0.060
1757011778.300438,28151.841,0.060
1757011778.302507,28153.910,0.060
1757011778.304574,28155.978,0.060
1757011778.306643,28158.046,0.060
1757011778.308714,28160.117,0.060
1757011778.310783,28162.186,0.060
1757011778.312852,28164.256,0.060
1757011778.314922,28166.325,0.060
1757011778.316991,28168.394,0.060
1757011778.319060,28170.464,0.060
1757011778.321129,28172.532,0.060
1757011778.323197,28174.601,0.060
1757011778.325266,28176.669,0.060
1757011778.327336,28178.739,0.060
1757011778.329406,28180.809,0.060
1757011778.331475,28182.878,0.060
1757011778.333544,28184.948,0.060
1757011778.335613,28187.017,0.060
1757011778.337683,28189.087,0.060
1757011778.339752,28191.155,0.060
1757011778.341821,28193.225,0.060
1757011778.343891,28195.295,0.060
1757011778.345961,28197.364,0.060
1757011778.348031,28199.434,0.060
1757011778.350100,28201.504,0.060
1757011778.352170,28203.573,0.060
1757011778.354239,28205.642,0.060
1757011778.356305,28207.709,0.060
1757011778.358373,28209.777,0.060
1757011778.360443,28211.846,0.060
1757011778.362513,28213.916,0.060
1757011778.364579,28215.982,0.060
1757011778.366648,28218.052,0.060
1757011778.368718,28220.122,0.060
1757011778.370788,28222.191,0.060
1757011778.372856,28224.259,0.060
1757011778.374924,28226.328,0.060
1757011778.376994,28228.397,0.060
1757011778.379062,28230.466,0.060
1757011778.381133,28232.537,0.060
1757011778.383203,28234.606,0.060
1757011778.385272,28236.675,0.060
1757011778.387341,28238.744,0.060
1757011778.389411,28240.814,0.060
1757011778.391479,28242.882,0.060
1757011778.393551,28244.954,0.060
1757011778.395620,28247.023,0.060
1757011778.397689,28249.092,0.060
1757011778.399758,28251.162,0.060
1757011778.401829,28253.232,0.060
1757011778.403898,28255.301,0.060
1757011778.405966,28257.370,0.060
1757011778.408025,28259.429,0.060
1757011778.410094,28261.497,0.060
1757011778.412163,28263.566,0.060
1757011778.414232,28265.635,0.060
1757011778.416299,28267.703,0.060
1757011778.418369,28269.772,0.060
1757011778.420436,28271.839,0.060
1757011778.422504,28273.908,0.060
1757011778.424573,28275.977,0.060
1757011778.426642,28278.046,0.060
1757011778.428712,28280.115,0.060
1757011778.430780,28282.184,0.060
1757011778.432848,28284.251,0.060
1757011778.434916,28286.320,0.060
1757011778.436985,28288.389,0.060
1757011778.439054,28290.457,0.060
1757011778.441122,28292.525,0.060
1757011778.443192,28294.595,0.060
1757011778.445259,28296.663,0.060
1757011778.447328,28298.732,0.060
1757011778.449397,28300.801,0.060
1757011778.451465,28302.869,0.060
1757011778.453534,28304.938,0.060
1757011778.455603,28307.006,0.060
1757011778.457672,28309.075,0.060
1757011778.459741,28311.145,0.060
1757011778.461809,28313.213,0.060
1757011778.463879,28315.282,0.060
1757011778.465948,28317.351,0.060
1757011778.468021,28319.424,0.060
1757011778.470090,28321.493,0.060
1757011778.472159,28323.563,0.060
1757011778.474228,28325.632,0.060
1757011778.476296,28327.699,0.060
1757011778.478364,28329.768,0.060
1757011778.480433,28331.837,0.060
1757011778.482501,28333.905,0.060
1757011778.484569,28335.973,0.060
1757011778.486638,28338.042,0.060
1757011778.488708,28340.111,0.060
1757011778.490776,28342.179,0.060
1757011778.492842,28344.246,0.060
1757011778.494911,28346.314,0.060
1757011778.496979,28348.383,0.060
1757011778.499048,28350.452,0.060
1757011778.501117,28352.520,0.060
1757011778.503186,28354.589,0.060
1757011778.505258,28356.661,0.060
1757011778.507327,28358.731,0.060
1757011778.509395,28360.799,0.060
1757011778.511464,28362.867,0.060
1757011778.513533,28364.936,0.060
1757011778.515604,28367.008,0.060
1757011778.517676,28369.080,0.060
1757011778.519746,28371.149,0.060
1757011778.521814,28373.218,0.060
1757011778.523884,28375.288,0.060
1757011778.525953,28377.356,0.060
1757011778.528021,28379.425,0.060
1757011778.530091,28381.494,0.060
1757011778.532161,28383.564,0.060
1757011778.534230,28385.633,0.060
1757011778.536298,28387.702,0.060
1757011778.538368,28389.771,0.060
1757011778.540437,28391.840,0.060
1757011778.542507,28393.910,0.060
1757011778.544574,28395.978,0.060
1757011778.546643,28398.046,0.060
1757011778.548712,28400.116,0.060
1757011778.550782,28402.185,0.060
1757011778.552849,28404.253,0.060
1757011778.554918,28406.322,0.060
1757011778.556986,28408.389,0.060
1757011778.559055,28410.459,0.060
1757011778.561125,28412.528,0.060
1757011778.563194,28414.598,0.060
1757011778.565264,28416.667,0.060
1757011778.567334,28418.737,0.060
1757011778.569408,28420.812,0.060
1757011778.571477,28422.880,0.060
1757011778.573545,28424.949,0.060
1757011778.575614,28427.018,0.060
1757011778.577683,28429.087,0.060
1757011778.579755,28431.158,0.060
1757011778.581823,28433.227,0.060
1757011778.583892,28435.296,0.060
1757011778.585960,28437.364,0.060
1757011778.588028,28439.432,0.060
1757011778.590098,28441.501,0.060
1757011778.592166,28443.569,0.060
1757011778.594236,28445.639,0.060
1757011778.596303,28447.706,0.060
1757011778.598371,28449.775,0.060
1757011778.600442,28451.845,0.060
1757011778.602512,28453.915,0.060
1757011778.604579,28455.982,0.060
1757011778.606647,28458.051,0.060
1757011778.608717,28460.120,0.060
1757011778.610785,28462.189,0.060
1757011778.612854,28464.257,0.060
1757011778.614923,28466.326,0.060
1757011778.616993,28468.397,0.060
1757011778.619062,28470.465,0.060
1757011778.621130,28472.533,0.060
1757011778.623199,28474.602,0.060
1757011778.625270,28476.673,0.060
1757011778.627338,28478.742,0.060
1757011778.629410,28480.813,0.060
1757011778.631479,28482.882,0.060
1757011778.633547,28484.951,0.060
1757011778.635617,28487.020,0.060
1757011778.637686,28489.089,0.060
1757011778.639755,28491.158,0.060
1757011778.641824,28493.228,0.060
1757011778.643896,28495.300,0.060
1757011778.645968,28497.372,0.060
1757011778.648018,28499.422,0.060
1757011778.650087,28501.491,0.060
1757011778.652156,28503.559,0.060
1757011778.654225,28505.629,0.060
1757011778.656292,28507.696,0.060
1757011778.658361,28509.765,0.060
1757011778.660429,28511.832,0.060
1757011778.662498,28513.901,0.060
1757011778.664565,28515.969,0.060
1757011778.666635,28518.038,0.060
1757011778.668704,28520.108,0.060
1757011778.670773,28522.177,0.060
1757011778.672844,28524.247,0.060
1757011778.674912,28526.316,0.060
1757011778.676981,28528.385,0.060
1757011778.679050,28530.453,0.060
1757011778.681118,28532.521,0.060
1757011778.683187,28534.590,0.060
1757011778.685256,28536.659,0.060
1757011778.687324,28538.727,0.060
1757011778.689393,28540.796,0.060
1757011778.691462,28542.865,0.060
1757011778.693531,28544.935,0.060
1757011778.695600,28547.003,0.060
1757011778.697669,28549.072,0.060
1757011778.699738,28551.142,0.060
1757011778.701807,28553.210,0.060
1757011778.703876,28555.280,0.060
1757011778.705945,28557.349,0.060
1757011778.708022,28559.426,0.060
1757011778.710091,28561.495,0.060
1757011778.712160,28563.564,0.060
1757011778.714229,28565.633,0.060
1757011778.716295,28567.699,0.060
1757011778.718364,28569.768,0.060
1757011778.720434,28571.837,0.060
1757011778.722503,28573.906,0.060
1757011778.724572,28575.975,0.060
1757011778.726641,28578.044,0.060
1757011778.728711,28580.114,0.060
1757011778.730779,28582.182,0.060
1757011778.732846,28584.249,0.060
1757011778.734917,28586.320,0.060
1757011778.736986,28588.390,0.060
1757011778.739055,28590.459,0.060
1757011778.741124,28592.527,0.060
1757011778.743193,28594.597,0.060
1757011778.745263,28596.666,0.060
1757011778.747332,28598.736,0.060
1757011778.749403,28600.806,0.060
1757011778.751472,28602.876,0.060
1757011778.753547,28604.951,0.060
1757011778.755616,28607.020,0.060
1757011778.757685,28609.088,0.060
1757011778.759755,28611.158,0.060
1757011778.761823,28613.227,0.060
1757011778.763892,28615.295,0.060
1757011778.765961,28617.364,0.060
1757011778.768027,28619.430,0.060
1757011778.770096,28621.499,0.060
1757011778.772165,28623.568,0.060
1757011778.774234,28625.637,0.060
1757011778.776302,28627.705,0.060
1757011778.778371,28629.775,0.060
1757011778.780439,28631.843,0.060
1757011778.782509,28633.912,0.060
1757011778.784576,28635.980,0.060
1757011778.786645,28638.049,0.060
1757011778.788718,28640.121,0.060
1757011778.790786,28642.190,0.060
1757011778.792855,28644.258,0.060
1757011778.794924,28646.328,0.060
1757011778.796993,28648.396,0.060
1757011778.799062,28650.465,0.060
1757011778.801131,28652.535,0.060
1757011778.803201,28654.605,0.060
1757011778.805269,28656.673,0.060
1757011778.807339,28658.742,0.060
1757011778.809408,28660.811,0.060
1757011778.811476,28662.880,0.060
1757011778.813547,28664.951,0.060
1757011778.815617,28667.021,0.060
1757011778.817687,28669.090,0.060
1757011778.819756,28671.159,0.060
1757011778.821825,28673.228,0.060
1757011778.823895,28675.298,0.060
1757011778.825964,28677.368,0.060
1757011778.828035,28679.439,0.060
1757011778.830104,28681.508,0.060
1757011778.832173,28683.577,0.060
1757011778.834242,28685.646,0.060
1757011778.836310,28687.714,0.060
1757011778.838380,28689.783,0.060
1757011778.840449,28691.852,0.060
1757011778.842518,28693.922,0.060
1757011778.844587,28695.991,0.060
1757011778.846657,28698.061,0.060
1757011778.848727,28700.130,0.060
1757011778.850796,28702.199,0.060
1757011778.852864,28704.268,0.060
1757011778.854933,28706.337,0.060
1757011778.857003,28708.407,0.060
1757011778.859073,28710.476,0.060
1757011778.861143,28712.547,0.060
1757011778.863213,28714.616,0.060
1757011778.865282,28716.686,0.060
1757011778.867351,28718.754,0.060
1757011778.869427,28720.831,0.060
1757011778.871497,28722.900,0.060
1757011778.873565,28724.968,0.060
1757011778.875633,28727.037,0.060
1757011778.877704,28729.107,0.060
1757011778.879773,28731.176,0.060
1757011778.881842,28733.246,0.060
1757011778.883911,28735.315,0.060
1757011778.885981,28737.384,0.060
1757011778.888021,28739.424,0.060
1757011778.890090,28741.493,0.060
1757011778.892160,28743.563,0.060
1757011778.894228,28745.632,0.060
1757011778.896295,28747.698,0.060
1757011778.898364,28749.767,0.060
1757011778.900432,28751.835,0.060
1757011778.902501,28753.905,0.060
1757011778.904571,28755.975,0.060
1757011778.906641,28758.045,0.060
1757011778.908713,28760.116,0.060
1757011778.910784,28762.187,0.060
1757011778.912853,28764.256,0.060
1757011778.914922,28766.325,0.060
1757011778.916991,28768.395,0.060
1757011778.919060,28770.464,0.060
1757011778.921129,28772.533,0.060
1757011778.923198,28774.602,0.060
1757011778.925268,28776.672,0.060
1757011778.927338,28778.741,0.060
1757011778.929408,28780.811,0.060
1757011778.931476,28782.879,0.060
1757011778.933546,28784.949,0.060
1757011778.935615,28787.019,0.060
1757011778.937685,28789.088,0.060
1757011778.939754,28791.157,0.060
1757011778.941823,28793.227,0.060
1757011778.943893,28795.297,0.060
1757011778.945962,28797.366,0.060
1757011778.948032,28799.436,0.060
1757011778.950102,28801.505,0.060
1757011778.952172,28803.576,0.060
1757011778.954242,28805.645,0.060
1757011778.956309,28807.713,0.060
1757011778.958379,28809.782,0.060
1757011778.960448,28811.852,0.060
1757011778.962517,28813.920,0.060
1757011778.964584,28815.988,0.060
1757011778.966653,28818.057,0.060
1757011778.968722,28820.125,0.060
1757011778.970791,28822.194,0.060
1757011778.972860,28824.263,0.060
1757011778.974929,28826.332,0.060
1757011778.976998,28828.402,0.060
1757011778.979066,28830.470,0.060
1757011778.981134,28832.537,0.060
1757011778.983203,28834.607,0.060
1757011778.985273,28836.677,0.060
1757011778.987342,28838.746,0.060
1757011778.989412,28840.816,0.060
1757011778.991481,28842.885,0.060
1757011778.993550,28844.954,0.060
1757011778.995620,28847.023,0.060
1757011778.997688,28849.092,0.060
1757011778.999762,28851.165,0.060
1757011779.001830,28853.234,0.060
1757011779.003900,28855.304,0.060
1757011779.005969,28857.373,0.060
1757011779.008026,28859.430,0.060
1757011779.010096,28861.499,0.060
1757011779.012166,28863.569,0.060
1757011779.014235,28865.638,0.060
1757011779.016302,28867.706,0.060
1757011779.018371,28869.775,0.060
1757011779.020440,28871.843,0.060
1757011779.022509,28873.912,0.060
1757011779.024578,28875.981,0.060
1757011779.026646,28878.050,0.060
1757011779.028716,28880.120,0.060
1757011779.030785,28882.189,0.060
1757011779.032854,28884.257,0.060
1757011779.034923,28886.327,0.060
1757011779.036992,28888.395,0.060
1757011779.039062,28890.465,0.060
1757011779.041133,28892.537,0.060
1757011779.043202,28894.606,0.060
1757011779.045271,28896.675,0.060
1757011779.047341,28898.744,0.060
1757011779.049412,28900.815,0.060
1757011779.051481,28902.884,0.060
1757011779.053550,28904.953,0.060
1757011779.055619,28907.023,0.060
1757011779.057689,28909.092,0.060
1757011779.059758,28911.161,0.060
1757011779.061826,28913.230,0.060
1757011779.063895,28915.299,0.060
1757011779.065964,28917.368,0.060
1757011779.068025,28919.429,0.060
1757011779.070095,28921.499,0.060
1757011779.072165,28923.568,0.060
1757011779.074234,28925.637,0.060
1757011779.076301,28927.705,0.060
1757011779.078370,28929.774,0.060
1757011779.080440,28931.844,0.060
1757011779.082509,28933.913,0.060
1757011779.084577,28935.981,0.060
1757011779.086646,28938.050,0.060
1757011779.088716,28940.119,0.060
1757011779.090784,28942.188,0.060
1757011779.092853,28944.257,0.060
1757011779.094922,28946.325,0.060
1757011779.096991,28948.394,0.060
1757011779.099059,28950.463,0.060
1757011779.101129,28952.532,0.060
1757011779.103198,28954.602,0.060
1757011779.105268,28956.671,0.060
1757011779.107337,28958.740,0.060
1757011779.109405,28960.809,0.060
1757011779.111475,28962.878,0.060
1757011779.113544,28964.947,0.060
1757011779.115613,28967.016,0.060
1757011779.117683,28969.086,0.060
1757011779.119752,28971.156,0.060
1757011779.121821,28973.224,0.060
1757011779.123890,28975.294,0.060
1757011779.125959,28977.363,0.060
1757011779.128022,28979.425,0.060
1757011779.130091,28981.495,0.060
1757011779.132160,28983.564,0.060
1757011779.134232,28985.635,0.060
1757011779.136300,28987.704,0.060
1757011779.138369,28989.773,0.060
1757011779.140439,28991.842,0.060
1757011779.142508,28993.912,0.060
1757011779.144575,28995.978,0.060
1757011779.146644,28998.048,0.060
1757011779.148713,29000.117,0.060
1757011779.150782,29002.186,0.060
1757011779.152849,29004.253,0.060
1757011779.154919,29006.322,0.060
1757011779.156988,29008.392,0.060
1757011779.159057,29010.461,0.060
1757011779.161126,29012.529,0.060
1757011779.163195,29014.598,0.060
1757011779.165265,29016.668,0.060
1757011779.167333,29018.737,0.060
1757011779.169404,29020.807,0.060
1757011779.171473,29022.876,0.060
1757011779.173541,29024.945,0.060
1757011779.175611,29027.014,0.060
1757011779.177679,29029.083,0.060
1757011779.179748,29031.151,0.060
1757011779.181818,29033.221,0.060
1757011779.183888,29035.291,0.060
1757011779.185957,29037.361,0.060
1757011779.188020,29039.424,0.060
1757011779.190089,29041.493,0.060
1757011779.192158,29043.561,0.060
1757011779.194228,29045.631,0.060
1757011779.196295,29047.699,0.060
1757011779.198364,29049.768,0.060
1757011779.200433,29051.837,0.060
1757011779.202503,29053.906,0.060
1757011779.204570,29055.974,0.060
1757011779.206640,29058.043,0.060
1757011779.208710,29060.113,0.060
1757011779.210780,29062.183,0.060
1757011779.212848,29064.252,0.060
1757011779.214918,29066.322,0.060
1757011779.216987,29068.390,0.060
1757011779.219055,29070.459,0.060
1757011779.221124,29072.527,0.060
1757011779.223202,29074.605,0.060
1757011779.225271,29076.674,0.060
1757011779.227340,29078.744,0.060
1757011779.229410,29080.813,0.060
1757011779.231479,29082.882,0.060
1757011779.233550,29084.953,0.060
1757011779.235619,29087.023,0.060
1757011779.237688,29089.091,0.060
1757011779.239756,29091.160,0.060
1757011779.241826,29093.229,0.060
1757011779.243895,29095.299,0.060
1757011779.245965,29097.368,0.060
1757011779.248033,29099.437,0.060
1757011779.250102,29101.506,0.060
1757011779.252171,29103.575,0.060
1757011779.254240,29105.644,0.060
1757011779.256307,29107.711,0.060
1757011779.258376,29109.780,0.060
1757011779.260445,29111.849,0.060
1757011779.262514,29113.917,0.060
1757011779.264580,29115.983,0.060
1757011779.266649,29118.053,0.060
1757011779.268719,29120.123,0.060
1757011779.270789,29122.192,0.060
1757011779.272857,29124.261,0.060
1757011779.274927,29126.331,0.060
1757011779.276996,29128.400,0.060
1757011779.279066,29130.469,0.060
1757011779.281133,29132.537,0.060
1757011779.283203,29134.606,0.060
1757011779.285271,29136.675,0.060
1757011779.287341,29138.745,0.060
1757011779.289411,29140.814,0.060
1757011779.291481,29142.884,0.060
1757011779.293550,29144.953,0.060
1757011779.295620,29147.024,0.060
1757011779.297688,29149.092,0.060
1757011779.299758,29151.161,0.060
1757011779.301826,29153.230,0.060
1757011779.303895,29155.299,0.060
1757011779.305965,29157.368,0.060
1757011779.308032,29159.435,0.060
1757011779.310101,29161.504,0.060
1757011779.312170,29163.574,0.060
1757011779.314239,29165.642,0.060
1757011779.316306,29167.710,0.060
1757011779.318375,29169.778,0.060
1757011779.320441,29171.845,0.060
1757011779.322511,29173.914,0.060
1757011779.324579,29175.983,0.060
1757011779.326648,29178.052,0.060
1757011779.328718,29180.121,0.060
1757011779.330786,29182.189,0.060
1757011779.332854,29184.257,0.060
1757011779.334922,29186.326,0.060
1757011779.336992,29188.395,0.060
1757011779.339061,29190.464,0.060
1757011779.341130,29192.533,0.060
1757011779.343198,29194.602,0.060
1757011779.345268,29196.671,0.060
1757011779.347337,29198.740,0.060
1757011779.349406,29200.809,0.060
1757011779.351475,29202.878,0.060
1757011779.353546,29204.950,0.060
1757011779.355615,29207.018,0.060
1757011779.357683,29209.087,0.060
1757011779.359752,29211.156,0.060
1757011779.361820,29213.224,0.060
1757011779.363890,29215.293,0.060
1757011779.365959,29217.362,0.060
1757011779.368022,29219.425,0.060
1757011779.370091,29221.494,0.060
1757011779.372161,29223.564,0.060
1757011779.374230,29225.633,0.060
1757011779.376298,29227.701,0.060
1757011779.378367,29229.771,0.060
1757011779.380436,29231.839,0.060
1757011779.382504,29233.908,0.060
1757011779.384573,29235.977,0.060
1757011779.386643,29238.046,0.060
1757011779.388718,29240.122,0.060
1757011779.390789,29242.192,0.060
1757011779.392856,29244.260,0.060
1757011779.394926,29246.329,0.060
1757011779.396995,29248.398,0.060
1757011779.399064,29250.467,0.060
1757011779.401132,29252.536,0.060
1757011779.403202,29254.605,0.060
1757011779.405271,29256.674,0.060
1757011779.407339,29258.743,0.060
1757011779.409409,29260.813,0.060
1757011779.411479,29262.882,0.060
1757011779.413547,29264.950,0.060
1757011779.415616,29267.020,0.060
1757011779.417686,29269.089,0.060
1757011779.419755,29271.159,0.060
1757011779.421824,29273.227,0.060
1757011779.423893,29275.296,0.060
1757011779.425962,29277.365,0.060
1757011779.428021,29279.424,0.060
1757011779.430090,29281.493,0.060
1757011779.432158,29283.562,0.060
1757011779.434227,29285.630,0.060
1757011779.436295,29287.698,0.060
1757011779.438364,29289.767,0.060
1757011779.440430,29291.834,0.060
1757011779.442499,29293.903,0.060
1757011779.444566,29295.970,0.060
1757011779.446635,29298.038,0.060
1757011779.448703,29300.106,0.060
1757011779.450772,29302.176,0.060
1757011779.452841,29304.245,0.060
1757011779.454911,29306.314,0.060
1757011779.456981,29308.384,0.060
1757011779.459049,29310.453,0.060
1757011779.461118,29312.522,0.060
1757011779.463187,29314.591,0.060
1757011779.465259,29316.662,0.060
1757011779.467328,29318.731,0.060
1757011779.469397,29320.800,0.060
1757011779.471466,29322.870,0.060
1757011779.473535,29324.939,0.060
1757011779.475604,29327.008,0.060
1757011779.477673,29329.077,0.060
1757011779.479742,29331.146,0.060
1757011779.481811,29333.214,0.060
1757011779.483882,29335.285,0.060
1757011779.485951,29337.355,0.060
1757011779.488028,29339.431,0.060
1757011779.490097,29341.501,0.060
1757011779.492167,29343.570,0.060
1757011779.494236,29345.639,0.060
1757011779.496303,29347.706,0.060
1757011779.498372,29349.775,0.060
1757011779.500441,29351.844,0.060
1757011779.502511,29353.915,0.060
1757011779.504579,29355.983,0.060
1757011779.506648,29358.052,0.060
1757011779.508717,29360.120,0.060
1757011779.510786,29362.189,0.060
1757011779.512855,29364.258,0.060
1757011779.514924,29366.327,0.060
1757011779.516992,29368.396,0.060
1757011779.519061,29370.465,0.060
1757011779.521132,29372.535,0.060
1757011779.523201,29374.604,0.060
1757011779.525270,29376.673,0.060
1757011779.527339,29378.742,0.060
1757011779.529407,29380.810,0.060
1757011779.531477,29382.880,0.060
1757011779.533546,29384.950,0.060
1757011779.535615,29387.019,0.060
1757011779.537684,29389.088,0.060
1757011779.539754,29391.157,0.060
1757011779.541825,29393.229,0.060
1757011779.543895,29395.298,0.060
1757011779.545965,29397.368,0.060
1757011779.548019,29399.423,0.060
1757011779.550088,29401.491,0.060
1757011779.552157,29403.561,0.060
1757011779.554226,29405.630,0.060
1757011779.556294,29407.698,0.060
1757011779.558363,29409.767,0.060
1757011779.560430,29411.834,0.060
1757011779.562499,29413.902,0.060
1757011779.564568,29415.972,0.060
1757011779.566638,29418.041,0.060
1757011779.568706,29420.109,0.060
1757011779.570775,29422.178,0.060
1757011779.572844,29424.247,0.060
1757011779.574913,29426.316,0.060
1757011779.576982,29428.385,0.060
1757011779.579051,29430.454,0.060
1757011779.581118,29432.522,0.060
1757011779.583187,29434.591,0.060
1757011779.585257,29436.661,0.060
1757011779.587325,29438.728,0.060
1757011779.589394,29440.798,0.060
1757011779.591464,29442.867,0.060
1757011779.593532,29444.935,0.060
1757011779.595601,29447.005,0.060
1757011779.597670,29449.074,0.060
1757011779.599739,29451.143,0.060
1757011779.601808,29453.211,0.060
1757011779.603877,29455.280,0.060
1757011779.605946,29457.349,0.060
1757011779.608025,29459.429,0.060
1757011779.610094,29461.497,0.060
1757011779.612164,29463.567,0.060
1757011779.614233,29465.637,0.060
1757011779.616301,29467.704,0.060
1757011779.618370,29469.774,0.060
1757011779.620438,29471.842,0.060
1757011779.622507,29473.911,0.060
1757011779.624577,29475.980,0.060
1757011779.626646,29478.050,0.060
1757011779.628714,29480.118,0.060
1757011779.630783,29482.187,0.060
1757011779.632853,29484.257,0.060
1757011779.634922,29486.325,0.060
1757011779.636992,29488.395,0.060
1757011779.639061,29490.464,0.060
1757011779.641130,29492.533,0.060
1757011779.643199,29494.602,0.060
1757011779.645268,29496.671,0.060
1757011779.647337,29498.740,0.060
1757011779.649406,29500.810,0.060
1757011779.651476,29502.880,0.060
1757011779.653546,29504.949,0.060
1757011779.655615,29507.019,0.060
1757011779.657684,29509.087,0.060
1757011779.659753,29511.156,0.060
1757011779.661820,29513.224,0.060
1757011779.663890,29515.294,0.060
1757011779.665959,29517.362,0.060
1757011779.668023,29519.426,0.060
1757011779.670092,29521.496,0.060
1757011779.672161,29523.565,0.060
1757011779.674230,29525.633,0.060
1757011779.676297,29527.700,0.060
1757011779.678366,29529.769,0.060
1757011779.680435,29531.838,0.060
1757011779.682504,29533.908,0.060
1757011779.684572,29535.976,0.060
1757011779.686641,29538.044,0.060
1757011779.688712,29540.115,0.060
1757011779.690780,29542.183,0.060
1757011779.692847,29544.250,0.060
1757011779.694916,29546.319,0.060
1757011779.696985,29548.388,0.060
1757011779.699053,29550.457,0.060
1757011779.701122,29552.526,0.060
1757011779.703191,29554.595,0.060
1757011779.705261,29556.664,0.060
1757011779.707330,29558.733,0.060
1757011779.709400,29560.804,0.060
1757011779.711470,29562.873,0.060
1757011779.713541,29564.944,0.060
1757011779.715611,29567.014,0.060
1757011779.717680,29569.084,0.060
1757011779.719750,29571.154,0.060
1757011779.721820,29573.223,0.060
1757011779.723889,29575.292,0.060
1757011779.725959,29577.362,0.060
1757011779.728027,29579.430,0.060
1757011779.730096,29581.499,0.060
1757011779.732164,29583.568,0.060
1757011779.734233,29585.636,0.060
1757011779.736300,29587.704,0.060
1757011779.738369,29589.772,0.060
1757011779.740438,29591.841,0.060
1757011779.742507,29593.910,0.060
1757011779.744576,29595.979,0.060
1757011779.746644,29598.047,0.060
1757011779.748713,29600.116,0.060
1757011779.750782,29602.186,0.060
1757011779.752851,29604.254,0.060
1757011779.754920,29606.323,0.060
1757011779.756990,29608.394,0.060
1757011779.759059,29610.463,0.060
1757011779.761128,29612.532,0.060
1757011779.763197,29614.601,0.060
1757011779.765267,29616.670,0.060
1757011779.767336,29618.740,0.060
1757011779.769407,29620.810,0.060
1757011779.771476,29622.879,0.060
1757011779.773546,29624.949,0.060
1757011779.775615,29627.018,0.060
1757011779.777683,29629.086,0.060
1757011779.779752,29631.155,0.060
1757011779.781821,29633.224,0.060
1757011779.783890,29635.293,0.060
1757011779.785959,29637.362,0.060
1757011779.788028,29639.432,0.060
1757011779.790097,29641.501,0.060
1757011779.792166,29643.569,0.060
1757011779.794234,29645.638,0.060
1757011779.796301,29647.704,0.060
1757011779.798370,29649.773,0.060
1757011779.800437,29651.840,0.060
1757011779.802506,29653.910,0.060
1757011779.804572,29655.976,0.060
1757011779.806641,29658.045,0.060
1757011779.808710,29660.114,0.060
1757011779.810779,29662.182,0.060
1757011779.812847,29664.250,0.060
1757011779.814917,29666.320,0.060
1757011779.816987,29668.390,0.060
1757011779.819055,29670.459,0.060
1757011779.821125,29672.528,0.060
1757011779.823193,29674.597,0.060
1757011779.825261,29676.664,0.060
1757011779.827330,29678.734,0.060
1757011779.829401,29680.804,0.060
1757011779.831470,29682.873,0.060
1757011779.833538,29684.942,0.060
1757011779.835608,29687.011,0.060
1757011779.837677,29689.081,0.060
1757011779.839745,29691.149,0.060
1757011779.841814,29693.217,0.060
1757011779.843883,29695.286,0.060
1757011779.845951,29697.355,0.060
1757011779.848026,29699.430,0.060
1757011779.850095,29701.498,0.060
1757011779.852163,29703.567,0.060
1757011779.854232,29705.636,0.060
1757011779.856300,29707.703,0.060
1757011779.858370,29709.773,0.060
1757011779.860439,29711.842,0.060
1757011779.862508,29713.911,0.060
1757011779.864576,29715.980,0.060
1757011779.866646,29718.049,0.060
1757011779.868715,29720.118,0.060
1757011779.870784,29722.188,0.060
1757011779.872853,29724.257,0.060
1757011779.874923,29726.326,0.060
1757011779.876993,29728.396,0.060
1757011779.879061,29730.464,0.060
1757011779.881129,29732.532,0.060
1757011779.883198,29734.601,0.060
1757011779.885268,29736.671,0.060
1757011779.887337,29738.740,0.060
1757011779.889407,29740.810,0.060
1757011779.891474,29742.878,0.060
1757011779.893544,29744.947,0.060
1757011779.895612,29747.016,0.060
1757011779.897682,29749.085,0.060
1757011779.899751,29751.154,0.060
1757011779.901820,29753.223,0.060
1757011779.903889,29755.292,0.060
1757011779.905958,29757.361,0.060
1757011779.908025,29759.428,0.060
1757011779.910094,29761.497,0.060
1757011779.912162,29763.566,0.060
1757011779.914232,29765.635,0.060
1757011779.916297,29767.701,0.060
1757011779.918366,29769.770,0.060
1757011779.920436,29771.839,0.060
1757011779.922505,29773.908,0.060
1757011779.924574,29775.977,0.060
1757011779.926643,29778.047,0.060
1757011779.928712,29780.116,0.060
1757011779.930781,29782.185,0.060
1757011779.932849,29784.252,0.060
1757011779.934918,29786.321,0.060
1757011779.936987,29788.390,0.060
1757011779.939055,29790.459,0.060
1757011779.941124,29792.527,0.060
1757011779.943192,29794.596,0.060
1757011779.945263,29796.666,0.060
1757011779.947331,29798.735,0.060
1757011779.949399,29800.803,0.060
1757011779.951468,29802.871,0.060
1757011779.953538,29804.942,0.060
1757011779.955608,29807.011,0.060
1757011779.957678,29809.081,0.060
1757011779.959747,29811.150,0.060
1757011779.961815,29813.219,0.060
1757011779.963884,29815.287,0.060
1757011779.965952,29817.355,0.060
1757011779.968023,29819.427,0.060
1757011779.970093,29821.496,0.060
1757011779.972162,29823.565,0.060
1757011779.974231,29825.635,0.060
1757011779.976299,29827.702,0.060
1757011779.978367,29829.771,0.060
1757011779.980435,29831.839,0.060
1757011779.982504,29833.908,0.060
1757011779.984571,29835.975,0.060
1757011779.986640,29838.044,0.060
1757011779.988709,29840.112,0.060
1757011779.990778,29842.182,0.060
1757011779.992844,29844.248,0.060
1757011779.994913,29846.317,0.060
1757011779.996982,29848.385,0.060
1757011779.999050,29850.454,0.060
1757011780.001119,29852.522,0.060
1757011780.003187,29854.591,0.060
1757011780.005256,29856.660,0.060
1757011780.007325,29858.728,0.060
1757011780.009395,29860.799,0.060
1757011780.011465,29862.868,0.060
1757011780.013533,29864.936,0.060
1757011780.015602,29867.006,0.060
1757011780.017670,29869.074,0.060
1757011780.019740,29871.143,0.060
1757011780.021809,29873.212,0.060
1757011780.023877,29875.281,0.060
1757011780.025946,29877.350,0.060
1757011780.028019,29879.423,0.060
1757011780.030088,29881.492,0.060
1757011780.032157,29883.561,0.060
1757011780.034226,29885.630,0.060
1757011780.036294,29887.698,0.060
1757011780.038364,29889.767,0.060
1757011780.040433,29891.836,0.060
1757011780.042502,29893.905,0.060
1757011780.044569,29895.972,0.060
1757011780.046638,29898.041,0.060
1757011780.048706,29900.109,0.060
1757011780.050774,29902.178,0.060
1757011780.052841,29904.245,0.060
1757011780.054910,29906.314,0.060
1757011780.056978,29908.382,0.060
1757011780.059047,29910.451,0.060
1757011780.061117,29912.521,0.060
1757011780.063186,29914.590,0.060
1757011780.065255,29916.658,0.060
1757011780.067324,29918.727,0.060
1757011780.069393,29920.797,0.060
1757011780.071462,29922.866,0.060
1757011780.073531,29924.935,0.060
1757011780.075600,29927.003,0.060
1757011780.077669,29929.073,0.060
1757011780.079738,29931.142,0.060
1757011780.081809,29933.213,0.060
1757011780.083878,29935.282,0.060
1757011780.085947,29937.351,0.060
1757011780.088025,29939.428,0.060
1757011780.090094,29941.497,0.060
1757011780.092163,29943.567,0.060
1757011780.094232,29945.636,0.060
1757011780.096303,29947.707,0.060
1757011780.098373,29949.777,0.060
1757011780.100440,29951.844,0.060
1757011780.102512,29953.916,0.060
1757011780.104581,29955.984,0.060
1757011780.106652,29958.056,0.060
1757011780.108721,29960.125,0.060
1757011780.110790,29962.194,0.060
1757011780.112860,29964.263,0.060
1757011780.114929,29966.332,0.060
1757011780.116997,29968.401,0.060
1757011780.119067,29970.470,0.060
1757011780.121137,29972.540,0.060
1757011780.123206,29974.609,0.060
1757011780.125274,29976.678,0.060
1757011780.127343,29978.747,0.060
1757011780.129414,29980.817,0.060
1757011780.131483,29982.887,0.060
1757011780.133552,29984.955,0.060
1757011780.135620,29987.024,0.060
1757011780.137690,29989.093,0.060
1757011780.139759,29991.162,0.060
1757011780.141828,29993.231,0.060
1757011780.143897,29995.301,0.060
1757011780.145966,29997.370,0.060
1757011780.148030,29999.434,0.060
