ts_sec,rel_ms,current_mA
1757368260.432086,0.177,0.100
1757368260.434149,2.240,0.100
1757368260.436207,4.298,0.100
1757368260.438265,6.356,0.100
1757368260.440323,8.415,0.100
1757368260.442380,10.472,0.100
1757368260.444437,12.528,0.100
1757368260.446495,14.586,0.100
1757368260.448552,16.643,0.100
1757368260.450610,18.701,0.100
1757368260.452669,20.760,0.100
1757368260.454727,22.818,0.100
1757368260.456793,24.884,0.100
1757368260.458852,26.943,0.100
1757368260.460910,29.001,0.100
1757368260.462968,31.059,0.100
1757368260.465025,33.117,0.100
1757368260.467083,35.174,0.100
1757368260.469142,37.233,0.100
1757368260.471200,39.291,0.100
1757368260.473259,41.350,0.100
1757368260.475317,43.408,0.100
1757368260.477376,45.467,0.100
1757368260.479435,47.526,0.100
1757368260.481495,49.587,0.100
1757368260.483557,51.648,0.100
1757368260.485616,53.708,0.100
1757368260.487678,55.769,0.100
1757368260.489744,57.836,0.100
1757368260.491835,59.926,0.100
1757368260.493918,62.010,0.100
1757368260.495982,64.073,0.100
1757368260.498065,66.156,0.100
1757368260.500129,68.220,0.100
1757368260.502192,70.284,0.100
1757368260.504255,72.346,0.100
1757368260.506319,74.410,0.100
1757368260.508388,76.479,0.100
1757368260.510453,78.544,0.100
1757368260.512517,80.609,0.100
1757368260.514592,82.684,0.100
1757368260.516660,84.751,0.100
1757368260.518726,86.817,0.100
1757368260.520793,88.884,0.100
1757368260.522865,90.956,0.100
1757368260.524930,93.022,0.100
1757368260.527006,95.097,0.100
1757368260.529075,97.166,0.100
1757368260.531144,99.236,0.100
1757368260.533214,101.305,0.100
1757368260.535284,103.375,0.100
1757368260.537353,105.444,0.100
1757368260.539423,107.514,0.100
1757368260.541495,109.586,0.100
1757368260.543565,111.656,0.100
1757368260.545636,113.727,0.100
1757368260.547705,115.796,0.100
1757368260.549776,117.867,0.100
1757368260.551845,119.936,0.100
1757368260.553915,122.006,0.100
1757368260.555984,124.075,0.100
1757368260.558053,126.145,0.100
1757368260.560123,128.214,0.100
1757368260.562192,130.283,0.100
1757368260.564260,132.351,0.100
1757368260.566328,134.419,0.100
1757368260.568398,136.489,0.100
1757368260.570468,138.559,0.100
1757368260.572542,140.633,0.100
1757368260.574611,142.703,0.100
1757368260.576683,144.774,0.100
1757368260.578752,146.843,0.100
1757368260.580822,148.913,0.100
1757368260.582891,150.983,0.100
1757368260.584965,153.057,0.100
1757368260.587047,155.138,0.100
1757368260.589120,157.211,0.100
1757368260.591191,159.282,0.100
1757368260.593264,161.355,0.100
1757368260.595335,163.426,0.100
1757368260.597406,165.497,0.100
1757368260.599475,167.567,0.100
1757368260.601546,169.637,0.100
1757368260.603616,171.707,0.100
1757368260.605685,173.776,0.100
1757368260.607755,175.846,0.100
1757368260.609824,177.916,0.100
1757368260.611893,179.985,0.100
1757368260.613963,182.055,0.100
1757368260.616021,184.112,0.100
1757368260.618091,186.182,0.100
1757368260.620157,188.248,0.100
1757368260.622226,190.317,0.100
1757368260.624293,192.384,0.100
1757368260.626361,194.453,0.100
1757368260.628484,196.575,0.100
1757368260.630555,198.646,0.100
1757368260.632624,200.715,0.100
1757368260.634693,202.785,0.100
1757368260.636762,204.853,0.100
1757368260.638832,206.923,0.100
1757368260.640900,208.991,0.100
1757368260.642969,211.060,0.100
1757368260.645039,213.130,0.100
1757368260.647108,215.199,0.100
1757368260.649178,217.269,0.100
1757368260.651246,219.337,0.080
1757368260.653317,221.408,0.080
1757368260.655387,223.478,0.080
1757368260.657456,225.548,0.080
1757368260.659526,227.617,0.080
1757368260.661596,229.687,0.080
1757368260.663665,231.756,0.080
1757368260.665734,233.825,0.080
1757368260.667804,235.896,0.080
1757368260.669874,237.966,0.080
1757368260.671944,240.035,0.080
1757368260.674013,242.104,0.080
1757368260.676079,244.170,0.080
1757368260.678148,246.239,0.080
1757368260.680217,248.308,0.080
1757368260.682286,250.377,0.080
1757368260.684352,252.443,0.080
1757368260.686422,254.514,0.080
1757368260.688490,256.582,0.080
1757368260.690560,258.651,0.080
1757368260.692627,260.718,0.080
1757368260.694696,262.787,0.080
1757368260.696766,264.857,0.080
1757368260.698835,266.926,0.080
1757368260.700902,268.993,0.080
1757368260.702972,271.063,0.080
1757368260.705041,273.132,0.080
1757368260.707110,275.201,0.080
1757368260.709179,277.271,0.080
1757368260.711249,279.340,0.080
1757368260.713318,281.409,0.080
1757368260.715386,283.477,0.080
1757368260.717456,285.547,0.080
1757368260.719525,287.616,0.080
1757368260.721593,289.684,0.080
1757368260.723662,291.754,0.080
1757368260.725732,293.823,0.080
1757368260.727800,295.892,0.080
1757368260.729869,297.960,0.080
1757368260.731938,300.030,0.080
1757368260.734008,302.099,0.080
1757368260.736075,304.166,0.080
1757368260.738144,306.236,0.080
1757368260.740212,308.303,0.080
1757368260.742281,310.372,0.080
1757368260.744349,312.440,0.080
1757368260.746418,314.509,0.080
1757368260.748486,316.577,0.080
1757368260.750555,318.646,0.080
1757368260.752621,320.713,0.080
1757368260.754691,322.782,0.080
1757368260.756759,324.850,0.080
1757368260.758828,326.919,0.080
1757368260.760896,328.987,0.080
1757368260.762965,331.056,0.080
1757368260.765035,333.126,0.080
1757368260.767103,335.194,0.080
1757368260.769172,337.263,0.080
1757368260.771242,339.333,0.080
1757368260.773310,341.401,0.080
1757368260.775379,343.471,0.080
1757368260.777448,345.540,0.080
1757368260.779518,347.609,0.080
1757368260.781587,349.678,0.080
1757368260.783656,351.747,0.080
1757368260.785725,353.817,0.080
1757368260.787794,355.885,0.080
1757368260.789863,357.954,0.080
1757368260.791932,360.023,0.080
1757368260.794000,362.092,0.080
1757368260.796066,364.157,0.080
1757368260.798136,366.227,0.080
1757368260.800204,368.295,0.080
1757368260.802273,370.364,0.080
1757368260.804339,372.430,0.080
1757368260.806409,374.500,0.080
1757368260.808477,376.568,0.080
1757368260.810546,378.637,0.080
1757368260.812614,380.705,0.080
1757368260.814683,382.774,0.080
1757368260.816750,384.841,0.080
1757368260.818819,386.910,0.080
1757368260.820887,388.978,0.080
1757368260.822955,391.047,0.080
1757368260.825024,393.115,0.080
1757368260.827093,395.185,0.080
1757368260.829161,397.253,0.080
1757368260.831230,399.322,0.080
1757368260.833306,401.397,0.080
1757368260.835377,403.468,0.080
1757368260.837447,405.538,0.080
1757368260.839516,407.607,0.080
1757368260.841585,409.677,0.080
1757368260.843655,411.746,0.080
1757368260.845724,413.815,0.080
1757368260.847793,415.884,0.080
1757368260.849862,417.953,0.080
1757368260.851933,420.024,0.080
1757368260.854002,422.093,0.080
1757368260.856069,424.160,0.080
1757368260.858138,426.229,0.080
1757368260.860206,428.297,0.080
1757368260.862274,430.366,0.080
1757368260.864342,432.434,0.080
1757368260.866411,434.502,0.080
1757368260.868479,436.570,0.080
1757368260.870548,438.639,0.080
1757368260.872616,440.707,0.080
1757368260.874686,442.777,0.080
1757368260.876757,444.848,0.080
1757368260.878827,446.918,0.080
1757368260.880900,448.991,0.080
1757368260.882970,451.061,0.080
1757368260.885038,453.129,0.080
1757368260.887123,455.215,0.080
1757368260.889202,457.293,0.080
1757368260.891272,459.363,0.080
1757368260.893365,461.456,0.080
1757368260.895436,463.527,0.080
1757368260.897505,465.596,0.080
1757368260.899574,467.665,0.080
1757368260.901643,469.734,0.080
1757368260.903713,471.804,0.080
1757368260.905782,473.873,0.080
1757368260.907851,475.942,0.080
1757368260.909920,478.012,0.080
1757368260.911989,480.081,0.080
1757368260.914058,482.150,0.080
1757368260.916125,484.216,0.080
1757368260.918195,486.286,0.080
1757368260.920262,488.353,0.080
1757368260.922331,490.422,0.080
1757368260.924397,492.488,0.080
1757368260.926465,494.556,0.080
1757368260.928534,496.625,0.080
1757368260.930603,498.694,0.080
1757368260.932671,500.762,0.080
1757368260.934740,502.831,0.080
1757368260.936809,504.900,0.080
1757368260.938879,506.970,0.080
1757368260.940948,509.039,0.080
1757368260.943022,511.113,0.080
1757368260.945091,513.183,0.080
1757368260.947162,515.253,0.080
1757368260.949236,517.327,0.080
1757368260.951307,519.398,0.080
1757368260.953380,521.472,0.080
1757368260.955451,523.542,0.080
1757368260.957521,525.612,0.080
1757368260.959591,527.682,0.080
1757368260.961660,529.752,0.080
1757368260.963729,531.821,0.080
1757368260.965800,533.891,0.080
1757368260.967870,535.961,0.080
1757368260.969939,538.031,0.080
1757368260.972034,540.125,0.080
1757368260.974103,542.194,0.080
1757368260.976171,544.262,0.080
1757368260.978241,546.332,0.080
1757368260.980308,548.399,0.080
1757368260.982404,550.495,0.080
1757368260.984476,552.567,0.080
1757368260.986548,554.639,0.080
1757368260.988614,556.705,0.080
1757368260.990685,558.776,0.080
1757368260.992754,560.845,0.080
1757368260.994824,562.915,0.080
1757368260.996891,564.982,0.080
1757368260.998962,567.053,0.080
1757368261.001030,569.121,0.080
1757368261.003100,571.191,0.080
1757368261.005168,573.259,0.080
1757368261.007239,575.330,0.080
1757368261.009307,577.398,0.080
1757368261.011376,579.467,0.080
1757368261.013450,581.541,0.080
1757368261.015520,583.611,0.080
1757368261.017592,585.683,0.080
1757368261.019660,587.751,0.080
1757368261.021730,589.822,0.080
1757368261.023799,591.890,0.080
1757368261.025869,593.960,0.080
1757368261.027939,596.030,0.080
1757368261.030009,598.100,0.080
1757368261.032076,600.167,0.080
1757368261.034145,602.237,0.080
1757368261.036214,604.306,0.080
1757368261.038284,606.375,0.080
1757368261.040353,608.444,0.080
1757368261.042422,610.513,0.080
1757368261.044491,612.582,0.080
1757368261.046560,614.651,0.080
1757368261.048628,616.719,0.080
1757368261.050697,618.788,0.080
1757368261.052766,620.857,0.080
1757368261.054835,622.926,0.080
1757368261.056903,624.994,0.080
1757368261.058973,627.064,0.080
1757368261.061041,629.133,0.080
1757368261.063110,631.201,0.080
1757368261.065180,633.271,0.080
1757368261.067249,635.340,0.080
1757368261.069319,637.410,0.080
1757368261.071389,639.480,0.080
1757368261.073458,641.549,0.080
1757368261.075528,643.619,0.080
1757368261.077599,645.690,0.080
1757368261.079668,647.759,0.080
1757368261.081738,649.830,0.080
1757368261.083807,651.898,0.080
1757368261.085877,653.968,0.080
1757368261.087946,656.037,0.080
1757368261.090015,658.107,0.080
1757368261.092084,660.175,0.080
1757368261.094154,662.245,0.080
1757368261.096221,664.312,0.080
1757368261.098291,666.382,0.080
1757368261.100359,668.450,0.080
1757368261.102428,670.519,0.080
1757368261.104498,672.589,0.080
1757368261.106568,674.659,0.080
1757368261.108637,676.728,0.080
1757368261.110707,678.798,0.080
1757368261.112776,680.867,0.080
1757368261.114846,682.937,0.080
1757368261.116916,685.007,0.080
1757368261.118986,687.077,0.080
1757368261.121056,689.147,0.080
1757368261.123125,691.216,0.080
1757368261.125195,693.286,0.080
1757368261.127265,695.356,0.080
1757368261.129335,697.426,0.080
1757368261.131404,699.496,0.080
1757368261.133478,701.569,0.080
1757368261.135546,703.638,0.080
1757368261.137636,705.727,0.080
1757368261.139703,707.794,0.080
1757368261.141768,709.859,0.080
1757368261.143846,711.937,0.080
1757368261.145911,714.002,0.080
1757368261.147970,716.061,0.080
1757368261.150029,718.120,0.080
1757368261.152087,720.178,0.080
1757368261.154145,722.236,0.080
1757368261.156204,724.295,0.080
1757368261.158264,726.355,0.080
1757368261.160321,728.412,0.080
1757368261.162380,730.471,0.080
1757368261.164438,732.530,0.080
1757368261.166504,734.595,0.080
1757368261.168741,736.833,0.080
1757368261.170803,738.894,0.080
1757368261.172860,740.951,0.080
1757368261.174919,743.010,0.080
1757368261.176986,745.077,0.080
1757368261.179056,747.148,0.080
1757368261.181128,749.219,0.080
1757368261.183191,751.282,0.080
1757368261.185249,753.340,0.080
1757368261.187307,755.398,0.080
1757368261.189364,757.455,0.080
1757368261.191424,759.515,0.080
1757368261.193483,761.574,0.080
1757368261.195543,763.634,0.080
1757368261.197601,765.692,0.080
1757368261.199661,767.752,0.080
1757368261.201722,769.813,0.080
1757368261.203783,771.874,0.080
1757368261.205844,773.935,0.080
1757368261.207906,775.997,0.080
1757368261.209965,778.057,0.080
1757368261.212012,780.103,0.080
1757368261.214076,782.167,0.080
1757368261.216140,784.231,0.080
1757368261.218206,786.297,0.080
1757368261.220271,788.363,0.080
1757368261.222337,790.428,0.080
1757368261.224402,792.493,0.080
1757368261.226470,794.561,0.080
1757368261.228536,796.628,0.080
1757368261.230604,798.695,0.100
1757368261.232669,800.760,0.100
1757368261.234737,802.828,0.100
1757368261.236805,804.896,0.100
1757368261.238874,806.966,0.100
1757368261.240942,809.033,0.080
1757368261.243011,811.102,0.080
1757368261.245080,813.171,0.080
1757368261.247148,815.239,0.080
1757368261.249218,817.309,0.080
1757368261.251287,819.378,0.080
1757368261.253397,821.488,0.080
1757368261.255467,823.558,0.080
1757368261.257537,825.629,0.080
1757368261.259607,827.698,0.080
1757368261.261676,829.767,0.080
1757368261.263745,831.836,0.080
1757368261.265815,833.906,0.080
1757368261.267884,835.975,0.080
1757368261.269952,838.043,0.080
1757368261.272021,840.112,0.080
1757368261.274090,842.181,0.080
1757368261.276159,844.250,0.080
1757368261.278228,846.319,0.080
1757368261.280295,848.387,0.080
1757368261.282365,850.456,0.080
1757368261.284433,852.524,0.080
1757368261.286503,854.594,0.080
1757368261.288572,856.663,0.080
1757368261.290641,858.732,0.080
1757368261.292710,860.801,0.080
1757368261.294779,862.870,0.080
1757368261.296847,864.938,0.080
1757368261.298916,867.007,0.080
1757368261.300984,869.075,0.080
1757368261.303052,871.143,0.080
1757368261.305123,873.214,0.080
1757368261.307192,875.283,0.080
1757368261.309261,877.352,0.080
1757368261.311329,879.420,0.080
1757368261.313400,881.491,0.080
1757368261.315469,883.560,0.080
1757368261.317535,885.626,0.080
1757368261.319617,887.708,0.080
1757368261.321689,889.780,0.080
1757368261.323749,891.840,0.080
1757368261.325808,893.899,0.080
1757368261.327865,895.956,0.080
1757368261.329921,898.013,0.080
1757368261.331978,900.069,0.080
1757368261.334041,902.132,0.080
1757368261.336099,904.190,0.080
1757368261.338158,906.249,0.080
1757368261.340216,908.307,0.080
1757368261.342275,910.366,0.080
1757368261.344341,912.432,0.080
1757368261.346407,914.498,0.080
1757368261.348471,916.562,0.080
1757368261.350531,918.622,0.080
1757368261.352590,920.681,0.080
1757368261.354656,922.747,0.080
1757368261.356717,924.808,0.080
1757368261.358778,926.870,0.080
1757368261.360841,928.932,0.080
1757368261.362907,930.998,0.080
1757368261.364969,933.060,0.080
1757368261.367032,935.123,0.080
1757368261.369093,937.185,0.080
1757368261.371159,939.250,0.080
1757368261.373224,941.315,0.080
1757368261.375289,943.380,0.080
1757368261.377360,945.451,0.080
1757368261.379428,947.519,0.080
1757368261.381494,949.585,0.080
1757368261.383568,951.659,0.080
1757368261.385636,953.727,0.080
1757368261.387705,955.796,0.080
1757368261.389778,957.869,0.080
1757368261.391848,959.939,0.080
1757368261.393917,962.008,0.080
1757368261.395986,964.077,0.080
1757368261.398057,966.148,0.080
1757368261.400115,968.206,0.080
1757368261.402722,970.813,0.080
1757368261.406087,974.179,0.100
1757368261.408654,976.746,0.100
1757368261.410967,979.058,0.100
1757368261.413050,981.141,0.100
1757368261.415133,983.224,0.100
1757368261.417202,985.293,0.100
1757368261.419261,987.353,0.100
1757368261.421323,989.414,0.100
1757368261.423386,991.477,0.100
1757368261.425448,993.539,0.100
1757368261.427509,995.600,0.100
1757368261.429572,997.663,0.120
1757368261.431629,999.721,0.120
1757368261.433696,1001.787,0.120
1757368261.435754,1003.845,0.120
1757368261.437814,1005.905,0.120
1757368261.439874,1007.965,0.120
1757368261.441933,1010.024,0.120
1757368261.443990,1012.081,0.120
1757368261.446049,1014.141,0.120
1757368261.448107,1016.199,0.120
1757368261.450169,1018.260,0.120
1757368261.452228,1020.319,0.140
1757368261.454286,1022.377,0.140
1757368261.456347,1024.439,0.140
1757368261.458405,1026.497,0.140
1757368261.460463,1028.554,0.140
1757368261.462525,1030.616,0.140
1757368261.464586,1032.677,0.140
1757368261.466644,1034.735,0.140
1757368261.468703,1036.794,0.140
1757368261.470761,1038.852,0.140
1757368261.472824,1040.915,0.140
1757368261.474882,1042.974,0.160
1757368261.476943,1045.034,0.160
1757368261.479001,1047.092,0.160
1757368261.481061,1049.152,0.160
1757368261.483120,1051.212,0.160
1757368261.485180,1053.271,0.160
1757368261.487238,1055.329,0.160
1757368261.489294,1057.385,0.160
1757368261.491354,1059.445,0.160
1757368261.493412,1061.503,0.160
1757368261.495474,1063.565,0.160
1757368261.497532,1065.623,0.160
1757368261.499593,1067.684,0.160
1757368261.501655,1069.746,0.180
1757368261.503713,1071.804,0.180
1757368261.505774,1073.865,0.180
1757368261.507833,1075.925,0.180
1757368261.509893,1077.984,0.180
1757368261.511950,1080.041,0.180
1757368261.514012,1082.103,0.180
1757368261.516070,1084.161,0.180
1757368261.518131,1086.222,0.180
1757368261.520188,1088.279,0.180
1757368261.522248,1090.339,0.180
1757368261.524306,1092.397,0.180
1757368261.526366,1094.458,0.180
1757368261.528427,1096.518,0.200
1757368261.530485,1098.576,0.200
1757368261.532542,1100.633,0.200
1757368261.534600,1102.692,0.200
1757368261.536659,1104.750,0.200
1757368261.538721,1106.812,0.200
1757368261.540782,1108.873,0.200
1757368261.542841,1110.932,0.200
1757368261.544904,1112.995,0.200
1757368261.546967,1115.058,0.200
1757368261.549026,1117.117,0.200
1757368261.551088,1119.179,0.200
1757368261.553150,1121.241,0.200
1757368261.555209,1123.300,0.200
1757368261.557266,1125.357,0.200
1757368261.559325,1127.416,0.220
1757368261.561384,1129.475,0.220
1757368261.563449,1131.540,0.220
1757368261.565508,1133.599,0.220
1757368261.567570,1135.661,0.220
1757368261.569633,1137.724,0.220
1757368261.571690,1139.781,0.220
1757368261.573752,1141.844,0.220
1757368261.575811,1143.902,0.220
1757368261.577870,1145.962,0.220
1757368261.579929,1148.021,0.220
1757368261.581988,1150.079,0.220
1757368261.584011,1152.102,0.220
1757368261.586073,1154.164,0.220
1757368261.588133,1156.224,0.220
1757368261.590194,1158.285,0.240
1757368261.592254,1160.345,0.240
1757368261.594312,1162.403,0.240
1757368261.596373,1164.464,0.240
1757368261.598431,1166.522,0.240
1757368261.600489,1168.581,0.240
1757368261.602551,1170.642,0.240
1757368261.604609,1172.700,0.240
1757368261.606671,1174.762,0.240
1757368261.608730,1176.821,0.240
1757368261.610789,1178.880,0.240
1757368261.612847,1180.938,0.240
1757368261.614906,1182.997,0.240
1757368261.616968,1185.059,0.240
1757368261.619028,1187.119,0.240
1757368261.621087,1189.178,0.260
1757368261.623146,1191.237,0.260
1757368261.625207,1193.298,0.260
1757368261.627266,1195.357,0.260
1757368261.629325,1197.416,0.260
1757368261.631385,1199.476,0.260
1757368261.633444,1201.535,0.260
1757368261.635501,1203.592,0.260
1757368261.637563,1205.654,0.260
1757368261.639625,1207.716,0.260
1757368261.641684,1209.775,0.260
1757368261.643743,1211.834,0.260
1757368261.645802,1213.893,0.260
1757368261.647860,1215.951,0.260
1757368261.649920,1218.012,0.260
1757368261.651978,1220.069,0.260
1757368261.654039,1222.130,0.260
1757368261.656097,1224.188,0.260
1757368261.658155,1226.246,0.280
1757368261.660215,1228.306,0.280
1757368261.662275,1230.366,0.280
1757368261.664333,1232.424,0.280
1757368261.666391,1234.482,0.280
1757368261.668452,1236.543,0.280
1757368261.670513,1238.605,0.280
1757368261.672575,1240.666,0.280
1757368261.674635,1242.727,0.280
1757368261.676697,1244.788,0.280
1757368261.678756,1246.847,0.280
1757368261.680813,1248.904,0.280
1757368261.682873,1250.964,0.280
1757368261.684934,1253.025,0.280
1757368261.686994,1255.085,0.280
1757368261.689056,1257.147,0.280
1757368261.691114,1259.206,0.280
1757368261.693178,1261.269,0.280
1757368261.695237,1263.328,0.280
1757368261.697296,1265.387,0.280
1757368261.699357,1267.448,0.300
1757368261.701417,1269.508,0.300
1757368261.703475,1271.567,0.300
1757368261.705545,1273.636,0.300
1757368261.707603,1275.694,0.300
1757368261.709664,1277.755,0.300
1757368261.711724,1279.815,0.300
1757368261.713783,1281.874,0.300
1757368261.715845,1283.936,0.300
1757368261.717904,1285.995,0.300
1757368261.719963,1288.054,0.300
1757368261.722022,1290.113,0.300
1757368261.724078,1292.170,0.300
1757368261.726138,1294.229,0.300
1757368261.728196,1296.288,0.300
1757368261.730255,1298.346,0.300
1757368261.732316,1300.408,0.300
1757368261.734375,1302.466,0.300
1757368261.736437,1304.528,0.300
1757368261.738497,1306.588,0.300
1757368261.740559,1308.650,0.300
1757368261.742618,1310.709,0.320
1757368261.744678,1312.769,0.320
1757368261.746738,1314.829,0.320
1757368261.748800,1316.891,0.320
1757368261.750859,1318.950,0.320
1757368261.752916,1321.007,0.320
1757368261.754975,1323.066,0.320
1757368261.757033,1325.124,0.320
1757368261.759096,1327.187,0.320
1757368261.761155,1329.246,0.320
1757368261.763215,1331.306,0.320
1757368261.765275,1333.366,0.320
1757368261.767332,1335.423,0.320
1757368261.769393,1337.484,0.320
1757368261.771453,1339.544,0.320
1757368261.773515,1341.606,0.320
1757368261.775575,1343.666,0.320
1757368261.777633,1345.725,0.320
1757368261.779694,1347.785,0.320
1757368261.781756,1349.847,0.320
1757368261.783816,1351.907,0.320
1757368261.785877,1353.969,0.320
1757368261.787936,1356.027,0.320
1757368261.789996,1358.087,0.340
1757368261.792022,1360.113,0.340
1757368261.794090,1362.181,0.340
1757368261.796149,1364.240,0.340
1757368261.798207,1366.298,0.340
1757368261.800264,1368.355,0.340
1757368261.802325,1370.416,0.340
1757368261.804381,1372.473,0.340
1757368261.806442,1374.533,0.340
1757368261.808500,1376.591,0.340
1757368261.810560,1378.651,0.340
1757368261.812623,1380.714,0.340
1757368261.814683,1382.774,0.340
1757368261.816740,1384.831,0.340
1757368261.818799,1386.890,0.340
1757368261.820859,1388.950,0.340
1757368261.822921,1391.012,0.340
1757368261.824983,1393.074,0.340
1757368261.827044,1395.135,0.340
1757368261.829103,1397.194,0.340
1757368261.831161,1399.252,0.340
1757368261.833222,1401.313,0.340
1757368261.835281,1403.372,0.340
1757368261.837343,1405.434,0.340
1757368261.839401,1407.493,0.340
1757368261.841460,1409.552,0.340
1757368261.843518,1411.609,0.360
1757368261.845578,1413.670,0.360
1757368261.847636,1415.727,0.360
1757368261.849697,1417.788,0.360
1757368261.851757,1419.848,0.360
1757368261.853816,1421.907,0.360
1757368261.855875,1423.966,0.360
1757368261.857936,1426.027,0.360
1757368261.859993,1428.084,0.360
1757368261.862052,1430.143,0.360
1757368261.864111,1432.202,0.360
1757368261.866173,1434.264,0.360
1757368261.868231,1436.322,0.360
1757368261.870289,1438.380,0.360
1757368261.872347,1440.439,0.360
1757368261.874407,1442.498,0.360
1757368261.876464,1444.555,0.360
1757368261.878525,1446.616,0.360
1757368261.880584,1448.675,0.360
1757368261.882643,1450.734,0.360
1757368261.884702,1452.793,0.360
1757368261.886760,1454.851,0.360
1757368261.888821,1456.912,0.360
1757368261.890879,1458.971,0.360
1757368261.892938,1461.029,0.360
1757368261.894996,1463.087,0.360
1757368261.897055,1465.146,0.360
1757368261.899113,1467.205,0.360
1757368261.901176,1469.267,0.360
1757368261.903234,1471.325,0.360
1757368261.905292,1473.383,0.360
1757368261.907351,1475.442,0.360
1757368261.909408,1477.499,0.380
1757368261.911472,1479.563,0.380
1757368261.913530,1481.622,0.380
1757368261.915589,1483.680,0.380
1757368261.917650,1485.741,0.380
1757368261.919708,1487.799,0.380
1757368261.921766,1489.857,0.380
1757368261.923825,1491.916,0.380
1757368261.925884,1493.975,0.380
1757368261.927943,1496.034,0.380
1757368261.930003,1498.094,0.380
1757368261.932061,1500.152,0.380
1757368261.934123,1502.214,0.380
1757368261.936181,1504.272,0.380
1757368261.938242,1506.333,0.380
1757368261.940299,1508.390,0.380
1757368261.942358,1510.449,0.380
1757368261.944418,1512.509,0.380
1757368261.946477,1514.569,0.380
1757368261.948535,1516.626,0.380
1757368261.950594,1518.685,0.380
1757368261.952651,1520.742,0.380
1757368261.954711,1522.802,0.380
1757368261.956771,1524.862,0.380
1757368261.958831,1526.922,0.380
1757368261.960892,1528.983,0.380
1757368261.962950,1531.042,0.380
1757368261.965013,1533.104,0.380
1757368261.967072,1535.163,0.380
1757368261.969130,1537.221,0.380
1757368261.971188,1539.279,0.380
1757368261.973250,1541.341,0.380
1757368261.975312,1543.404,0.380
1757368261.977373,1545.465,0.380
1757368261.979433,1547.524,0.380
1757368261.981493,1549.584,0.380
1757368261.983552,1551.643,0.400
1757368261.985609,1553.700,0.400
1757368261.987668,1555.759,0.400
1757368261.989730,1557.821,0.400
1757368261.991788,1559.879,0.400
1757368261.993847,1561.938,0.400
1757368261.995904,1563.995,0.400
1757368261.997964,1566.055,0.400
1757368262.000010,1568.101,0.400
1757368262.002069,1570.160,0.400
1757368262.004126,1572.217,0.400
1757368262.006195,1574.286,0.400
1757368262.008256,1576.347,0.400
1757368262.010315,1578.406,0.400
1757368262.012372,1580.463,0.400
1757368262.014431,1582.522,0.400
1757368262.016488,1584.579,0.400
1757368262.018549,1586.640,0.400
1757368262.020607,1588.699,0.400
1757368262.022667,1590.758,0.400
1757368262.024726,1592.817,0.400
1757368262.026783,1594.874,0.400
1757368262.028843,1596.934,0.400
1757368262.030904,1598.995,0.400
1757368262.032965,1601.056,0.400
1757368262.035022,1603.113,0.400
1757368262.037080,1605.171,0.400
1757368262.039140,1607.231,0.400
1757368262.041200,1609.291,0.400
1757368262.043259,1611.350,0.400
1757368262.045319,1613.410,0.400
1757368262.047379,1615.470,0.400
1757368262.049437,1617.528,0.400
1757368262.051497,1619.589,0.400
1757368262.053556,1621.648,0.400
1757368262.055614,1623.705,0.400
1757368262.057673,1625.764,0.400
1757368262.059732,1627.823,0.400
1757368262.061791,1629.882,0.400
1757368262.063849,1631.941,0.400
1757368262.065909,1634.000,0.400
1757368262.067967,1636.058,0.400
1757368262.070027,1638.118,0.400
1757368262.072084,1640.176,0.400
1757368262.074144,1642.235,0.420
1757368262.076203,1644.294,0.420
1757368262.078260,1646.352,0.420
1757368262.080350,1648.441,0.420
1757368262.082410,1650.501,0.420
1757368262.084471,1652.562,0.420
1757368262.086530,1654.621,0.420
1757368262.088588,1656.680,0.420
1757368262.090647,1658.738,0.420
1757368262.092705,1660.796,0.420
1757368262.094767,1662.858,0.420
1757368262.096826,1664.917,0.420
1757368262.098885,1666.976,0.420
1757368262.100945,1669.036,0.420
1757368262.103004,1671.095,0.420
1757368262.105063,1673.154,0.420
1757368262.107121,1675.213,0.420
1757368262.109181,1677.272,0.420
1757368262.111241,1679.332,0.420
1757368262.113300,1681.391,0.420
1757368262.115359,1683.450,0.420
1757368262.117420,1685.511,0.420
1757368262.119479,1687.570,0.420
1757368262.121536,1689.627,0.420
1757368262.123595,1691.686,0.420
1757368262.125655,1693.746,0.420
1757368262.127715,1695.806,0.420
1757368262.129775,1697.866,0.420
1757368262.131834,1699.925,0.420
1757368262.133896,1701.987,0.420
1757368262.135955,1704.046,0.420
1757368262.138016,1706.108,0.420
1757368262.140077,1708.168,0.420
1757368262.142135,1710.226,0.420
1757368262.144193,1712.284,0.420
1757368262.146251,1714.343,0.420
1757368262.148313,1716.404,0.420
1757368262.150372,1718.463,0.420
1757368262.152431,1720.522,0.420
1757368262.154490,1722.581,0.420
1757368262.156549,1724.641,0.420
1757368262.158609,1726.700,0.420
1757368262.160669,1728.760,0.420
1757368262.162729,1730.820,0.420
1757368262.164786,1732.877,0.420
1757368262.166844,1734.935,0.420
1757368262.168902,1736.993,0.420
1757368262.170963,1739.054,0.420
1757368262.173020,1741.111,0.420
1757368262.175079,1743.170,0.420
1757368262.177140,1745.231,0.420
1757368262.179198,1747.289,0.420
1757368262.181267,1749.358,0.420
1757368262.183326,1751.417,0.420
1757368262.185386,1753.477,0.420
1757368262.187449,1755.540,0.420
1757368262.189518,1757.610,0.440
1757368262.191609,1759.700,0.440
1757368262.193699,1761.790,0.440
1757368262.195783,1763.874,0.440
1757368262.197858,1765.949,0.440
1757368262.199927,1768.018,0.440
1757368262.201990,1770.081,0.440
1757368262.204010,1772.101,0.440
1757368262.206073,1774.164,0.440
1757368262.208130,1776.221,0.440
1757368262.210189,1778.280,0.440
1757368262.212248,1780.339,0.440
1757368262.214309,1782.401,0.440
1757368262.216368,1784.459,0.440
1757368262.218432,1786.523,0.440
1757368262.220498,1788.589,0.440
1757368262.222557,1790.648,0.440
1757368262.224619,1792.710,0.440
1757368262.226678,1794.769,0.440
1757368262.228736,1796.827,0.440
1757368262.230797,1798.888,0.440
1757368262.232856,1800.947,0.440
1757368262.234917,1803.008,0.440
1757368262.236979,1805.070,0.440
1757368262.239039,1807.130,0.440
1757368262.241099,1809.190,0.440
1757368262.243157,1811.248,0.440
1757368262.245215,1813.306,0.440
1757368262.247274,1815.365,0.440
1757368262.249336,1817.427,0.440
1757368262.251395,1819.486,0.440
1757368262.253453,1821.544,0.440
1757368262.255512,1823.603,0.440
1757368262.257573,1825.664,0.440
1757368262.259630,1827.721,0.440
1757368262.261691,1829.782,0.440
1757368262.263750,1831.841,0.440
1757368262.265810,1833.902,0.440
1757368262.267869,1835.960,0.440
1757368262.269934,1838.025,0.440
1757368262.271992,1840.083,0.440
1757368262.274050,1842.141,0.440
1757368262.276108,1844.199,0.440
1757368262.278170,1846.262,0.440
1757368262.280233,1848.324,0.440
1757368262.282293,1850.384,0.440
1757368262.284353,1852.444,0.440
1757368262.286413,1854.504,0.440
1757368262.288473,1856.564,0.440
1757368262.290534,1858.625,0.440
1757368262.292595,1860.687,0.440
1757368262.294654,1862.746,0.440
1757368262.296711,1864.802,0.440
1757368262.298771,1866.862,0.440
1757368262.300829,1868.920,0.440
1757368262.302892,1870.983,0.440
1757368262.304952,1873.043,0.440
1757368262.307014,1875.105,0.440
1757368262.309075,1877.166,0.440
1757368262.311134,1879.225,0.440
1757368262.313195,1881.286,0.440
1757368262.315254,1883.345,0.440
1757368262.317312,1885.404,0.440
1757368262.319371,1887.462,0.440
1757368262.321495,1889.586,0.440
1757368262.323570,1891.661,0.440
1757368262.325638,1893.729,0.440
1757368262.327696,1895.787,0.440
1757368262.329760,1897.851,0.440
1757368262.331820,1899.912,0.440
1757368262.333879,1901.971,0.440
1757368262.335941,1904.032,0.440
1757368262.338005,1906.096,0.440
1757368262.340065,1908.156,0.440
1757368262.342152,1910.243,0.440
1757368262.344217,1912.308,0.440
1757368262.346282,1914.373,0.440
1757368262.348341,1916.432,0.440
1757368262.350399,1918.490,0.440
1757368262.352459,1920.550,0.440
1757368262.354518,1922.609,0.440
1757368262.356576,1924.667,0.440
1757368262.358638,1926.729,0.440
1757368262.360702,1928.793,0.440
1757368262.362762,1930.853,0.440
1757368262.364850,1932.941,0.440
1757368262.366915,1935.006,0.440
1757368262.368979,1937.070,0.440
1757368262.371042,1939.133,0.440
1757368262.373106,1941.198,0.440
1757368262.375178,1943.269,0.460
1757368262.377243,1945.334,0.460
1757368262.379303,1947.394,0.460
1757368262.381365,1949.456,0.460
1757368262.383426,1951.517,0.460
1757368262.385484,1953.575,0.460
1757368262.387543,1955.634,0.460
1757368262.389603,1957.695,0.460
1757368262.391665,1959.757,0.460
1757368262.393738,1961.829,0.460
1757368262.395804,1963.895,0.460
1757368262.397866,1965.957,0.460
1757368262.399929,1968.020,0.460
1757368262.402005,1970.096,0.460
1757368262.404068,1972.159,0.460
1757368262.406168,1974.259,0.460
1757368262.408234,1976.325,0.460
1757368262.410308,1978.400,0.460
1757368262.412372,1980.463,0.460
1757368262.414439,1982.530,0.460
1757368262.416505,1984.596,0.460
1757368262.418569,1986.660,0.460
1757368262.420636,1988.728,0.460
1757368262.422700,1990.791,0.460
1757368262.424765,1992.856,0.460
1757368262.426830,1994.921,0.460
1757368262.428895,1996.986,0.460
1757368262.430956,1999.047,0.460
1757368262.433021,2001.112,0.460
1757368262.435085,2003.176,0.460
1757368262.437150,2005.242,0.460
1757368262.439212,2007.303,0.460
1757368262.441276,2009.367,0.460
1757368262.443340,2011.431,0.460
1757368262.445399,2013.490,0.460
1757368262.447462,2015.553,0.460
1757368262.449527,2017.618,0.460
1757368262.451587,2019.678,0.460
1757368262.453651,2021.743,0.460
1757368262.455714,2023.805,0.460
1757368262.457776,2025.867,0.460
1757368262.459835,2027.926,0.460
1757368262.461899,2029.990,0.460
1757368262.463962,2032.053,0.460
1757368262.466022,2034.113,0.460
1757368262.468081,2036.172,0.460
1757368262.470144,2038.235,0.460
1757368262.472203,2040.294,0.460
1757368262.474262,2042.353,0.460
1757368262.476323,2044.414,0.460
1757368262.478385,2046.477,0.460
1757368262.480448,2048.539,0.460
1757368262.482506,2050.597,0.460
1757368262.484566,2052.658,0.460
1757368262.486626,2054.718,0.460
1757368262.488685,2056.776,0.460
1757368262.490747,2058.838,0.460
1757368262.492809,2060.900,0.460
1757368262.494867,2062.958,0.460
1757368262.496929,2065.020,0.460
1757368262.498990,2067.081,0.460
1757368262.501064,2069.155,0.460
1757368262.503125,2071.216,0.460
1757368262.505185,2073.276,0.460
1757368262.507246,2075.337,0.460
1757368262.509304,2077.395,0.460
1757368262.511364,2079.456,0.460
1757368262.513425,2081.516,0.460
1757368262.515484,2083.575,0.460
1757368262.517542,2085.633,0.460
1757368262.519600,2087.691,0.460
1757368262.521657,2089.748,0.460
1757368262.523715,2091.806,0.460
1757368262.525772,2093.863,0.460
1757368262.527829,2095.920,0.460
1757368262.529887,2097.978,0.460
1757368262.531943,2100.034,0.460
1757368262.534001,2102.092,0.460
1757368262.536057,2104.148,0.460
1757368262.538114,2106.205,0.460
1757368262.540171,2108.262,0.460
1757368262.542228,2110.319,0.440
1757368262.544285,2112.376,0.440
1757368262.546347,2114.438,0.440
1757368262.548413,2116.504,0.440
1757368262.550480,2118.571,0.440
1757368262.552546,2120.637,0.440
1757368262.554614,2122.705,0.440
1757368262.556682,2124.773,0.440
1757368262.558751,2126.842,0.440
1757368262.560819,2128.911,0.440
1757368262.562888,2130.980,0.440
1757368262.564957,2133.049,0.440
1757368262.567026,2135.117,0.420
1757368262.569095,2137.186,0.420
1757368262.571164,2139.255,0.420
1757368262.573232,2141.323,0.420
1757368262.575301,2143.392,0.420
1757368262.577370,2145.461,0.420
1757368262.579439,2147.530,0.420
1757368262.581508,2149.599,0.420
1757368262.583579,2151.670,0.420
1757368262.585647,2153.738,0.420
1757368262.587717,2155.808,0.420
1757368262.589786,2157.877,0.420
1757368262.591855,2159.946,0.400
1757368262.593925,2162.016,0.400
1757368262.595994,2164.086,0.400
1757368262.598063,2166.155,0.400
1757368262.600131,2168.222,0.400
1757368262.602200,2170.291,0.400
1757368262.604266,2172.357,0.400
1757368262.606335,2174.426,0.400
1757368262.608402,2176.493,0.400
1757368262.610471,2178.562,0.400
1757368262.612540,2180.631,0.400
1757368262.614608,2182.699,0.400
1757368262.616677,2184.768,0.380
1757368262.618745,2186.836,0.380
1757368262.620814,2188.905,0.380
1757368262.622884,2190.975,0.380
1757368262.624952,2193.043,0.380
1757368262.627022,2195.113,0.380
1757368262.629089,2197.180,0.380
1757368262.631159,2199.250,0.380
1757368262.633228,2201.319,0.380
1757368262.635297,2203.388,0.380
1757368262.637367,2205.458,0.380
1757368262.639436,2207.527,0.380
1757368262.641505,2209.596,0.380
1757368262.643574,2211.665,0.360
1757368262.645644,2213.735,0.360
1757368262.647712,2215.803,0.360
1757368262.649781,2217.872,0.360
1757368262.651850,2219.942,0.360
1757368262.653919,2222.010,0.360
1757368262.655989,2224.080,0.360
1757368262.658058,2226.149,0.360
1757368262.660126,2228.217,0.360
1757368262.662195,2230.287,0.360
1757368262.664263,2232.355,0.360
1757368262.666333,2234.424,0.360
1757368262.668401,2236.492,0.360
1757368262.670470,2238.561,0.360
1757368262.672539,2240.630,0.340
1757368262.674608,2242.699,0.340
1757368262.676677,2244.768,0.340
1757368262.678745,2246.836,0.340
1757368262.680806,2248.897,0.340
1757368262.682866,2250.957,0.340
1757368262.684933,2253.025,0.340
1757368262.687003,2255.094,0.340
1757368262.689071,2257.163,0.340
1757368262.691141,2259.232,0.340
1757368262.693209,2261.301,0.340
1757368262.695278,2263.369,0.340
1757368262.697346,2265.438,0.340
1757368262.699416,2267.507,0.340
1757368262.701485,2269.577,0.340
1757368262.703555,2271.646,0.320
1757368262.705625,2273.716,0.320
1757368262.707694,2275.785,0.320
1757368262.709763,2277.854,0.320
1757368262.711833,2279.924,0.320
1757368262.713903,2281.994,0.320
1757368262.715972,2284.064,0.320
1757368262.718042,2286.133,0.320
1757368262.720108,2288.199,0.320
1757368262.722177,2290.268,0.320
1757368262.724244,2292.335,0.320
1757368262.726313,2294.404,0.320
1757368262.728380,2296.472,0.320
1757368262.730450,2298.541,0.320
1757368262.732517,2300.608,0.320
1757368262.734586,2302.677,0.320
1757368262.736654,2304.745,0.300
1757368262.738723,2306.814,0.300
1757368262.740793,2308.884,0.300
1757368262.742863,2310.954,0.300
1757368262.744930,2313.021,0.300
1757368262.747000,2315.091,0.300
1757368262.749068,2317.159,0.300
1757368262.751137,2319.229,0.300
1757368262.753206,2321.298,0.300
1757368262.755276,2323.368,0.300
1757368262.757344,2325.435,0.300
1757368262.759414,2327.506,0.300
1757368262.761483,2329.575,0.300
1757368262.763553,2331.644,0.300
1757368262.765622,2333.713,0.300
1757368262.767692,2335.783,0.300
1757368262.769761,2337.852,0.300
1757368262.771831,2339.922,0.280
1757368262.773900,2341.991,0.280
1757368262.775969,2344.060,0.280
1757368262.778038,2346.129,0.280
1757368262.780103,2348.195,0.280
1757368262.782163,2350.255,0.280
1757368262.784233,2352.324,0.280
1757368262.786303,2354.394,0.280
1757368262.788371,2356.462,0.280
1757368262.790440,2358.531,0.280
1757368262.792509,2360.600,0.280
1757368262.794578,2362.669,0.280
1757368262.796646,2364.737,0.280
1757368262.798715,2366.806,0.280
1757368262.800783,2368.875,0.280
1757368262.802853,2370.944,0.280
1757368262.804923,2373.014,0.280
1757368262.806992,2375.083,0.280
1757368262.809060,2377.151,0.280
1757368262.811130,2379.221,0.260
1757368262.813197,2381.289,0.260
1757368262.815267,2383.358,0.260
1757368262.817336,2385.427,0.260
1757368262.819407,2387.498,0.260
1757368262.821476,2389.567,0.260
1757368262.823545,2391.637,0.260
1757368262.825615,2393.706,0.260
1757368262.827684,2395.775,0.260
1757368262.829753,2397.844,0.260
1757368262.831822,2399.913,0.260
1757368262.833892,2401.983,0.260
1757368262.835962,2404.053,0.260
1757368262.838031,2406.122,0.260
1757368262.840098,2408.189,0.260
1757368262.842168,2410.259,0.260
1757368262.844235,2412.326,0.260
1757368262.846304,2414.395,0.260
1757368262.848371,2416.462,0.260
1757368262.850441,2418.532,0.260
1757368262.852510,2420.601,0.260
1757368262.854579,2422.670,0.240
1757368262.856646,2424.737,0.240
1757368262.858716,2426.807,0.240
1757368262.860784,2428.875,0.240
1757368262.862853,2430.944,0.240
1757368262.864921,2433.012,0.240
1757368262.866991,2435.082,0.240
1757368262.869059,2437.150,0.240
1757368262.871128,2439.219,0.240
1757368262.873196,2441.287,0.240
1757368262.875266,2443.357,0.240
1757368262.877334,2445.425,0.240
1757368262.879404,2447.495,0.240
1757368262.881463,2449.554,0.240
1757368262.883528,2451.619,0.240
1757368262.885597,2453.688,0.240
1757368262.887666,2455.757,0.240
1757368262.889736,2457.827,0.240
1757368262.891804,2459.895,0.240
1757368262.893873,2461.964,0.240
1757368262.895942,2464.033,0.240
1757368262.898011,2466.102,0.240
1757368262.900078,2468.169,0.240
1757368262.902148,2470.239,0.220
1757368262.904215,2472.306,0.220
1757368262.906285,2474.376,0.220
1757368262.908352,2476.443,0.220
1757368262.910420,2478.511,0.220
1757368262.912488,2480.579,0.220
1757368262.914557,2482.649,0.220
1757368262.916626,2484.717,0.220
1757368262.918695,2486.786,0.220
1757368262.920764,2488.855,0.220
1757368262.922833,2490.925,0.220
1757368262.924901,2492.992,0.220
1757368262.926970,2495.061,0.220
1757368262.929038,2497.129,0.220
1757368262.931108,2499.199,0.220
1757368262.933402,2501.493,0.220
1757368262.935481,2503.572,0.220
1757368262.937555,2505.646,0.220
1757368262.939626,2507.717,0.220
1757368262.941695,2509.786,0.220
1757368262.943765,2511.856,0.220
1757368262.945836,2513.927,0.220
1757368262.947908,2515.999,0.220
1757368262.949979,2518.070,0.220
1757368262.952028,2520.119,0.220
1757368262.954098,2522.189,0.220
1757368262.956167,2524.258,0.220
1757368262.958237,2526.328,0.220
1757368262.960305,2528.396,0.200
1757368262.962374,2530.466,0.200
1757368262.964450,2532.542,0.200
1757368262.966521,2534.612,0.200
1757368262.968589,2536.680,0.200
1757368262.970658,2538.749,0.200
1757368262.972727,2540.818,0.200
1757368262.974797,2542.888,0.200
1757368262.976865,2544.956,0.200
1757368262.978934,2547.025,0.200
1757368262.981004,2549.095,0.200
1757368262.983073,2551.165,0.200
1757368262.985142,2553.233,0.200
1757368262.987211,2555.303,0.200
1757368262.989281,2557.372,0.200
1757368262.991350,2559.442,0.200
1757368262.993421,2561.512,0.200
1757368262.995490,2563.581,0.200
1757368262.997559,2565.650,0.200
1757368262.999629,2567.720,0.200
1757368263.001688,2569.779,0.200
1757368263.003753,2571.844,0.200
1757368263.005823,2573.914,0.200
1757368263.007892,2575.983,0.200
1757368263.009961,2578.052,0.200
1757368263.012026,2580.117,0.200
1757368263.014096,2582.187,0.200
1757368263.016164,2584.255,0.200
1757368263.018234,2586.325,0.200
1757368263.020302,2588.393,0.200
1757368263.022371,2590.462,0.200
1757368263.024438,2592.529,0.180
1757368263.026507,2594.599,0.180
1757368263.028575,2596.666,0.180
1757368263.030645,2598.736,0.180
1757368263.032712,2600.803,0.180
1757368263.034781,2602.872,0.180
1757368263.036850,2604.941,0.180
1757368263.038919,2607.010,0.180
1757368263.040989,2609.080,0.180
1757368263.043058,2611.150,0.180
1757368263.045127,2613.218,0.180
1757368263.047196,2615.287,0.180
1757368263.049264,2617.355,0.180
1757368263.051333,2619.424,0.180
1757368263.053402,2621.493,0.180
1757368263.055471,2623.562,0.180
1757368263.057540,2625.631,0.180
1757368263.059609,2627.700,0.180
1757368263.061679,2629.770,0.180
1757368263.063749,2631.840,0.180
1757368263.065819,2633.910,0.180
1757368263.067888,2635.980,0.180
1757368263.069957,2638.048,0.180
1757368263.072027,2640.118,0.180
1757368263.074097,2642.188,0.180
1757368263.076166,2644.257,0.180
1757368263.078235,2646.326,0.180
1757368263.080302,2648.393,0.180
1757368263.082371,2650.462,0.180
1757368263.084438,2652.529,0.180
1757368263.086507,2654.598,0.180
1757368263.088575,2656.666,0.180
1757368263.090645,2658.736,0.180
1757368263.092715,2660.806,0.180
1757368263.094784,2662.875,0.180
1757368263.096852,2664.943,0.180
1757368263.098922,2667.013,0.180
1757368263.100988,2669.080,0.160
1757368263.103057,2671.148,0.160
1757368263.105124,2673.215,0.160
1757368263.107193,2675.284,0.160
1757368263.109262,2677.353,0.160
1757368263.111331,2679.422,0.160
1757368263.113400,2681.491,0.160
1757368263.115469,2683.560,0.160
1757368263.117539,2685.631,0.160
1757368263.119609,2687.701,0.160
1757368263.121668,2689.759,0.160
1757368263.123736,2691.827,0.160
1757368263.125805,2693.896,0.160
1757368263.127874,2695.965,0.160
1757368263.129944,2698.035,0.160
1757368263.132021,2700.112,0.160
1757368263.134090,2702.181,0.160
1757368263.136157,2704.248,0.160
1757368263.138228,2706.319,0.160
1757368263.140295,2708.386,0.160
1757368263.142364,2710.455,0.160
1757368263.144434,2712.525,0.160
1757368263.146504,2714.595,0.160
1757368263.148571,2716.662,0.160
1757368263.150641,2718.732,0.160
1757368263.152710,2720.801,0.160
1757368263.154779,2722.870,0.160
1757368263.156847,2724.938,0.160
1757368263.158916,2727.007,0.160
1757368263.160985,2729.076,0.160
1757368263.163055,2731.147,0.160
1757368263.165123,2733.214,0.160
1757368263.167193,2735.284,0.160
1757368263.169261,2737.353,0.160
1757368263.171330,2739.421,0.160
1757368263.173401,2741.492,0.160
1757368263.175470,2743.562,0.160
1757368263.177540,2745.631,0.160
1757368263.179609,2747.700,0.160
1757368263.181679,2749.770,0.160
1757368263.183748,2751.839,0.160
1757368263.185817,2753.908,0.160
1757368263.187887,2755.978,0.160
1757368263.189955,2758.046,0.160
1757368263.192020,2760.111,0.160
1757368263.194090,2762.181,0.160
1757368263.196159,2764.250,0.140
1757368263.198228,2766.319,0.140
1757368263.200295,2768.387,0.140
1757368263.202365,2770.456,0.140
1757368263.204433,2772.524,0.140
1757368263.206502,2774.593,0.140
1757368263.208570,2776.661,0.140
1757368263.210640,2778.731,0.140
1757368263.212708,2780.799,0.140
1757368263.214776,2782.867,0.140
1757368263.216843,2784.934,0.140
1757368263.218913,2787.004,0.140
1757368263.220980,2789.071,0.140
1757368263.223049,2791.140,0.140
1757368263.225117,2793.208,0.140
1757368263.227186,2795.278,0.140
1757368263.229255,2797.346,0.140
1757368263.231324,2799.415,0.140
1757368263.233392,2801.484,0.140
1757368263.235462,2803.553,0.140
1757368263.237531,2805.622,0.140
1757368263.239599,2807.691,0.140
1757368263.241670,2809.761,0.140
1757368263.243739,2811.831,0.140
1757368263.245809,2813.900,0.140
1757368263.247877,2815.969,0.140
1757368263.249946,2818.037,0.140
1757368263.252029,2820.120,0.140
1757368263.254098,2822.190,0.140
1757368263.256167,2824.258,0.140
1757368263.258236,2826.328,0.140
1757368263.260296,2828.387,0.140
1757368263.262356,2830.447,0.140
1757368263.264426,2832.517,0.140
1757368263.266495,2834.587,0.140
1757368263.268562,2836.653,0.140
1757368263.270632,2838.723,0.140
1757368263.272701,2840.792,0.140
1757368263.274772,2842.863,0.140
1757368263.276842,2844.933,0.140
1757368263.278912,2847.003,0.140
1757368263.280981,2849.072,0.140
1757368263.283051,2851.142,0.140
1757368263.285120,2853.212,0.140
1757368263.287190,2855.281,0.140
1757368263.289259,2857.350,0.140
1757368263.291328,2859.419,0.140
1757368263.293400,2861.491,0.140
1757368263.295470,2863.561,0.140
1757368263.297539,2865.631,0.140
1757368263.299608,2867.700,0.140
1757368263.301678,2869.770,0.140
1757368263.303748,2871.839,0.140
1757368263.305818,2873.909,0.140
1757368263.307887,2875.978,0.140
1757368263.309955,2878.047,0.140
1757368263.312027,2880.118,0.140
1757368263.314097,2882.188,0.140
1757368263.316165,2884.256,0.140
1757368263.318235,2886.326,0.140
1757368263.320302,2888.393,0.120
1757368263.322372,2890.463,0.120
1757368263.324465,2892.556,0.120
1757368263.326534,2894.625,0.120
1757368263.328592,2896.683,0.140
1757368263.330650,2898.741,0.140
1757368263.332706,2900.798,0.140
1757368263.334764,2902.855,0.140
1757368263.336821,2904.912,0.140
1757368263.338894,2906.985,0.140
1757368263.340959,2909.050,0.140
1757368263.343018,2911.109,0.140
1757368263.345078,2913.169,0.140
1757368263.347137,2915.229,0.140
1757368263.349197,2917.289,0.140
1757368263.351259,2919.350,0.140
1757368263.353319,2921.410,0.140
1757368263.355379,2923.470,0.140
1757368263.357441,2925.533,0.140
1757368263.359501,2927.593,0.140
1757368263.361562,2929.653,0.140
1757368263.363622,2931.713,0.140
1757368263.365682,2933.773,0.140
1757368263.367742,2935.833,0.140
1757368263.369802,2937.893,0.140
1757368263.371867,2939.958,0.140
1757368263.373933,2942.024,0.140
1757368263.376012,2944.103,0.140
1757368263.378078,2946.170,0.140
1757368263.380144,2948.235,0.140
1757368263.382215,2950.306,0.140
1757368263.384284,2952.376,0.140
1757368263.386353,2954.444,0.140
1757368263.388420,2956.511,0.140
1757368263.390489,2958.580,0.140
1757368263.392556,2960.647,0.140
1757368263.394626,2962.717,0.140
1757368263.396694,2964.785,0.120
1757368263.398763,2966.854,0.120
1757368263.400835,2968.926,0.120
1757368263.402905,2970.996,0.120
1757368263.404972,2973.063,0.120
1757368263.407041,2975.132,0.120
1757368263.409110,2977.201,0.120
1757368263.411178,2979.270,0.120
1757368263.413246,2981.337,0.120
1757368263.415317,2983.408,0.120
1757368263.417385,2985.476,0.120
1757368263.419454,2987.545,0.120
1757368263.421511,2989.603,0.120
1757368263.423791,2991.882,0.120
1757368263.425852,2993.943,0.120
1757368263.427910,2996.001,0.120
1757368263.429967,2998.059,0.120
1757368263.432004,3000.095,0.120
1757368263.434069,3002.160,0.120
1757368263.436137,3004.228,0.120
1757368263.438207,3006.298,0.120
1757368263.440275,3008.366,0.120
1757368263.442345,3010.436,0.120
1757368263.444417,3012.508,0.120
1757368263.446486,3014.578,0.120
1757368263.448556,3016.647,0.120
1757368263.450627,3018.718,0.120
1757368263.452694,3020.785,0.120
1757368263.454764,3022.855,0.120
1757368263.456832,3024.923,0.120
1757368263.458901,3026.993,0.120
1757368263.460969,3029.061,0.120
1757368263.463039,3031.130,0.120
1757368263.465108,3033.200,0.120
1757368263.467179,3035.270,0.120
1757368263.469248,3037.339,0.120
1757368263.471317,3039.408,0.120
1757368263.473387,3041.478,0.120
1757368263.475457,3043.548,0.120
1757368263.477526,3045.617,0.120
1757368263.479595,3047.686,0.120
1757368263.481664,3049.755,0.120
1757368263.483733,3051.824,0.120
1757368263.485803,3053.895,0.120
1757368263.487874,3055.965,0.120
1757368263.489944,3058.035,0.120
1757368263.492024,3060.115,0.120
1757368263.494118,3062.209,0.120
1757368263.496189,3064.280,0.120
1757368263.498261,3066.352,0.120
1757368263.500330,3068.422,0.120
1757368263.502400,3070.491,0.120
1757368263.504466,3072.557,0.120
1757368263.506536,3074.627,0.120
1757368263.508605,3076.696,0.120
1757368263.510682,3078.773,0.120
1757368263.512752,3080.843,0.120
1757368263.514822,3082.913,0.120
1757368263.516891,3084.982,0.120
1757368263.518960,3087.052,0.120
1757368263.521030,3089.121,0.120
1757368263.523100,3091.192,0.120
1757368263.525169,3093.260,0.120
1757368263.527251,3095.343,0.120
1757368263.529323,3097.414,0.120
1757368263.531394,3099.485,0.120
1757368263.533463,3101.554,0.120
1757368263.535532,3103.623,0.120
1757368263.537602,3105.693,0.120
1757368263.539673,3107.764,0.120
1757368263.541743,3109.834,0.120
1757368263.543811,3111.902,0.120
1757368263.545880,3113.971,0.120
1757368263.547949,3116.040,0.120
1757368263.550019,3118.110,0.120
1757368263.552087,3120.178,0.120
1757368263.554156,3122.247,0.120
1757368263.556225,3124.316,0.120
1757368263.558294,3126.385,0.120
1757368263.560362,3128.453,0.120
1757368263.562431,3130.522,0.120
1757368263.564499,3132.590,0.120
1757368263.566567,3134.658,0.120
1757368263.568636,3136.727,0.120
1757368263.570705,3138.797,0.120
1757368263.572777,3140.868,0.120
1757368263.574847,3142.939,0.120
1757368263.576922,3145.013,0.120
1757368263.578996,3147.087,0.120
1757368263.581066,3149.157,0.120
1757368263.583137,3151.228,0.120
1757368263.585207,3153.298,0.120
1757368263.587277,3155.368,0.120
1757368263.589347,3157.438,0.100
1757368263.591417,3159.508,0.100
1757368263.593488,3161.579,0.100
1757368263.595561,3163.652,0.100
1757368263.597631,3165.722,0.100
1757368263.599703,3167.794,0.100
1757368263.601761,3169.852,0.100
1757368263.603819,3171.910,0.100
1757368263.605875,3173.967,0.100
1757368263.607933,3176.024,0.100
1757368263.609989,3178.080,0.120
1757368263.612005,3180.096,0.120
1757368263.614061,3182.153,0.100
1757368263.616126,3184.217,0.100
1757368263.618195,3186.286,0.120
1757368263.620263,3188.354,0.120
1757368263.622331,3190.423,0.120
1757368263.624398,3192.489,0.120
1757368263.626468,3194.560,0.120
1757368263.628539,3196.630,0.120
1757368263.630609,3198.700,0.120
1757368263.632676,3200.768,0.120
1757368263.634747,3202.838,0.120
1757368263.636817,3204.908,0.100
1757368263.638886,3206.978,0.100
1757368263.640955,3209.046,0.100
1757368263.643025,3211.116,0.100
1757368263.645095,3213.186,0.100
1757368263.647164,3215.255,0.100
1757368263.649233,3217.324,0.100
1757368263.651302,3219.393,0.100
1757368263.653372,3221.463,0.100
1757368263.655442,3223.533,0.100
1757368263.657511,3225.602,0.100
1757368263.659580,3227.672,0.100
1757368263.661650,3229.741,0.100
1757368263.663719,3231.811,0.100
1757368263.665789,3233.880,0.100
1757368263.667860,3235.951,0.100
1757368263.669931,3238.022,0.100
1757368263.672014,3240.105,0.100
1757368263.674083,3242.174,0.100
1757368263.676152,3244.243,0.100
1757368263.678221,3246.312,0.100
1757368263.680288,3248.379,0.100
1757368263.682357,3250.448,0.100
1757368263.684424,3252.516,0.100
1757368263.686494,3254.585,0.100
1757368263.688562,3256.653,0.100
1757368263.690631,3258.723,0.100
1757368263.692701,3260.792,0.100
1757368263.694770,3262.861,0.100
1757368263.696838,3264.930,0.100
1757368263.698908,3266.999,0.100
1757368263.700976,3269.067,0.100
1757368263.703046,3271.137,0.100
1757368263.705114,3273.205,0.100
1757368263.707183,3275.275,0.100
1757368263.709253,3277.344,0.100
1757368263.711322,3279.413,0.100
1757368263.713393,3281.484,0.100
1757368263.715463,3283.554,0.100
1757368263.717532,3285.623,0.100
1757368263.719601,3287.692,0.100
1757368263.721671,3289.762,0.100
1757368263.723740,3291.831,0.100
1757368263.725809,3293.900,0.100
1757368263.727878,3295.969,0.100
1757368263.729947,3298.038,0.100
1757368263.732019,3300.110,0.100
1757368263.734088,3302.179,0.100
1757368263.736157,3304.249,0.100
1757368263.738226,3306.318,0.100
1757368263.740294,3308.385,0.100
1757368263.742364,3310.455,0.100
1757368263.744433,3312.524,0.100
1757368263.746502,3314.593,0.100
1757368263.748570,3316.662,0.100
1757368263.750648,3318.740,0.100
1757368263.752721,3320.812,0.100
1757368263.754792,3322.883,0.100
1757368263.756863,3324.954,0.100
1757368263.758933,3327.024,0.100
1757368263.761000,3329.092,0.100
1757368263.763070,3331.161,0.100
1757368263.765139,3333.230,0.100
1757368263.767209,3335.300,0.100
1757368263.769277,3337.368,0.100
1757368263.771347,3339.438,0.100
1757368263.773418,3341.510,0.100
1757368263.775487,3343.579,0.100
1757368263.777558,3345.649,0.100
1757368263.779629,3347.720,0.100
1757368263.781698,3349.790,0.100
1757368263.783768,3351.859,0.100
1757368263.785838,3353.929,0.100
1757368263.787907,3355.998,0.100
1757368263.789984,3358.076,0.100
1757368263.792027,3360.119,0.100
1757368263.794099,3362.190,0.100
1757368263.796169,3364.260,0.100
1757368263.798240,3366.331,0.100
1757368263.800306,3368.397,0.100
1757368263.802365,3370.456,0.100
1757368263.804422,3372.513,0.100
1757368263.806479,3374.570,0.100
1757368263.808536,3376.627,0.100
1757368263.810593,3378.685,0.100
1757368263.812650,3380.741,0.100
1757368263.814711,3382.802,0.100
1757368263.816780,3384.871,0.100
1757368263.818850,3386.941,0.100
1757368263.820919,3389.010,0.100
1757368263.822989,3391.080,0.100
1757368263.825057,3393.148,0.100
1757368263.827128,3395.219,0.100
1757368263.829197,3397.288,0.100
1757368263.831268,3399.359,0.100
1757368263.833364,3401.455,0.100
1757368263.835441,3403.532,0.100
1757368263.837513,3405.605,0.100
1757368263.839584,3407.676,0.100
1757368263.841655,3409.746,0.100
1757368263.843726,3411.817,0.100
1757368263.845796,3413.887,0.100
1757368263.847866,3415.957,0.100
1757368263.849935,3418.026,0.100
1757368263.852026,3420.117,0.100
1757368263.854096,3422.187,0.100
1757368263.856163,3424.254,0.100
1757368263.858233,3426.324,0.100
1757368263.860302,3428.394,0.100
1757368263.862372,3430.463,0.100
1757368263.864439,3432.530,0.100
1757368263.866509,3434.600,0.100
1757368263.868580,3436.671,0.100
1757368263.870650,3438.741,0.100
1757368263.872719,3440.810,0.100
1757368263.874789,3442.880,0.100
1757368263.876858,3444.949,0.100
1757368263.878927,3447.019,0.100
1757368263.880996,3449.088,0.100
1757368263.883066,3451.157,0.100
1757368263.885135,3453.226,0.100
1757368263.887204,3455.295,0.100
1757368263.889276,3457.367,0.100
1757368263.891346,3459.438,0.100
1757368263.893417,3461.508,0.100
1757368263.895487,3463.578,0.100
1757368263.897557,3465.648,0.100
1757368263.899626,3467.717,0.100
1757368263.901695,3469.786,0.100
1757368263.903764,3471.855,0.100
1757368263.905833,3473.924,0.100
1757368263.907903,3475.994,0.100
1757368263.909973,3478.064,0.100
1757368263.912023,3480.114,0.100
1757368263.914093,3482.184,0.080
1757368263.916162,3484.253,0.080
1757368263.918231,3486.322,0.080
1757368263.920298,3488.389,0.080
1757368263.922369,3490.461,0.080
1757368263.924438,3492.529,0.080
1757368263.926507,3494.599,0.080
1757368263.928574,3496.665,0.080
1757368263.930644,3498.735,0.080
1757368263.932713,3500.804,0.080
1757368263.934782,3502.873,0.080
1757368263.936850,3504.941,0.080
1757368263.938919,3507.010,0.080
1757368263.940989,3509.080,0.080
1757368263.943058,3511.149,0.080
1757368263.945127,3513.219,0.080
1757368263.947197,3515.288,0.080
1757368263.949267,3517.358,0.080
1757368263.951337,3519.428,0.080
1757368263.953408,3521.499,0.080
1757368263.955478,3523.569,0.080
1757368263.957547,3525.639,0.080
1757368263.959617,3527.708,0.080
1757368263.961687,3529.778,0.080
1757368263.963757,3531.848,0.080
1757368263.965828,3533.919,0.080
1757368263.967897,3535.989,0.080
1757368263.969967,3538.058,0.080
1757368263.972027,3540.118,0.080
1757368263.974097,3542.188,0.080
1757368263.976166,3544.257,0.080
1757368263.978235,3546.327,0.080
1757368263.980305,3548.396,0.080
1757368263.982374,3550.466,0.080
1757368263.984443,3552.534,0.080
1757368263.986513,3554.604,0.080
1757368263.988580,3556.671,0.080
1757368263.990902,3558.993,0.080
1757368263.992980,3561.071,0.080
1757368263.995053,3563.144,0.080
1757368263.997124,3565.215,0.080
1757368263.999194,3567.285,0.080
1757368264.001263,3569.354,0.080
1757368264.003333,3571.424,0.080
1757368264.005403,3573.494,0.080
1757368264.007472,3575.563,0.080
1757368264.009541,3577.632,0.080
1757368264.011611,3579.702,0.080
1757368264.013681,3581.772,0.080
1757368264.015750,3583.842,0.080
1757368264.017819,3585.911,0.080
1757368264.019888,3587.979,0.080
1757368264.021946,3590.037,0.080
1757368264.024006,3592.097,0.080
1757368264.026063,3594.154,0.080
1757368264.028120,3596.211,0.080
1757368264.030178,3598.269,0.080
1757368264.032235,3600.326,0.080
1757368264.034291,3602.382,0.080
1757368264.036356,3604.447,0.080
1757368264.038426,3606.517,0.080
1757368264.040493,3608.584,0.080
1757368264.042563,3610.654,0.080
1757368264.044630,3612.721,0.080
1757368264.046700,3614.791,0.080
1757368264.048768,3616.859,0.080
1757368264.050837,3618.928,0.080
1757368264.052907,3620.998,0.080
1757368264.054976,3623.067,0.080
1757368264.057045,3625.136,0.080
1757368264.059114,3627.205,0.080
1757368264.061183,3629.274,0.080
1757368264.063252,3631.343,0.080
1757368264.065321,3633.412,0.080
1757368264.067392,3635.484,0.080
1757368264.069463,3637.554,0.080
1757368264.071533,3639.624,0.080
1757368264.073604,3641.695,0.080
1757368264.075674,3643.765,0.080
1757368264.077745,3645.836,0.080
1757368264.079814,3647.906,0.080
1757368264.081884,3649.975,0.080
1757368264.083953,3652.044,0.080
1757368264.086021,3654.113,0.080
1757368264.088089,3656.180,0.080
1757368264.090158,3658.249,0.080
1757368264.092225,3660.316,0.080
1757368264.094294,3662.385,0.080
1757368264.096361,3664.452,0.080
1757368264.098430,3666.521,0.080
1757368264.100498,3668.589,0.080
1757368264.102567,3670.658,0.080
1757368264.104635,3672.727,0.080
1757368264.106705,3674.796,0.080
1757368264.108774,3676.865,0.080
1757368264.110842,3678.934,0.080
1757368264.112911,3681.002,0.080
1757368264.114980,3683.071,0.080
1757368264.117049,3685.140,0.080
1757368264.119118,3687.209,0.080
1757368264.121186,3689.277,0.080
1757368264.123254,3691.345,0.080
1757368264.125323,3693.414,0.080
1757368264.127391,3695.482,0.080
1757368264.129462,3697.553,0.080
1757368264.131531,3699.623,0.080
1757368264.133600,3701.691,0.080
1757368264.135670,3703.762,0.080
1757368264.137739,3705.830,0.080
1757368264.139808,3707.899,0.080
1757368264.141877,3709.968,0.080
1757368264.143946,3712.037,0.080
1757368264.146015,3714.107,0.080
1757368264.148082,3716.174,0.080
1757368264.150152,3718.243,0.080
1757368264.152221,3720.312,0.080
1757368264.154290,3722.382,0.080
1757368264.156358,3724.449,0.080
1757368264.158428,3726.519,0.080
1757368264.160499,3728.590,0.080
1757368264.162568,3730.659,0.080
1757368264.164635,3732.727,0.080
1757368264.166704,3734.796,0.080
1757368264.168777,3736.868,0.080
1757368264.170847,3738.938,0.080
1757368264.172915,3741.006,0.080
1757368264.174984,3743.076,0.080
1757368264.177053,3745.144,0.080
1757368264.179123,3747.214,0.080
1757368264.181192,3749.283,0.080
1757368264.183261,3751.353,0.080
1757368264.185330,3753.421,0.080
1757368264.187400,3755.491,0.080
1757368264.189469,3757.560,0.080
1757368264.191539,3759.630,0.080
1757368264.193609,3761.700,0.080
1757368264.195678,3763.769,0.080
1757368264.197747,3765.839,0.080
1757368264.199816,3767.908,0.080
1757368264.201885,3769.976,0.080
1757368264.203954,3772.046,0.080
1757368264.206024,3774.115,0.080
1757368264.208091,3776.183,0.080
1757368264.210161,3778.252,0.080
1757368264.212227,3780.318,0.080
1757368264.214297,3782.388,0.080
1757368264.216365,3784.456,0.080
1757368264.218435,3786.526,0.080
1757368264.220503,3788.594,0.080
1757368264.222572,3790.663,0.080
1757368264.224640,3792.731,0.080
1757368264.226710,3794.801,0.080
1757368264.228779,3796.870,0.080
1757368264.230847,3798.938,0.080
1757368264.232916,3801.007,0.080
1757368264.234985,3803.076,0.080
1757368264.237054,3805.145,0.080
1757368264.239123,3807.214,0.080
1757368264.241191,3809.283,0.080
1757368264.243260,3811.352,0.080
1757368264.245328,3813.419,0.080
1757368264.247398,3815.489,0.080
1757368264.249466,3817.557,0.080
1757368264.251535,3819.627,0.080
1757368264.253605,3821.696,0.080
1757368264.255674,3823.765,0.080
1757368264.257744,3825.835,0.080
1757368264.259813,3827.904,0.080
1757368264.261881,3829.973,0.080
1757368264.263951,3832.042,0.080
1757368264.266020,3834.111,0.080
1757368264.268087,3836.179,0.080
1757368264.270157,3838.248,0.080
1757368264.272227,3840.318,0.080
1757368264.274296,3842.387,0.080
1757368264.276364,3844.455,0.080
1757368264.278433,3846.524,0.080
1757368264.280502,3848.593,0.080
1757368264.282571,3850.662,0.080
1757368264.284638,3852.729,0.080
1757368264.286707,3854.799,0.080
1757368264.288775,3856.866,0.080
1757368264.290844,3858.935,0.080
1757368264.292912,3861.004,0.080
1757368264.294983,3863.074,0.080
1757368264.297052,3865.143,0.080
1757368264.299121,3867.212,0.080
1757368264.301181,3869.272,0.080
1757368264.303239,3871.330,0.080
1757368264.305297,3873.388,0.080
1757368264.307354,3875.446,0.080
1757368264.309412,3877.503,0.080
1757368264.311469,3879.560,0.080
1757368264.313529,3881.620,0.080
1757368264.315598,3883.690,0.080
1757368264.317668,3885.759,0.080
1757368264.319738,3887.829,0.080
1757368264.321807,3889.898,0.080
1757368264.323877,3891.968,0.080
1757368264.325962,3894.053,0.080
1757368264.328028,3896.119,0.080
1757368264.330103,3898.194,0.080
1757368264.332166,3900.258,0.080
1757368264.334229,3902.320,0.080
1757368264.336289,3904.380,0.080
1757368264.338351,3906.442,0.080
1757368264.340414,3908.505,0.080
1757368264.342480,3910.571,0.080
1757368264.344543,3912.634,0.080
1757368264.346608,3914.700,0.080
1757368264.348672,3916.763,0.080
1757368264.350739,3918.830,0.080
1757368264.352804,3920.896,0.080
1757368264.354871,3922.962,0.080
1757368264.356937,3925.028,0.080
1757368264.359005,3927.096,0.080
1757368264.361072,3929.163,0.080
1757368264.363140,3931.231,0.080
1757368264.365208,3933.300,0.080
1757368264.367278,3935.369,0.080
1757368264.369347,3937.438,0.080
1757368264.371416,3939.507,0.080
1757368264.373484,3941.575,0.080
1757368264.375553,3943.644,0.080
1757368264.377623,3945.714,0.080
1757368264.379692,3947.783,0.080
1757368264.381761,3949.852,0.080
1757368264.383831,3951.922,0.080
1757368264.385900,3953.991,0.080
1757368264.387969,3956.060,0.080
1757368264.390038,3958.129,0.080
1757368264.392105,3960.196,0.080
1757368264.394174,3962.265,0.080
1757368264.396243,3964.334,0.080
1757368264.398312,3966.403,0.080
1757368264.400378,3968.469,0.080
1757368264.402447,3970.538,0.080
1757368264.404516,3972.607,0.080
1757368264.406585,3974.676,0.080
1757368264.408650,3976.741,0.080
1757368264.410719,3978.810,0.080
1757368264.412788,3980.879,0.080
1757368264.414857,3982.948,0.080
1757368264.416923,3985.014,0.080
1757368264.418991,3987.082,0.080
1757368264.421061,3989.152,0.080
1757368264.423130,3991.221,0.080
1757368264.425197,3993.289,0.080
1757368264.427267,3995.358,0.080
1757368264.429336,3997.427,0.080
1757368264.431405,3999.496,0.080
1757368264.433475,4001.567,0.080
1757368264.435544,4003.635,0.080
1757368264.437615,4005.706,0.080
1757368264.439686,4007.777,0.080
1757368264.441756,4009.847,0.080
1757368264.443825,4011.916,0.080
1757368264.445899,4013.990,0.080
1757368264.447969,4016.060,0.080
1757368264.450038,4018.129,0.080
1757368264.452105,4020.196,0.080
1757368264.454176,4022.267,0.080
1757368264.456243,4024.334,0.080
1757368264.458312,4026.403,0.080
1757368264.460381,4028.472,0.080
1757368264.462450,4030.541,0.080
1757368264.464519,4032.610,0.080
1757368264.466588,4034.679,0.080
1757368264.468655,4036.746,0.080
1757368264.470725,4038.816,0.080
1757368264.472795,4040.886,0.080
1757368264.474863,4042.954,0.080
1757368264.476932,4045.023,0.080
1757368264.479000,4047.091,0.080
1757368264.481069,4049.160,0.080
1757368264.483138,4051.229,0.080
1757368264.485206,4053.297,0.080
1757368264.487277,4055.368,0.080
1757368264.489345,4057.436,0.080
1757368264.491414,4059.505,0.080
1757368264.493484,4061.575,0.080
1757368264.495553,4063.644,0.080
1757368264.497621,4065.712,0.080
1757368264.499691,4067.782,0.080
1757368264.501760,4069.851,0.080
1757368264.503829,4071.920,0.080
1757368264.505898,4073.989,0.080
1757368264.507967,4076.058,0.080
1757368264.510046,4078.137,0.080
1757368264.512113,4080.204,0.080
1757368264.514182,4082.273,0.080
1757368264.516251,4084.342,0.080
1757368264.518321,4086.412,0.080
1757368264.520387,4088.479,0.080
1757368264.522457,4090.548,0.080
1757368264.524525,4092.616,0.080
1757368264.526594,4094.686,0.080
1757368264.528662,4096.753,0.080
1757368264.530731,4098.822,0.080
1757368264.532798,4100.889,0.080
1757368264.534868,4102.959,0.080
1757368264.536937,4105.028,0.080
1757368264.539006,4107.097,0.080
1757368264.541074,4109.165,0.080
1757368264.543143,4111.234,0.080
1757368264.545215,4113.306,0.080
1757368264.547284,4115.375,0.080
1757368264.549352,4117.443,0.080
1757368264.551421,4119.512,0.080
1757368264.553490,4121.581,0.080
1757368264.555559,4123.650,0.080
1757368264.557628,4125.720,0.080
1757368264.559697,4127.788,0.080
1757368264.561766,4129.857,0.080
1757368264.563836,4131.927,0.080
1757368264.565905,4133.996,0.080
1757368264.567975,4136.066,0.080
1757368264.570043,4138.134,0.080
1757368264.572111,4140.202,0.080
1757368264.574191,4142.282,0.080
1757368264.576258,4144.349,0.080
1757368264.578328,4146.420,0.080
1757368264.580394,4148.485,0.080
1757368264.582464,4150.555,0.080
1757368264.584532,4152.623,0.080
1757368264.586601,4154.692,0.080
1757368264.588669,4156.760,0.080
1757368264.590738,4158.829,0.080
1757368264.592807,4160.898,0.080
1757368264.594875,4162.966,0.080
1757368264.596944,4165.035,0.080
1757368264.599012,4167.103,0.080
1757368264.601083,4169.174,0.080
1757368264.603152,4171.243,0.080
1757368264.605219,4173.310,0.080
1757368264.607289,4175.380,0.080
1757368264.609359,4177.450,0.080
1757368264.611428,4179.519,0.080
1757368264.613497,4181.588,0.080
1757368264.615566,4183.657,0.080
1757368264.617635,4185.726,0.080
1757368264.619704,4187.795,0.080
1757368264.621774,4189.865,0.080
1757368264.623843,4191.935,0.080
1757368264.625912,4194.004,0.080
1757368264.627981,4196.072,0.080
1757368264.630050,4198.141,0.080
1757368264.632117,4200.208,0.080
1757368264.634186,4202.277,0.080
1757368264.636254,4204.345,0.080
1757368264.638324,4206.415,0.080
1757368264.640390,4208.481,0.080
1757368264.642459,4210.550,0.080
1757368264.644528,4212.619,0.080
1757368264.646597,4214.688,0.080
1757368264.648664,4216.755,0.080
1757368264.650733,4218.824,0.080
1757368264.652802,4220.893,0.080
1757368264.654871,4222.962,0.080
1757368264.656940,4225.031,0.080
1757368264.659010,4227.102,0.080
1757368264.661071,4229.162,0.080
1757368264.663129,4231.220,0.080
1757368264.665186,4233.277,0.080
1757368264.667243,4235.335,0.080
1757368264.669302,4237.393,0.080
1757368264.671358,4239.449,0.080
1757368264.673414,4241.505,0.080
1757368264.675475,4243.566,0.080
1757368264.677544,4245.636,0.080
1757368264.679614,4247.705,0.080
1757368264.681684,4249.775,0.080
1757368264.683753,4251.844,0.080
1757368264.685823,4253.914,0.080
1757368264.687893,4255.984,0.080
1757368264.689963,4258.054,0.080
1757368264.692027,4260.118,0.080
1757368264.694098,4262.189,0.080
1757368264.696166,4264.257,0.080
1757368264.698235,4266.326,0.080
1757368264.700301,4268.392,0.080
1757368264.702371,4270.463,0.080
1757368264.704440,4272.532,0.080
1757368264.706510,4274.601,0.080
1757368264.708578,4276.669,0.080
1757368264.710647,4278.738,0.080
1757368264.712717,4280.808,0.080
1757368264.714785,4282.876,0.080
1757368264.716853,4284.944,0.080
1757368264.718923,4287.014,0.080
1757368264.720990,4289.082,0.080
1757368264.723059,4291.150,0.080
1757368264.725128,4293.219,0.080
1757368264.727197,4295.289,0.080
1757368264.729267,4297.358,0.080
1757368264.731337,4299.428,0.080
1757368264.733407,4301.498,0.080
1757368264.735476,4303.567,0.080
1757368264.737545,4305.637,0.080
1757368264.739616,4307.707,0.080
1757368264.741684,4309.776,0.080
1757368264.743754,4311.845,0.080
1757368264.745823,4313.914,0.080
1757368264.747893,4315.984,0.080
1757368264.749962,4318.053,0.080
1757368264.752029,4320.121,0.080
1757368264.754099,4322.190,0.080
1757368264.756166,4324.257,0.080
1757368264.758236,4326.327,0.080
1757368264.760304,4328.395,0.080
1757368264.762374,4330.465,0.080
1757368264.764443,4332.535,0.080
1757368264.766513,4334.604,0.080
1757368264.768580,4336.671,0.080
1757368264.770650,4338.741,0.080
1757368264.772720,4340.811,0.080
1757368264.774789,4342.880,0.080
1757368264.776857,4344.948,0.080
1757368264.778926,4347.018,0.080
1757368264.780995,4349.086,0.080
1757368264.783064,4351.155,0.080
1757368264.785133,4353.224,0.080
1757368264.787202,4355.293,0.080
1757368264.789273,4357.364,0.080
1757368264.791342,4359.433,0.080
1757368264.793412,4361.503,0.080
1757368264.795482,4363.574,0.080
1757368264.797552,4365.643,0.080
1757368264.799621,4367.712,0.080
1757368264.801690,4369.781,0.080
1757368264.803760,4371.851,0.080
1757368264.805830,4373.921,0.080
1757368264.807900,4375.991,0.080
1757368264.809970,4378.061,0.080
1757368264.812026,4380.117,0.080
1757368264.814095,4382.187,0.080
1757368264.816164,4384.255,0.080
1757368264.818233,4386.324,0.080
1757368264.820300,4388.391,0.080
1757368264.822370,4390.461,0.080
1757368264.824439,4392.530,0.080
1757368264.826509,4394.601,0.080
1757368264.828580,4396.671,0.080
1757368264.830650,4398.741,0.080
1757368264.832720,4400.811,0.080
1757368264.834788,4402.879,0.080
1757368264.836857,4404.948,0.080
1757368264.838925,4407.017,0.080
1757368264.840994,4409.086,0.080
1757368264.843063,4411.155,0.080
1757368264.845132,4413.223,0.080
1757368264.847201,4415.293,0.080
1757368264.849270,4417.361,0.080
1757368264.851340,4419.431,0.080
1757368264.853409,4421.500,0.080
1757368264.855478,4423.569,0.080
1757368264.857547,4425.638,0.080
1757368264.859616,4427.707,0.080
1757368264.861685,4429.776,0.080
1757368264.863754,4431.845,0.060
1757368264.865823,4433.914,0.060
1757368264.867892,4435.983,0.060
1757368264.869961,4438.052,0.060
1757368264.872049,4440.140,0.060
1757368264.874118,4442.209,0.060
1757368264.876186,4444.278,0.060
1757368264.878255,4446.347,0.060
1757368264.880322,4448.413,0.060
1757368264.882391,4450.483,0.060
1757368264.884461,4452.552,0.060
1757368264.886529,4454.621,0.060
1757368264.888597,4456.688,0.060
1757368264.890666,4458.757,0.060
1757368264.892735,4460.826,0.060
1757368264.894804,4462.896,0.060
1757368264.896873,4464.964,0.060
1757368264.898943,4467.034,0.060
1757368264.901011,4469.102,0.060
1757368264.903080,4471.171,0.060
1757368264.905148,4473.239,0.060
1757368264.907217,4475.308,0.060
1757368264.909285,4477.376,0.060
1757368264.911354,4479.445,0.060
1757368264.913425,4481.516,0.060
1757368264.915493,4483.585,0.060
1757368264.917563,4485.654,0.060
1757368264.919632,4487.724,0.060
1757368264.921703,4489.794,0.060
1757368264.923772,4491.863,0.060
1757368264.925841,4493.932,0.060
1757368264.927911,4496.002,0.060
1757368264.929980,4498.071,0.060
1757368264.932027,4500.118,0.060
1757368264.934098,4502.189,0.060
1757368264.936165,4504.256,0.060
1757368264.938234,4506.325,0.060
1757368264.940302,4508.394,0.060
1757368264.942372,4510.463,0.060
1757368264.944439,4512.530,0.060
1757368264.946509,4514.600,0.060
1757368264.948579,4516.670,0.060
1757368264.950648,4518.739,0.060
1757368264.952716,4520.808,0.060
1757368264.954785,4522.876,0.060
1757368264.956853,4524.945,0.060
1757368264.958923,4527.014,0.060
1757368264.960991,4529.083,0.060
1757368264.963061,4531.152,0.060
1757368264.965130,4533.221,0.060
1757368264.967198,4535.290,0.060
1757368264.969267,4537.359,0.060
1757368264.971336,4539.427,0.060
1757368264.973404,4541.496,0.060
1757368264.975474,4543.565,0.060
1757368264.977555,4545.646,0.060
1757368264.979625,4547.716,0.060
1757368264.981694,4549.785,0.060
1757368264.983764,4551.855,0.060
1757368264.985833,4553.924,0.060
1757368264.987902,4555.993,0.060
1757368264.989970,4558.061,0.060
1757368264.992020,4560.111,0.060
1757368264.994090,4562.181,0.060
1757368264.996160,4564.251,0.060
1757368264.998229,4566.320,0.060
1757368265.000296,4568.388,0.060
1757368265.002365,4570.456,0.060
1757368265.004434,4572.526,0.060
1757368265.006503,4574.594,0.060
1757368265.008571,4576.662,0.060
1757368265.010640,4578.731,0.060
1757368265.012709,4580.800,0.060
1757368265.014778,4582.869,0.060
1757368265.016844,4584.935,0.060
1757368265.018913,4587.004,0.060
1757368265.020981,4589.072,0.060
1757368265.023051,4591.142,0.060
1757368265.025121,4593.212,0.060
1757368265.027189,4595.281,0.060
1757368265.029258,4597.349,0.060
1757368265.031327,4599.418,0.060
1757368265.033396,4601.488,0.060
1757368265.035466,4603.558,0.060
1757368265.037535,4605.626,0.060
1757368265.039605,4607.696,0.060
1757368265.041673,4609.765,0.060
1757368265.043742,4611.833,0.060
1757368265.045812,4613.903,0.060
1757368265.047881,4615.973,0.060
1757368265.049950,4618.041,0.060
1757368265.052022,4620.114,0.060
1757368265.054093,4622.184,0.060
1757368265.056161,4624.252,0.060
1757368265.058230,4626.321,0.060
1757368265.060298,4628.389,0.060
1757368265.062366,4630.458,0.060
1757368265.064437,4632.528,0.060
1757368265.066508,4634.599,0.060
1757368265.068576,4636.667,0.060
1757368265.070645,4638.736,0.060
1757368265.072714,4640.805,0.060
1757368265.074783,4642.874,0.060
1757368265.076848,4644.939,0.060
1757368265.078918,4647.009,0.060
1757368265.080987,4649.079,0.060
1757368265.083057,4651.148,0.060
1757368265.085124,4653.215,0.060
1757368265.087193,4655.285,0.060
1757368265.089262,4657.353,0.060
1757368265.091331,4659.422,0.060
1757368265.093402,4661.493,0.060
1757368265.095471,4663.562,0.060
1757368265.097540,4665.631,0.060
1757368265.099610,4667.701,0.060
1757368265.101679,4669.770,0.060
1757368265.103748,4671.839,0.060
1757368265.105817,4673.908,0.060
1757368265.107887,4675.978,0.060
1757368265.109957,4678.048,0.060
1757368265.112030,4680.121,0.060
1757368265.114101,4682.192,0.060
1757368265.116169,4684.260,0.060
1757368265.118238,4686.329,0.060
1757368265.120304,4688.396,0.060
1757368265.122374,4690.465,0.060
1757368265.124442,4692.533,0.060
1757368265.126511,4694.602,0.060
1757368265.128580,4696.671,0.060
1757368265.130649,4698.740,0.060
1757368265.132715,4700.807,0.060
1757368265.134785,4702.876,0.060
1757368265.136851,4704.942,0.060
1757368265.138921,4707.012,0.060
1757368265.140981,4709.073,0.060
1757368265.143040,4711.131,0.060
1757368265.145097,4713.188,0.060
1757368265.147154,4715.245,0.060
1757368265.149211,4717.302,0.060
1757368265.151267,4719.358,0.060
1757368265.153325,4721.416,0.060
1757368265.155385,4723.476,0.060
1757368265.157456,4725.547,0.060
1757368265.159526,4727.617,0.060
1757368265.161595,4729.686,0.060
1757368265.163664,4731.755,0.060
1757368265.165733,4733.824,0.060
1757368265.167804,4735.896,0.060
1757368265.169873,4737.964,0.060
1757368265.171943,4740.034,0.060
1757368265.174012,4742.103,0.060
1757368265.176078,4744.169,0.060
1757368265.178148,4746.239,0.060
1757368265.180216,4748.307,0.060
1757368265.182286,4750.377,0.060
1757368265.184352,4752.443,0.060
1757368265.186421,4754.512,0.060
1757368265.188488,4756.579,0.060
1757368265.190557,4758.649,0.060
1757368265.192627,4760.718,0.060
1757368265.194696,4762.787,0.060
1757368265.196763,4764.854,0.060
1757368265.198832,4766.923,0.060
1757368265.200899,4768.991,0.060
1757368265.202969,4771.060,0.060
1757368265.205039,4773.130,0.060
1757368265.207108,4775.199,0.060
1757368265.209176,4777.267,0.060
1757368265.211245,4779.336,0.060
1757368265.213313,4781.404,0.060
1757368265.215382,4783.473,0.060
1757368265.217452,4785.543,0.060
1757368265.219522,4787.613,0.060
1757368265.221590,4789.681,0.060
1757368265.223659,4791.750,0.060
1757368265.225728,4793.819,0.060
1757368265.227798,4795.889,0.060
1757368265.229867,4797.958,0.060
1757368265.231936,4800.027,0.060
1757368265.234005,4802.096,0.060
1757368265.236072,4804.163,0.060
1757368265.238141,4806.232,0.060
1757368265.240209,4808.300,0.060
1757368265.242278,4810.369,0.060
1757368265.244344,4812.435,0.060
1757368265.246413,4814.504,0.060
1757368265.248481,4816.572,0.060
1757368265.250550,4818.641,0.060
1757368265.252618,4820.709,0.060
1757368265.254687,4822.778,0.060
1757368265.256756,4824.847,0.060
1757368265.258824,4826.916,0.060
1757368265.260891,4828.983,0.060
1757368265.262961,4831.052,0.060
1757368265.265029,4833.120,0.060
1757368265.267098,4835.189,0.060
1757368265.269166,4837.257,0.060
1757368265.271235,4839.326,0.060
1757368265.273307,4841.398,0.060
1757368265.275377,4843.468,0.060
1757368265.277446,4845.537,0.060
1757368265.279515,4847.606,0.060
1757368265.281584,4849.675,0.060
1757368265.283653,4851.744,0.060
1757368265.285721,4853.812,0.060
1757368265.287791,4855.882,0.060
1757368265.289860,4857.951,0.060
1757368265.291929,4860.020,0.060
1757368265.293997,4862.088,0.060
1757368265.296064,4864.155,0.060
1757368265.298134,4866.225,0.060
1757368265.300204,4868.295,0.060
1757368265.302273,4870.364,0.060
1757368265.304340,4872.431,0.060
1757368265.306409,4874.500,0.060
1757368265.308476,4876.568,0.060
1757368265.310546,4878.637,0.060
1757368265.312614,4880.705,0.060
1757368265.314683,4882.774,0.060
1757368265.316752,4884.843,0.060
1757368265.318821,4886.912,0.060
1757368265.320887,4888.978,0.060
1757368265.322959,4891.050,0.060
1757368265.325032,4893.124,0.060
1757368265.327103,4895.194,0.060
1757368265.329169,4897.260,0.060
1757368265.331248,4899.339,0.060
1757368265.333325,4901.416,0.060
1757368265.335389,4903.480,0.060
1757368265.337450,4905.541,0.060
1757368265.339513,4907.604,0.060
1757368265.341574,4909.665,0.060
1757368265.343632,4911.723,0.060
1757368265.345690,4913.781,0.060
1757368265.347748,4915.839,0.060
1757368265.349807,4917.898,0.080
1757368265.351865,4919.956,0.080
1757368265.353924,4922.015,0.080
1757368265.355984,4924.075,0.080
1757368265.358044,4926.135,0.080
1757368265.360104,4928.195,0.080
1757368265.362165,4930.256,0.080
1757368265.364224,4932.316,0.080
1757368265.366285,4934.376,0.080
1757368265.368345,4936.437,0.080
1757368265.370409,4938.500,0.080
1757368265.372472,4940.563,0.080
1757368265.374535,4942.626,0.080
1757368265.376597,4944.689,0.080
1757368265.378663,4946.754,0.080
1757368265.380727,4948.818,0.080
1757368265.382792,4950.883,0.080
1757368265.384858,4952.949,0.080
1757368265.386926,4955.018,0.080
1757368265.388995,4957.086,0.080
1757368265.391062,4959.153,0.080
1757368265.393129,4961.220,0.080
1757368265.395199,4963.290,0.080
1757368265.397267,4965.358,0.080
1757368265.399335,4967.426,0.080
1757368265.401404,4969.496,0.080
1757368265.403473,4971.564,0.080
1757368265.405541,4973.633,0.080
1757368265.407610,4975.702,0.080
1757368265.409679,4977.771,0.080
1757368265.411749,4979.840,0.080
1757368265.413817,4981.908,0.080
1757368265.415886,4983.977,0.080
1757368265.417955,4986.046,0.080
1757368265.420021,4988.112,0.080
1757368265.422090,4990.181,0.080
1757368265.424157,4992.248,0.080
1757368265.426226,4994.317,0.080
1757368265.428293,4996.384,0.080
1757368265.430364,4998.455,0.080
1757368265.432433,5000.525,0.080
1757368265.434503,5002.594,0.080
1757368265.436570,5004.662,0.080
1757368265.438639,5006.731,0.080
1757368265.440708,5008.799,0.080
1757368265.442777,5010.869,0.080
1757368265.444858,5012.949,0.080
1757368265.446928,5015.019,0.080
1757368265.448996,5017.087,0.080
1757368265.451065,5019.156,0.080
1757368265.453137,5021.228,0.080
1757368265.455207,5023.298,0.080
1757368265.457276,5025.367,0.080
1757368265.459345,5027.436,0.080
1757368265.461413,5029.505,0.080
1757368265.463483,5031.574,0.080
1757368265.465552,5033.643,0.080
1757368265.467621,5035.712,0.080
1757368265.469690,5037.781,0.080
1757368265.471759,5039.850,0.080
1757368265.473829,5041.920,0.080
1757368265.475898,5043.989,0.080
1757368265.477966,5046.057,0.080
1757368265.480023,5048.114,0.080
1757368265.482092,5050.184,0.080
1757368265.484161,5052.252,0.080
1757368265.486229,5054.320,0.080
1757368265.488296,5056.387,0.080
1757368265.490365,5058.456,0.080
1757368265.492433,5060.524,0.080
1757368265.494502,5062.593,0.080
1757368265.496570,5064.662,0.080
1757368265.498639,5066.730,0.080
1757368265.500708,5068.799,0.080
1757368265.502777,5070.868,0.080
1757368265.504844,5072.935,0.080
1757368265.506913,5075.005,0.060
1757368265.508982,5077.074,0.060
1757368265.511053,5079.144,0.060
1757368265.513126,5081.217,0.060
1757368265.515194,5083.286,0.060
1757368265.517263,5085.354,0.060
1757368265.519332,5087.424,0.060
1757368265.521402,5089.493,0.060
1757368265.523471,5091.562,0.060
1757368265.525539,5093.631,0.060
1757368265.527609,5095.701,0.060
1757368265.529679,5097.770,0.060
1757368265.531748,5099.839,0.060
1757368265.533817,5101.908,0.060
1757368265.535887,5103.978,0.060
1757368265.537956,5106.047,0.060
1757368265.540028,5108.119,0.060
1757368265.542098,5110.189,0.060
1757368265.544166,5112.257,0.060
1757368265.546235,5114.326,0.060
1757368265.548303,5116.394,0.060
1757368265.550373,5118.464,0.060
1757368265.552442,5120.533,0.060
1757368265.554511,5122.602,0.060
1757368265.556585,5124.676,0.060
1757368265.558656,5126.747,0.060
1757368265.560725,5128.816,0.060
1757368265.562793,5130.885,0.060
1757368265.564862,5132.953,0.060
1757368265.566931,5135.022,0.060
1757368265.568999,5137.090,0.060
1757368265.571067,5139.158,0.060
1757368265.573136,5141.227,0.060
1757368265.575205,5143.296,0.060
1757368265.577275,5145.366,0.060
1757368265.579345,5147.436,0.060
1757368265.581416,5149.507,0.060
1757368265.583485,5151.576,0.060
1757368265.585556,5153.647,0.060
1757368265.587625,5155.716,0.060
1757368265.589694,5157.786,0.060
1757368265.591764,5159.855,0.060
1757368265.593832,5161.924,0.060
1757368265.595903,5163.994,0.060
1757368265.597972,5166.064,0.060
1757368265.600029,5168.120,0.060
1757368265.602098,5170.189,0.060
1757368265.604167,5172.258,0.060
1757368265.606235,5174.326,0.060
1757368265.608302,5176.393,0.060
1757368265.610371,5178.462,0.060
1757368265.612438,5180.529,0.060
1757368265.614507,5182.598,0.060
1757368265.616573,5184.664,0.060
1757368265.618642,5186.733,0.060
1757368265.620712,5188.803,0.060
1757368265.622781,5190.872,0.060
1757368265.624851,5192.942,0.060
1757368265.626920,5195.011,0.060
1757368265.628993,5197.084,0.060
1757368265.631061,5199.152,0.060
1757368265.633130,5201.221,0.060
1757368265.635200,5203.291,0.060
1757368265.637270,5205.362,0.060
1757368265.639339,5207.431,0.060
1757368265.641409,5209.500,0.060
1757368265.643478,5211.569,0.060
1757368265.645550,5213.641,0.060
1757368265.647619,5215.710,0.060
1757368265.649688,5217.779,0.060
1757368265.651757,5219.849,0.060
1757368265.653826,5221.917,0.060
1757368265.655895,5223.987,0.060
1757368265.657966,5226.057,0.060
1757368265.660024,5228.116,0.060
1757368265.662094,5230.185,0.060
1757368265.664163,5232.254,0.060
1757368265.666232,5234.323,0.060
1757368265.668299,5236.390,0.060
1757368265.670368,5238.460,0.060
1757368265.672438,5240.529,0.060
1757368265.674507,5242.598,0.060
1757368265.676575,5244.666,0.060
1757368265.678644,5246.735,0.060
1757368265.680712,5248.803,0.060
1757368265.682781,5250.872,0.060
1757368265.684850,5252.941,0.060
1757368265.686919,5255.011,0.060
1757368265.688987,5257.078,0.060
1757368265.691056,5259.147,0.060
1757368265.693125,5261.216,0.060
1757368265.695194,5263.286,0.060
1757368265.697263,5265.354,0.060
1757368265.699333,5267.424,0.060
1757368265.701404,5269.495,0.060
1757368265.703474,5271.565,0.060
1757368265.705544,5273.635,0.060
1757368265.707613,5275.704,0.060
1757368265.709682,5277.774,0.060
1757368265.711754,5279.845,0.060
1757368265.713824,5281.915,0.060
1757368265.715893,5283.984,0.060
1757368265.717962,5286.053,0.060
1757368265.720021,5288.112,0.060
1757368265.722090,5290.181,0.060
1757368265.724159,5292.251,0.060
1757368265.726229,5294.320,0.060
1757368265.728296,5296.387,0.060
1757368265.730366,5298.457,0.060
1757368265.732432,5300.523,0.060
1757368265.734501,5302.592,0.060
1757368265.736569,5304.660,0.060
1757368265.738638,5306.729,0.060
1757368265.740705,5308.797,0.060
1757368265.742775,5310.866,0.060
1757368265.744842,5312.933,0.060
1757368265.746911,5315.002,0.060
1757368265.748981,5317.072,0.060
1757368265.751065,5319.157,0.060
1757368265.753135,5321.226,0.060
1757368265.755204,5323.296,0.060
1757368265.757273,5325.365,0.060
1757368265.759342,5327.434,0.060
1757368265.761412,5329.504,0.060
1757368265.763482,5331.573,0.060
1757368265.765552,5333.643,0.060
1757368265.767620,5335.711,0.060
1757368265.769689,5337.780,0.060
1757368265.771759,5339.850,0.060
1757368265.773828,5341.919,0.060
1757368265.775897,5343.988,0.060
1757368265.777966,5346.057,0.060
1757368265.780020,5348.111,0.060
1757368265.782088,5350.179,0.060
1757368265.784156,5352.247,0.060
1757368265.786225,5354.316,0.060
1757368265.788292,5356.383,0.060
1757368265.790362,5358.453,0.060
1757368265.792430,5360.521,0.060
1757368265.794499,5362.591,0.060
1757368265.796567,5364.658,0.060
1757368265.798636,5366.728,0.060
1757368265.800705,5368.796,0.060
1757368265.802774,5370.865,0.060
1757368265.804841,5372.932,0.060
1757368265.806910,5375.001,0.060
1757368265.808978,5377.069,0.060
1757368265.811048,5379.139,0.060
1757368265.813117,5381.208,0.060
1757368265.815186,5383.277,0.060
1757368265.817254,5385.345,0.060
1757368265.819324,5387.415,0.060
1757368265.821392,5389.483,0.060
1757368265.823461,5391.552,0.060
1757368265.825532,5393.623,0.060
1757368265.827606,5395.697,0.060
1757368265.829681,5397.773,0.060
1757368265.831750,5399.841,0.060
1757368265.833818,5401.909,0.060
1757368265.835887,5403.978,0.060
1757368265.837956,5406.047,0.060
1757368265.840024,5408.115,0.060
1757368265.842093,5410.185,0.060
1757368265.844163,5412.254,0.060
1757368265.846231,5414.323,0.060
1757368265.848301,5416.392,0.060
1757368265.850371,5418.462,0.060
1757368265.852440,5420.531,0.060
1757368265.854510,5422.601,0.060
1757368265.856579,5424.670,0.060
1757368265.858648,5426.739,0.060
1757368265.860718,5428.809,0.060
1757368265.862787,5430.878,0.060
1757368265.864854,5432.945,0.060
1757368265.866924,5435.015,0.060
1757368265.868994,5437.085,0.060
1757368265.871076,5439.167,0.060
1757368265.873145,5441.236,0.060
1757368265.875214,5443.305,0.060
1757368265.877285,5445.376,0.060
1757368265.879355,5447.446,0.060
1757368265.881426,5449.517,0.060
1757368265.883495,5451.586,0.060
1757368265.885564,5453.655,0.060
1757368265.887633,5455.724,0.060
1757368265.889702,5457.793,0.060
1757368265.891772,5459.863,0.060
1757368265.893841,5461.932,0.060
1757368265.895910,5464.001,0.060
1757368265.897979,5466.070,0.060
1757368265.900029,5468.120,0.060
1757368265.902099,5470.190,0.060
1757368265.904167,5472.258,0.060
1757368265.906236,5474.328,0.060
1757368265.908303,5476.395,0.060
1757368265.910373,5478.464,0.060
1757368265.912441,5480.532,0.060
1757368265.914510,5482.602,0.060
1757368265.916578,5484.669,0.060
1757368265.918647,5486.738,0.060
1757368265.920714,5488.805,0.060
1757368265.922776,5490.867,0.060
1757368265.924834,5492.925,0.060
1757368265.926893,5494.984,0.060
1757368265.928953,5497.044,0.060
1757368265.931010,5499.101,0.060
1757368265.933067,5501.158,0.060
1757368265.935125,5503.216,0.060
1757368265.937182,5505.273,0.060
1757368265.939246,5507.338,0.060
1757368265.941314,5509.405,0.060
1757368265.943383,5511.474,0.060
1757368265.945452,5513.543,0.060
1757368265.947521,5515.612,0.060
1757368265.949590,5517.681,0.060
1757368265.951660,5519.751,0.060
1757368265.953728,5521.820,0.060
1757368265.955798,5523.889,0.060
1757368265.957866,5525.958,0.060
1757368265.959936,5528.027,0.060
1757368265.962005,5530.096,0.060
1757368265.964072,5532.163,0.060
1757368265.966141,5534.232,0.060
1757368265.968210,5536.301,0.060
1757368265.970279,5538.371,0.060
1757368265.972347,5540.438,0.060
1757368265.974417,5542.508,0.060
1757368265.976486,5544.578,0.060
1757368265.978556,5546.648,0.060
1757368265.980623,5548.714,0.060
1757368265.982693,5550.784,0.060
1757368265.984762,5552.853,0.060
1757368265.986832,5554.923,0.060
1757368265.988901,5556.992,0.060
1757368265.990970,5559.061,0.060
1757368265.993040,5561.131,0.060
1757368265.995112,5563.203,0.060
1757368265.997181,5565.273,0.060
1757368265.999250,5567.341,0.060
1757368266.001320,5569.411,0.060
1757368266.003389,5571.480,0.060
1757368266.005458,5573.550,0.060
1757368266.007527,5575.618,0.060
1757368266.009596,5577.687,0.060
1757368266.011666,5579.757,0.060
1757368266.013736,5581.827,0.060
1757368266.015805,5583.896,0.060
1757368266.017874,5585.965,0.060
1757368266.019943,5588.034,0.060
1757368266.022013,5590.104,0.060
1757368266.024080,5592.171,0.060
1757368266.026150,5594.241,0.060
1757368266.028219,5596.310,0.060
1757368266.030288,5598.380,0.060
1757368266.032356,5600.447,0.060
1757368266.034425,5602.516,0.060
1757368266.036494,5604.585,0.060
1757368266.038563,5606.654,0.060
1757368266.040632,5608.723,0.060
1757368266.042701,5610.792,0.060
1757368266.044770,5612.861,0.060
1757368266.046839,5614.930,0.060
1757368266.048906,5616.997,0.060
1757368266.050976,5619.067,0.060
1757368266.053045,5621.136,0.060
1757368266.055115,5623.206,0.060
1757368266.057184,5625.276,0.060
1757368266.059253,5627.344,0.060
1757368266.061322,5629.413,0.060
1757368266.063392,5631.483,0.060
1757368266.065464,5633.556,0.060
1757368266.067534,5635.626,0.060
1757368266.069606,5637.697,0.060
1757368266.071675,5639.766,0.060
1757368266.073744,5641.835,0.060
1757368266.075814,5643.905,0.060
1757368266.077883,5645.975,0.060
1757368266.079953,5648.045,0.060
1757368266.082023,5650.114,0.060
1757368266.084090,5652.181,0.060
1757368266.086160,5654.251,0.060
1757368266.088229,5656.320,0.060
1757368266.090299,5658.390,0.060
1757368266.092366,5660.457,0.060
1757368266.094437,5662.528,0.060
1757368266.096506,5664.598,0.060
1757368266.098575,5666.666,0.060
1757368266.100643,5668.734,0.060
1757368266.102712,5670.804,0.060
1757368266.104782,5672.873,0.060
1757368266.106851,5674.942,0.060
1757368266.108918,5677.009,0.060
1757368266.110987,5679.079,0.060
1757368266.113058,5681.149,0.060
1757368266.115128,5683.219,0.060
1757368266.117197,5685.288,0.060
1757368266.119267,5687.358,0.060
1757368266.121336,5689.427,0.060
1757368266.123406,5691.497,0.060
1757368266.125475,5693.566,0.060
1757368266.127546,5695.637,0.060
1757368266.129615,5697.706,0.060
1757368266.131685,5699.776,0.060
1757368266.133754,5701.845,0.060
1757368266.135823,5703.914,0.060
1757368266.137891,5705.982,0.060
1757368266.139961,5708.052,0.060
1757368266.142030,5710.121,0.060
1757368266.144096,5712.188,0.060
1757368266.146170,5714.262,0.060
1757368266.148239,5716.331,0.060
1757368266.150308,5718.399,0.060
1757368266.152379,5720.470,0.060
1757368266.154450,5722.541,0.060
1757368266.156519,5724.610,0.060
1757368266.158588,5726.679,0.060
1757368266.160656,5728.747,0.060
1757368266.162724,5730.815,0.060
1757368266.164794,5732.885,0.060
1757368266.166864,5734.955,0.060
1757368266.168930,5737.021,0.060
1757368266.171000,5739.091,0.060
1757368266.173068,5741.159,0.060
1757368266.175138,5743.229,0.060
1757368266.177207,5745.298,0.060
1757368266.179276,5747.367,0.060
1757368266.181345,5749.436,0.060
1757368266.183414,5751.505,0.060
1757368266.185484,5753.575,0.060
1757368266.187554,5755.646,0.060
1757368266.189623,5757.714,0.060
1757368266.191692,5759.783,0.060
1757368266.193761,5761.852,0.060
1757368266.195830,5763.921,0.060
1757368266.197900,5765.991,0.060
1757368266.199970,5768.061,0.060
1757368266.202040,5770.131,0.060
1757368266.204107,5772.198,0.060
1757368266.206177,5774.268,0.060
1757368266.208247,5776.338,0.060
1757368266.210316,5778.407,0.060
1757368266.212384,5780.475,0.060
1757368266.214453,5782.544,0.060
1757368266.216525,5784.616,0.060
1757368266.218595,5786.686,0.060
1757368266.220662,5788.754,0.060
1757368266.222732,5790.823,0.060
1757368266.224802,5792.893,0.060
1757368266.226871,5794.962,0.060
1757368266.228940,5797.031,0.060
1757368266.231009,5799.100,0.060
1757368266.233080,5801.171,0.060
1757368266.235149,5803.240,0.060
1757368266.237219,5805.310,0.060
1757368266.239288,5807.379,0.060
1757368266.241376,5809.468,0.060
1757368266.243446,5811.537,0.060
1757368266.245516,5813.607,0.060
1757368266.247585,5815.676,0.060
1757368266.249656,5817.748,0.060
1757368266.251725,5819.816,0.060
1757368266.253795,5821.886,0.060
1757368266.255864,5823.955,0.060
1757368266.257933,5826.025,0.060
1757368266.260012,5828.103,0.060
1757368266.262082,5830.173,0.060
1757368266.264149,5832.240,0.060
1757368266.266219,5834.310,0.060
1757368266.268286,5836.377,0.060
1757368266.270355,5838.446,0.060
1757368266.272423,5840.514,0.060
1757368266.274493,5842.584,0.060
1757368266.276561,5844.652,0.060
1757368266.278631,5846.722,0.060
1757368266.280702,5848.793,0.060
1757368266.282770,5850.862,0.060
1757368266.284839,5852.930,0.060
1757368266.286908,5854.999,0.060
1757368266.288978,5857.069,0.060
1757368266.291048,5859.139,0.060
1757368266.293116,5861.207,0.060
1757368266.295186,5863.277,0.060
1757368266.297255,5865.346,0.060
1757368266.299325,5867.416,0.060
1757368266.301398,5869.489,0.060
1757368266.303469,5871.560,0.060
1757368266.305538,5873.630,0.060
1757368266.307608,5875.699,0.060
1757368266.309677,5877.769,0.060
1757368266.311747,5879.838,0.060
1757368266.313818,5881.909,0.060
1757368266.315887,5883.978,0.060
1757368266.317957,5886.048,0.060
1757368266.320032,5888.123,0.060
1757368266.322106,5890.197,0.060
1757368266.324176,5892.267,0.060
1757368266.326246,5894.337,0.060
1757368266.328313,5896.404,0.060
1757368266.330383,5898.474,0.060
1757368266.332452,5900.543,0.060
1757368266.334518,5902.609,0.060
1757368266.336611,5904.702,0.060
1757368266.338678,5906.769,0.060
1757368266.340736,5908.827,0.060
1757368266.342793,5910.884,0.060
1757368266.344851,5912.943,0.060
1757368266.346910,5915.002,0.060
1757368266.348970,5917.061,0.060
1757368266.351028,5919.119,0.060
1757368266.353086,5921.177,0.060
1757368266.355146,5923.237,0.060
1757368266.357206,5925.297,0.060
1757368266.359265,5927.356,0.060
1757368266.361324,5929.415,0.060
1757368266.363384,5931.475,0.060
1757368266.365445,5933.536,0.060
1757368266.367506,5935.597,0.060
1757368266.369571,5937.662,0.060
1757368266.371634,5939.725,0.060
1757368266.373697,5941.788,0.060
1757368266.375760,5943.851,0.060
1757368266.377826,5945.918,0.080
1757368266.379891,5947.982,0.080
1757368266.381956,5950.047,0.080
1757368266.384014,5952.105,0.080
1757368266.386081,5954.173,0.080
1757368266.388149,5956.240,0.080
1757368266.390215,5958.306,0.080
1757368266.392282,5960.374,0.080
1757368266.394349,5962.440,0.080
1757368266.396417,5964.508,0.080
1757368266.398487,5966.578,0.080
1757368266.400556,5968.647,0.080
1757368266.402624,5970.716,0.080
1757368266.404693,5972.784,0.080
1757368266.406761,5974.852,0.080
1757368266.408830,5976.921,0.080
1757368266.410899,5978.990,0.080
1757368266.412966,5981.057,0.080
1757368266.415035,5983.127,0.080
1757368266.417104,5985.195,0.080
1757368266.419172,5987.263,0.080
1757368266.421241,5989.332,0.080
1757368266.423313,5991.404,0.080
1757368266.425390,5993.481,0.080
1757368266.427460,5995.551,0.080
1757368266.429529,5997.620,0.080
1757368266.431598,5999.689,0.080
1757368266.433667,6001.758,0.080
1757368266.435737,6003.828,0.080
1757368266.437805,6005.897,0.060
1757368266.439875,6007.966,0.060
1757368266.441943,6010.035,0.060
1757368266.444030,6012.121,0.060
1757368266.446104,6014.195,0.060
1757368266.448173,6016.264,0.060
1757368266.450244,6018.335,0.060
1757368266.452311,6020.402,0.060
1757368266.454381,6022.472,0.060
1757368266.456450,6024.542,0.060
1757368266.458520,6026.611,0.060
1757368266.460587,6028.678,0.060
1757368266.462656,6030.748,0.060
1757368266.464727,6032.818,0.060
1757368266.466796,6034.887,0.060
1757368266.468863,6036.954,0.060
1757368266.470932,6039.023,0.060
1757368266.473001,6041.092,0.060
1757368266.475071,6043.162,0.060
1757368266.477141,6045.232,0.060
1757368266.479210,6047.301,0.060
1757368266.481279,6049.371,0.060
1757368266.483349,6051.440,0.060
1757368266.485419,6053.510,0.060
1757368266.487489,6055.580,0.060
1757368266.489558,6057.649,0.060
1757368266.491627,6059.719,0.060
1757368266.493697,6061.788,0.060
1757368266.495767,6063.858,0.060
1757368266.497836,6065.928,0.060
1757368266.499906,6067.997,0.060
1757368266.501976,6070.067,0.060
1757368266.504027,6072.118,0.060
1757368266.506097,6074.188,0.060
1757368266.508166,6076.257,0.060
1757368266.510238,6078.329,0.060
1757368266.512306,6080.397,0.060
1757368266.514376,6082.467,0.060
1757368266.516445,6084.536,0.060
1757368266.518519,6086.610,0.060
1757368266.520585,6088.676,0.060
1757368266.522655,6090.746,0.060
1757368266.524722,6092.813,0.060
1757368266.526792,6094.883,0.060
1757368266.528860,6096.951,0.060
1757368266.530929,6099.020,0.060
1757368266.532997,6101.089,0.060
1757368266.535066,6103.158,0.060
1757368266.537135,6105.226,0.060
1757368266.539205,6107.296,0.060
1757368266.541275,6109.366,0.060
1757368266.543343,6111.434,0.060
1757368266.545414,6113.505,0.060
1757368266.547484,6115.575,0.060
1757368266.549554,6117.645,0.060
1757368266.551623,6119.714,0.060
1757368266.553692,6121.783,0.060
1757368266.555762,6123.853,0.060
1757368266.557830,6125.921,0.060
1757368266.559901,6127.992,0.060
1757368266.561970,6130.061,0.060
1757368266.564019,6132.111,0.060
1757368266.566089,6134.181,0.060
1757368266.568157,6136.249,0.060
1757368266.570227,6138.318,0.060
1757368266.572294,6140.386,0.060
1757368266.574363,6142.455,0.060
1757368266.576432,6144.524,0.060
1757368266.578502,6146.593,0.060
1757368266.580569,6148.660,0.060
1757368266.582637,6150.728,0.060
1757368266.584707,6152.798,0.060
1757368266.586776,6154.867,0.060
1757368266.588849,6156.940,0.060
1757368266.590918,6159.009,0.060
1757368266.592987,6161.078,0.060
1757368266.595057,6163.148,0.060
1757368266.597125,6165.216,0.060
1757368266.599194,6167.285,0.060
1757368266.601262,6169.353,0.060
1757368266.603331,6171.422,0.060
1757368266.605401,6173.492,0.060
1757368266.607471,6175.562,0.060
1757368266.609541,6177.632,0.060
1757368266.611610,6179.702,0.060
1757368266.613679,6181.771,0.060
1757368266.615749,6183.840,0.060
1757368266.617818,6185.909,0.060
1757368266.619888,6187.979,0.060
1757368266.621957,6190.048,0.060
1757368266.624026,6192.117,0.060
1757368266.626095,6194.186,0.060
1757368266.628163,6196.254,0.060
1757368266.630232,6198.323,0.060
1757368266.632299,6200.390,0.060
1757368266.634368,6202.459,0.060
1757368266.636437,6204.528,0.060
1757368266.638508,6206.599,0.060
1757368266.640575,6208.666,0.060
1757368266.642644,6210.735,0.060
1757368266.644713,6212.805,0.060
1757368266.646783,6214.874,0.060
1757368266.648851,6216.942,0.060
1757368266.650920,6219.011,0.060
1757368266.652988,6221.080,0.060
1757368266.655059,6223.150,0.060
1757368266.657126,6225.217,0.060
1757368266.659195,6227.287,0.060
1757368266.661265,6229.356,0.060
1757368266.663334,6231.425,0.060
1757368266.665403,6233.495,0.060
1757368266.667473,6235.564,0.060
1757368266.669543,6237.634,0.060
1757368266.671613,6239.704,0.060
1757368266.673683,6241.774,0.060
1757368266.675752,6243.844,0.060
1757368266.677821,6245.912,0.060
1757368266.679891,6247.982,0.060
1757368266.681962,6250.053,0.060
1757368266.684025,6252.116,0.060
1757368266.686100,6254.191,0.060
1757368266.688168,6256.259,0.060
1757368266.690237,6258.328,0.060
1757368266.692304,6260.396,0.060
1757368266.694374,6262.465,0.060
1757368266.696441,6264.532,0.060
1757368266.698511,6266.602,0.060
1757368266.700579,6268.670,0.060
1757368266.702649,6270.740,0.060
1757368266.704717,6272.809,0.060
1757368266.706787,6274.879,0.060
1757368266.708857,6276.948,0.060
1757368266.710926,6279.017,0.060
1757368266.712995,6281.086,0.060
1757368266.715065,6283.156,0.060
1757368266.717134,6285.225,0.060
1757368266.719204,6287.295,0.060
1757368266.721272,6289.363,0.060
1757368266.723340,6291.431,0.060
1757368266.725408,6293.499,0.060
1757368266.727476,6295.567,0.060
1757368266.729544,6297.635,0.060
1757368266.731612,6299.703,0.060
1757368266.733683,6301.774,0.060
1757368266.735752,6303.843,0.060
1757368266.737821,6305.912,0.060
1757368266.739890,6307.981,0.060
1757368266.741959,6310.050,0.060
1757368266.744021,6312.112,0.060
1757368266.746090,6314.181,0.060
1757368266.748159,6316.250,0.060
1757368266.750229,6318.320,0.060
1757368266.752296,6320.388,0.060
1757368266.754366,6322.458,0.060
1757368266.756436,6324.527,0.060
1757368266.758505,6326.596,0.060
1757368266.760574,6328.665,0.060
1757368266.762644,6330.735,0.060
1757368266.764712,6332.803,0.060
1757368266.766781,6334.872,0.060
1757368266.768850,6336.941,0.060
1757368266.770919,6339.010,0.060
1757368266.772988,6341.079,0.060
1757368266.775058,6343.149,0.060
1757368266.777128,6345.219,0.060
1757368266.779198,6347.289,0.060
1757368266.781268,6349.359,0.060
1757368266.783338,6351.429,0.060
1757368266.785408,6353.499,0.060
1757368266.787477,6355.568,0.060
1757368266.789547,6357.638,0.060
1757368266.791616,6359.708,0.060
1757368266.793686,6361.777,0.060
1757368266.795756,6363.847,0.060
1757368266.797826,6365.917,0.060
1757368266.799896,6367.987,0.060
1757368266.801965,6370.056,0.060
1757368266.804023,6372.114,0.060
1757368266.806093,6374.184,0.060
1757368266.808161,6376.253,0.060
1757368266.810239,6378.330,0.060
1757368266.812315,6380.406,0.060
1757368266.814387,6382.478,0.060
1757368266.816457,6384.548,0.060
1757368266.818527,6386.618,0.060
1757368266.820595,6388.686,0.060
1757368266.822664,6390.756,0.060
1757368266.824735,6392.826,0.060
1757368266.826805,6394.896,0.060
1757368266.828873,6396.964,0.060
1757368266.830942,6399.033,0.060
1757368266.833012,6401.103,0.060
1757368266.835081,6403.172,0.060
1757368266.837149,6405.240,0.060
1757368266.839218,6407.310,0.060
1757368266.841288,6409.379,0.060
1757368266.843358,6411.449,0.060
1757368266.845427,6413.518,0.060
1757368266.847496,6415.587,0.060
1757368266.849566,6417.657,0.060
1757368266.851637,6419.728,0.060
1757368266.853706,6421.797,0.060
1757368266.855776,6423.867,0.060
1757368266.857846,6425.938,0.060
1757368266.859916,6428.007,0.060
1757368266.861987,6430.078,0.060
1757368266.864023,6432.114,0.060
1757368266.866093,6434.185,0.060
1757368266.868162,6436.253,0.060
1757368266.870231,6438.322,0.060
1757368266.872298,6440.389,0.060
1757368266.874367,6442.458,0.060
1757368266.876436,6444.527,0.060
1757368266.878505,6446.596,0.060
1757368266.880572,6448.663,0.060
1757368266.882642,6450.733,0.060
1757368266.884711,6452.802,0.060
1757368266.886780,6454.871,0.060
1757368266.888850,6456.942,0.060
1757368266.890919,6459.011,0.060
1757368266.892988,6461.079,0.060
1757368266.895057,6463.149,0.060
1757368266.897126,6465.217,0.060
1757368266.899196,6467.287,0.060
1757368266.901268,6469.360,0.060
1757368266.903338,6471.429,0.060
1757368266.905409,6473.500,0.060
1757368266.907478,6475.569,0.060
1757368266.909547,6477.638,0.060
1757368266.911617,6479.708,0.060
1757368266.913687,6481.778,0.060
1757368266.915757,6483.849,0.060
1757368266.917827,6485.918,0.060
1757368266.919899,6487.990,0.060
1757368266.921968,6490.060,0.060
1757368266.924021,6492.112,0.060
1757368266.926090,6494.181,0.060
1757368266.928160,6496.251,0.060
1757368266.930229,6498.321,0.060
1757368266.932297,6500.388,0.060
1757368266.934366,6502.457,0.060
1757368266.936434,6504.525,0.060
1757368266.938504,6506.595,0.060
1757368266.940571,6508.662,0.060
1757368266.942640,6510.731,0.060
1757368266.944709,6512.800,0.060
1757368266.946783,6514.874,0.060
1757368266.948852,6516.943,0.060
1757368266.950922,6519.013,0.060
1757368266.952992,6521.083,0.060
1757368266.955061,6523.152,0.060
1757368266.957129,6525.220,0.060
1757368266.959198,6527.289,0.060
1757368266.961269,6529.360,0.060
1757368266.963337,6531.429,0.060
1757368266.965406,6533.497,0.060
1757368266.967476,6535.567,0.060
1757368266.969546,6537.637,0.060
1757368266.971617,6539.708,0.060
1757368266.973686,6541.777,0.060
1757368266.975757,6543.848,0.060
1757368266.977826,6545.917,0.060
1757368266.979896,6547.987,0.060
1757368266.981965,6550.056,0.060
1757368266.984021,6552.112,0.060
1757368266.986091,6554.183,0.060
1757368266.988161,6556.252,0.060
1757368266.990230,6558.321,0.060
1757368266.992297,6560.389,0.060
1757368266.994367,6562.458,0.060
1757368266.996435,6564.526,0.060
1757368266.998504,6566.595,0.060
1757368267.000576,6568.667,0.060
1757368267.002645,6570.736,0.060
1757368267.004714,6572.805,0.060
1757368267.006784,6574.875,0.060
1757368267.008854,6576.945,0.060
1757368267.010923,6579.014,0.060
1757368267.012992,6581.083,0.060
1757368267.015060,6583.151,0.060
1757368267.017129,6585.220,0.060
1757368267.019199,6587.290,0.060
1757368267.021268,6589.359,0.060
1757368267.023337,6591.429,0.060
1757368267.025408,6593.499,0.060
1757368267.027477,6595.568,0.060
1757368267.029546,6597.638,0.060
1757368267.031615,6599.707,0.060
1757368267.033685,6601.776,0.060
1757368267.035754,6603.846,0.060
1757368267.037823,6605.915,0.060
1757368267.039893,6607.984,0.060
1757368267.041961,6610.052,0.060
1757368267.044026,6612.117,0.060
1757368267.046096,6614.187,0.060
1757368267.048167,6616.258,0.060
1757368267.050236,6618.327,0.060
1757368267.052303,6620.394,0.060
1757368267.054372,6622.463,0.060
1757368267.056440,6624.532,0.060
1757368267.058514,6626.605,0.060
1757368267.060583,6628.674,0.060
1757368267.062653,6630.744,0.060
1757368267.064723,6632.814,0.060
1757368267.066792,6634.883,0.060
1757368267.068861,6636.952,0.060
1757368267.070930,6639.021,0.060
1757368267.072999,6641.090,0.060
1757368267.075068,6643.159,0.060
1757368267.077137,6645.228,0.060
1757368267.079206,6647.298,0.060
1757368267.081275,6649.366,0.060
1757368267.083344,6651.435,0.060
1757368267.085413,6653.505,0.060
1757368267.087482,6655.574,0.060
1757368267.089552,6657.643,0.060
1757368267.091621,6659.713,0.060
1757368267.093690,6661.781,0.060
1757368267.095760,6663.851,0.060
1757368267.097830,6665.921,0.060
1757368267.099900,6667.991,0.060
1757368267.101969,6670.060,0.060
1757368267.104022,6672.113,0.060
1757368267.106092,6674.183,0.060
1757368267.108162,6676.253,0.060
1757368267.110230,6678.322,0.060
1757368267.112299,6680.390,0.060
1757368267.114369,6682.461,0.060
1757368267.116440,6684.531,0.060
1757368267.118511,6686.602,0.060
1757368267.120580,6688.671,0.060
1757368267.122649,6690.741,0.060
1757368267.124718,6692.809,0.060
1757368267.126787,6694.878,0.060
1757368267.128855,6696.946,0.060
1757368267.130924,6699.015,0.060
1757368267.132993,6701.084,0.060
1757368267.135062,6703.153,0.060
1757368267.137130,6705.222,0.060
1757368267.139200,6707.291,0.060
1757368267.141270,6709.361,0.060
1757368267.143339,6711.430,0.060
1757368267.145408,6713.499,0.060
1757368267.147477,6715.569,0.060
1757368267.149546,6717.637,0.060
1757368267.151618,6719.710,0.060
1757368267.153688,6721.779,0.060
1757368267.155757,6723.848,0.060
1757368267.157826,6725.917,0.060
1757368267.159895,6727.986,0.060
1757368267.161964,6730.055,0.060
1757368267.164024,6732.116,0.060
1757368267.166094,6734.185,0.060
1757368267.168164,6736.255,0.060
1757368267.170233,6738.324,0.060
1757368267.172301,6740.392,0.060
1757368267.174370,6742.461,0.060
1757368267.176439,6744.530,0.060
1757368267.178509,6746.600,0.060
1757368267.180576,6748.667,0.060
1757368267.182645,6750.736,0.060
1757368267.184715,6752.806,0.060
1757368267.186785,6754.876,0.060
1757368267.188854,6756.945,0.060
1757368267.190923,6759.015,0.060
1757368267.192994,6761.085,0.060
1757368267.195063,6763.155,0.060
1757368267.197133,6765.224,0.060
1757368267.199202,6767.293,0.060
1757368267.201272,6769.363,0.060
1757368267.203341,6771.433,0.060
1757368267.205414,6773.505,0.060
1757368267.207483,6775.574,0.060
1757368267.209554,6777.645,0.060
1757368267.211624,6779.715,0.060
1757368267.213692,6781.783,0.060
1757368267.215762,6783.853,0.060
1757368267.217833,6785.924,0.060
1757368267.219905,6787.997,0.060
1757368267.221976,6790.067,0.060
1757368267.224021,6792.113,0.060
1757368267.226091,6794.182,0.060
1757368267.228160,6796.251,0.060
1757368267.230229,6798.320,0.060
1757368267.232296,6800.388,0.060
1757368267.234365,6802.457,0.060
1757368267.236433,6804.524,0.060
1757368267.238502,6806.593,0.060
1757368267.240571,6808.662,0.060
1757368267.242641,6810.732,0.060
1757368267.244709,6812.801,0.060
1757368267.246779,6814.870,0.060
1757368267.248848,6816.939,0.060
1757368267.250917,6819.008,0.060
1757368267.252987,6821.078,0.060
1757368267.255056,6823.147,0.060
1757368267.257123,6825.215,0.060
1757368267.259194,6827.285,0.060
1757368267.261263,6829.355,0.060
1757368267.263332,6831.424,0.060
1757368267.265402,6833.493,0.060
1757368267.267472,6835.563,0.060
1757368267.269541,6837.632,0.060
1757368267.271611,6839.702,0.060
1757368267.273680,6841.771,0.060
1757368267.275750,6843.841,0.060
1757368267.277819,6845.910,0.060
1757368267.279888,6847.979,0.060
1757368267.281957,6850.048,0.060
1757368267.284026,6852.117,0.060
1757368267.286096,6854.187,0.060
1757368267.288164,6856.255,0.060
1757368267.290233,6858.324,0.060
1757368267.292301,6860.392,0.060
1757368267.294370,6862.461,0.060
1757368267.296438,6864.529,0.060
1757368267.298507,6866.598,0.060
1757368267.300574,6868.665,0.060
1757368267.302644,6870.735,0.060
1757368267.304715,6872.806,0.060
1757368267.306785,6874.876,0.060
1757368267.308854,6876.945,0.060
1757368267.310924,6879.015,0.060
1757368267.312994,6881.085,0.060
1757368267.315063,6883.155,0.060
1757368267.317135,6885.226,0.060
1757368267.319206,6887.297,0.060
1757368267.321276,6889.368,0.060
1757368267.323346,6891.437,0.060
1757368267.325414,6893.505,0.060
1757368267.327484,6895.575,0.060
1757368267.329555,6897.646,0.060
1757368267.331624,6899.715,0.060
1757368267.333694,6901.785,0.060
1757368267.335763,6903.854,0.060
1757368267.337854,6905.945,0.060
1757368267.339918,6908.009,0.060
1757368267.341984,6910.075,0.060
1757368267.344018,6912.109,0.060
1757368267.346077,6914.168,0.060
1757368267.348133,6916.224,0.060
1757368267.350191,6918.282,0.060
1757368267.352249,6920.340,0.060
1757368267.354308,6922.399,0.060
1757368267.356365,6924.456,0.060
1757368267.358423,6926.515,0.060
1757368267.360482,6928.573,0.060
1757368267.362541,6930.632,0.060
1757368267.364598,6932.689,0.060
1757368267.366658,6934.749,0.060
1757368267.368718,6936.809,0.060
1757368267.370778,6938.869,0.060
1757368267.372849,6940.940,0.060
1757368267.374912,6943.003,0.060
1757368267.376974,6945.065,0.060
1757368267.379035,6947.127,0.060
1757368267.381096,6949.187,0.080
1757368267.383157,6951.248,0.080
1757368267.385215,6953.306,0.080
1757368267.387273,6955.364,0.080
1757368267.389331,6957.422,0.080
1757368267.391389,6959.480,0.080
1757368267.393447,6961.539,0.080
1757368267.395505,6963.596,0.080
1757368267.397565,6965.656,0.080
1757368267.399633,6967.725,0.080
1757368267.401717,6969.808,0.080
1757368267.403784,6971.875,0.080
1757368267.405849,6973.940,0.080
1757368267.407915,6976.006,0.080
1757368267.409981,6978.072,0.080
1757368267.412010,6980.101,0.080
1757368267.414085,6982.176,0.080
1757368267.416168,6984.259,0.080
1757368267.418229,6986.320,0.080
1757368267.420286,6988.378,0.080
1757368267.422345,6990.436,0.080
1757368267.424402,6992.493,0.080
1757368267.426461,6994.552,0.080
1757368267.428518,6996.609,0.080
1757368267.430578,6998.669,0.080
1757368267.432637,7000.728,0.080
1757368267.434699,7002.790,0.080
1757368267.436759,7004.850,0.080
1757368267.438820,7006.911,0.080
1757368267.440879,7008.970,0.080
1757368267.442940,7011.031,0.080
1757368267.445009,7013.100,0.080
1757368267.447073,7015.164,0.080
1757368267.449136,7017.227,0.080
1757368267.451200,7019.291,0.080
1757368267.453263,7021.354,0.080
1757368267.455329,7023.420,0.080
1757368267.457393,7025.484,0.080
1757368267.459459,7027.550,0.080
1757368267.461524,7029.615,0.080
1757368267.463593,7031.684,0.080
1757368267.465686,7033.777,0.080
1757368267.467762,7035.854,0.080
1757368267.469832,7037.923,0.080
1757368267.471900,7039.991,0.080
1757368267.473973,7042.064,0.080
1757368267.476020,7044.111,0.080
1757368267.478088,7046.179,0.080
1757368267.480163,7048.254,0.080
1757368267.482235,7050.326,0.080
1757368267.484302,7052.393,0.080
1757368267.486371,7054.462,0.080
1757368267.488440,7056.531,0.080
1757368267.490509,7058.600,0.080
1757368267.492578,7060.669,0.080
1757368267.494648,7062.739,0.080
1757368267.496716,7064.807,0.080
1757368267.498785,7066.876,0.080
1757368267.500855,7068.946,0.080
1757368267.502924,7071.016,0.080
1757368267.504993,7073.085,0.080
1757368267.507062,7075.154,0.080
1757368267.509130,7077.221,0.080
1757368267.511205,7079.296,0.080
1757368267.513276,7081.367,0.080
1757368267.515345,7083.436,0.080
1757368267.517420,7085.511,0.080
1757368267.519489,7087.580,0.080
1757368267.521559,7089.650,0.080
1757368267.523629,7091.720,0.080
1757368267.525697,7093.789,0.080
1757368267.527776,7095.868,0.080
1757368267.529848,7097.939,0.080
1757368267.531918,7100.009,0.080
1757368267.533989,7102.080,0.080
1757368267.536026,7104.117,0.080
1757368267.538097,7106.188,0.080
1757368267.540166,7108.257,0.080
1757368267.542266,7110.357,0.080
1757368267.544338,7112.429,0.080
1757368267.546432,7114.523,0.080
1757368267.548503,7116.595,0.080
1757368267.550577,7118.668,0.080
1757368267.552646,7120.737,0.080
1757368267.554716,7122.807,0.080
1757368267.556788,7124.879,0.080
1757368267.558857,7126.949,0.080
1757368267.560927,7129.018,0.080
1757368267.562997,7131.088,0.080
1757368267.565065,7133.156,0.080
1757368267.567134,7135.225,0.080
1757368267.569202,7137.294,0.080
1757368267.571272,7139.363,0.080
1757368267.573344,7141.435,0.080
1757368267.575413,7143.504,0.080
1757368267.577481,7145.572,0.080
1757368267.579551,7147.642,0.080
1757368267.581620,7149.711,0.080
1757368267.583690,7151.781,0.080
1757368267.585758,7153.850,0.080
1757368267.587828,7155.919,0.080
1757368267.589903,7157.994,0.080
1757368267.591974,7160.065,0.080
1757368267.594044,7162.136,0.080
1757368267.596112,7164.203,0.080
1757368267.598182,7166.273,0.080
1757368267.600251,7168.342,0.080
1757368267.602321,7170.413,0.080
1757368267.604390,7172.481,0.080
1757368267.606460,7174.551,0.080
1757368267.608528,7176.619,0.080
1757368267.610598,7178.689,0.080
1757368267.612666,7180.757,0.080
1757368267.614734,7182.825,0.080
1757368267.616805,7184.896,0.080
1757368267.618874,7186.965,0.080
1757368267.620943,7189.034,0.080
1757368267.623012,7191.103,0.080
1757368267.625081,7193.172,0.080
1757368267.627150,7195.241,0.080
1757368267.629221,7197.312,0.080
1757368267.631290,7199.381,0.080
1757368267.633380,7201.471,0.080
1757368267.635449,7203.540,0.080
1757368267.637519,7205.610,0.080
1757368267.639589,7207.680,0.080
1757368267.641658,7209.749,0.080
1757368267.643727,7211.818,0.080
1757368267.645796,7213.887,0.080
1757368267.647866,7215.957,0.080
1757368267.649934,7218.025,0.080
1757368267.652021,7220.113,0.080
1757368267.654091,7222.182,0.080
1757368267.656157,7224.248,0.080
1757368267.658227,7226.318,0.080
1757368267.660294,7228.385,0.080
1757368267.662364,7230.455,0.080
1757368267.664432,7232.523,0.080
1757368267.666501,7234.592,0.080
1757368267.668571,7236.662,0.080
1757368267.670640,7238.731,0.080
1757368267.672708,7240.799,0.080
1757368267.674778,7242.869,0.080
1757368267.676846,7244.937,0.080
1757368267.678916,7247.007,0.080
1757368267.680984,7249.075,0.080
1757368267.683053,7251.145,0.080
1757368267.685122,7253.214,0.080
1757368267.687192,7255.283,0.080
1757368267.689262,7257.353,0.080
1757368267.691330,7259.421,0.080
1757368267.693402,7261.493,0.080
1757368267.695470,7263.561,0.080
1757368267.697539,7265.630,0.080
1757368267.699609,7267.700,0.080
1757368267.701678,7269.769,0.080
1757368267.703747,7271.838,0.080
1757368267.705816,7273.907,0.080
1757368267.707884,7275.975,0.080
1757368267.709954,7278.045,0.080
1757368267.712026,7280.117,0.080
1757368267.714096,7282.187,0.080
1757368267.716165,7284.256,0.080
1757368267.718233,7286.325,0.080
1757368267.720300,7288.392,0.080
1757368267.722371,7290.462,0.080
1757368267.724439,7292.530,0.080
1757368267.726508,7294.599,0.080
1757368267.728576,7296.667,0.080
1757368267.730645,7298.737,0.080
1757368267.732714,7300.806,0.080
1757368267.734783,7302.875,0.080
1757368267.736854,7304.945,0.080
1757368267.738923,7307.014,0.080
1757368267.740991,7309.082,0.080
1757368267.743060,7311.151,0.080
1757368267.745128,7313.220,0.080
1757368267.747198,7315.289,0.080
1757368267.749267,7317.358,0.080
1757368267.751336,7319.427,0.080
1757368267.753405,7321.496,0.080
1757368267.755474,7323.565,0.080
1757368267.757543,7325.634,0.080
1757368267.759613,7327.704,0.080
1757368267.761683,7329.774,0.080
1757368267.763752,7331.843,0.080
1757368267.765821,7333.912,0.080
1757368267.767890,7335.982,0.080
1757368267.769959,7338.050,0.060
1757368267.772025,7340.117,0.060
1757368267.774095,7342.186,0.060
1757368267.776164,7344.255,0.060
1757368267.778233,7346.324,0.060
1757368267.780301,7348.392,0.060
1757368267.782371,7350.462,0.060
1757368267.784439,7352.530,0.060
1757368267.786510,7354.601,0.060
1757368267.788581,7356.673,0.060
1757368267.790651,7358.742,0.060
1757368267.792719,7360.810,0.060
1757368267.794788,7362.879,0.060
1757368267.796855,7364.946,0.060
1757368267.798923,7367.014,0.060
1757368267.800992,7369.083,0.060
1757368267.803061,7371.152,0.060
1757368267.805129,7373.220,0.060
1757368267.807199,7375.290,0.060
1757368267.809271,7377.362,0.060
1757368267.811344,7379.435,0.060
1757368267.813415,7381.506,0.060
1757368267.815484,7383.575,0.060
1757368267.817552,7385.643,0.060
1757368267.819622,7387.713,0.060
1757368267.821690,7389.781,0.060
1757368267.823760,7391.851,0.060
1757368267.825831,7393.922,0.060
1757368267.827900,7395.992,0.060
1757368267.829970,7398.061,0.060
1757368267.832023,7400.114,0.060
1757368267.834092,7402.184,0.060
1757368267.836162,7404.253,0.060
1757368267.838231,7406.322,0.060
1757368267.840301,7408.392,0.060
1757368267.842371,7410.462,0.060
1757368267.844440,7412.532,0.060
1757368267.846509,7414.600,0.060
1757368267.848576,7416.667,0.060
1757368267.850646,7418.737,0.060
1757368267.852715,7420.806,0.060
1757368267.854784,7422.875,0.060
1757368267.856852,7424.943,0.060
1757368267.858922,7427.013,0.060
1757368267.860991,7429.082,0.060
1757368267.863060,7431.152,0.060
1757368267.865130,7433.221,0.060
1757368267.867199,7435.290,0.060
1757368267.869268,7437.359,0.060
1757368267.871337,7439.428,0.060
1757368267.873412,7441.503,0.060
1757368267.875480,7443.572,0.060
1757368267.877550,7445.641,0.060
1757368267.879619,7447.710,0.060
1757368267.881688,7449.779,0.060
1757368267.883756,7451.847,0.060
1757368267.885826,7453.917,0.060
1757368267.887896,7455.987,0.060
1757368267.889965,7458.056,0.060
1757368267.892028,7460.119,0.060
1757368267.894102,7462.193,0.060
1757368267.896171,7464.262,0.060
1757368267.898240,7466.331,0.060
1757368267.900307,7468.398,0.060
1757368267.902375,7470.466,0.060
1757368267.904442,7472.533,0.060
1757368267.906511,7474.602,0.060
1757368267.908577,7476.668,0.060
1757368267.910646,7478.737,0.060
1757368267.912714,7480.806,0.060
1757368267.914784,7482.876,0.060
1757368267.916855,7484.946,0.060
1757368267.918925,7487.016,0.060
1757368267.920994,7489.085,0.060
1757368267.923066,7491.157,0.060
1757368267.925135,7493.226,0.060
1757368267.927205,7495.296,0.060
1757368267.929274,7497.365,0.060
1757368267.931343,7499.434,0.060
1757368267.933412,7501.503,0.060
1757368267.935482,7503.573,0.060
1757368267.937551,7505.643,0.060
1757368267.939621,7507.713,0.060
1757368267.941690,7509.782,0.060
1757368267.943760,7511.851,0.060
1757368267.945837,7513.928,0.060
1757368267.947910,7516.001,0.060
1757368267.949980,7518.072,0.060
1757368267.952025,7520.117,0.060
1757368267.954095,7522.187,0.060
1757368267.956164,7524.256,0.060
1757368267.958234,7526.325,0.060
1757368267.960301,7528.392,0.060
1757368267.962370,7530.462,0.060
1757368267.964438,7532.529,0.060
1757368267.966507,7534.598,0.060
1757368267.968577,7536.668,0.060
1757368267.970647,7538.738,0.060
1757368267.972715,7540.806,0.060
1757368267.974784,7542.875,0.060
1757368267.976852,7544.943,0.060
1757368267.978922,7547.013,0.060
1757368267.980990,7549.081,0.060
1757368267.983060,7551.151,0.060
1757368267.985128,7553.220,0.060
1757368267.987197,7555.289,0.060
1757368267.989266,7557.357,0.060
1757368267.991335,7559.427,0.060
1757368267.993405,7561.496,0.060
1757368267.995474,7563.565,0.060
1757368267.997543,7565.634,0.060
1757368267.999611,7567.702,0.060
1757368268.001679,7569.771,0.060
1757368268.003748,7571.839,0.060
1757368268.005816,7573.908,0.060
1757368268.007887,7575.978,0.060
1757368268.009956,7578.047,0.060
1757368268.012025,7580.117,0.060
1757368268.014094,7582.185,0.060
1757368268.016163,7584.254,0.060
1757368268.018232,7586.323,0.060
1757368268.020299,7588.390,0.060
1757368268.022368,7590.459,0.060
1757368268.024437,7592.529,0.060
1757368268.026506,7594.597,0.060
1757368268.028573,7596.664,0.060
1757368268.030642,7598.733,0.060
1757368268.032710,7600.801,0.060
1757368268.034780,7602.871,0.060
1757368268.036847,7604.939,0.060
1757368268.038918,7607.009,0.060
1757368268.040988,7609.079,0.060
1757368268.043061,7611.152,0.060
1757368268.045130,7613.221,0.060
1757368268.047199,7615.290,0.060
1757368268.049269,7617.360,0.060
1757368268.051338,7619.429,0.060
1757368268.053410,7621.501,0.060
1757368268.055479,7623.570,0.060
1757368268.057548,7625.639,0.060
1757368268.059617,7627.708,0.060
1757368268.061686,7629.777,0.060
1757368268.063756,7631.847,0.060
1757368268.065826,7633.917,0.060
1757368268.067895,7635.986,0.060
1757368268.069964,7638.055,0.060
1757368268.072019,7640.110,0.060
1757368268.074089,7642.180,0.060
1757368268.076158,7644.249,0.060
1757368268.078227,7646.318,0.060
1757368268.080295,7648.386,0.060
1757368268.082364,7650.455,0.060
1757368268.084432,7652.524,0.060
1757368268.086501,7654.593,0.060
1757368268.088573,7656.664,0.060
1757368268.090642,7658.733,0.060
1757368268.092710,7660.801,0.060
1757368268.094780,7662.871,0.060
1757368268.096848,7664.939,0.060
1757368268.098917,7667.008,0.060
1757368268.100986,7669.077,0.060
1757368268.103055,7671.146,0.060
1757368268.105124,7673.215,0.060
1757368268.107193,7675.284,0.060
1757368268.109262,7677.353,0.060
1757368268.111331,7679.422,0.060
1757368268.113400,7681.491,0.060
1757368268.115470,7683.562,0.060
1757368268.117543,7685.634,0.060
1757368268.119612,7687.703,0.060
1757368268.121681,7689.772,0.060
1757368268.123751,7691.842,0.060
1757368268.125820,7693.912,0.060
1757368268.127889,7695.981,0.060
1757368268.129959,7698.050,0.060
1757368268.132030,7700.122,0.060
1757368268.134100,7702.191,0.060
1757368268.136169,7704.260,0.060
1757368268.138238,7706.329,0.060
1757368268.140306,7708.397,0.060
1757368268.142376,7710.467,0.060
1757368268.144445,7712.536,0.060
1757368268.146513,7714.604,0.060
1757368268.148580,7716.671,0.060
1757368268.150649,7718.740,0.060
1757368268.152718,7720.809,0.060
1757368268.154787,7722.878,0.060
1757368268.156857,7724.948,0.060
1757368268.158927,7727.018,0.060
1757368268.160995,7729.086,0.060
1757368268.163064,7731.155,0.060
1757368268.165133,7733.224,0.060
1757368268.167202,7735.293,0.060
1757368268.169271,7737.362,0.060
1757368268.171340,7739.431,0.060
1757368268.173409,7741.500,0.060
1757368268.175479,7743.571,0.060
1757368268.177548,7745.639,0.060
1757368268.179617,7747.708,0.060
1757368268.181686,7749.777,0.060
1757368268.183756,7751.847,0.060
1757368268.185826,7753.917,0.060
1757368268.187894,7755.985,0.060
1757368268.189963,7758.054,0.060
1757368268.192020,7760.112,0.060
1757368268.194090,7762.181,0.060
1757368268.196159,7764.250,0.060
1757368268.198230,7766.321,0.060
1757368268.200297,7768.388,0.060
1757368268.202366,7770.457,0.060
1757368268.204435,7772.526,0.060
1757368268.206503,7774.594,0.060
1757368268.208570,7776.661,0.060
1757368268.210638,7778.729,0.060
1757368268.212707,7780.798,0.060
1757368268.214776,7782.867,0.060
1757368268.216844,7784.935,0.060
1757368268.218914,7787.005,0.060
1757368268.220986,7789.077,0.060
1757368268.223055,7791.146,0.060
1757368268.225123,7793.215,0.060
1757368268.227193,7795.284,0.060
1757368268.229261,7797.352,0.060
1757368268.231330,7799.421,0.060
1757368268.233400,7801.491,0.060
1757368268.235469,7803.560,0.060
1757368268.237539,7805.630,0.060
1757368268.239609,7807.700,0.060
1757368268.241678,7809.769,0.060
1757368268.243747,7811.838,0.060
1757368268.245816,7813.907,0.060
1757368268.247886,7815.977,0.060
1757368268.249955,7818.046,0.060
1757368268.252028,7820.120,0.060
1757368268.254098,7822.189,0.060
1757368268.256169,7824.260,0.060
1757368268.258238,7826.329,0.060
1757368268.260304,7828.395,0.060
1757368268.262374,7830.465,0.060
1757368268.264443,7832.534,0.060
1757368268.266512,7834.604,0.060
1757368268.268582,7836.673,0.060
1757368268.270651,7838.742,0.060
1757368268.272720,7840.811,0.060
1757368268.274789,7842.880,0.060
1757368268.276862,7844.953,0.060
1757368268.278931,7847.022,0.060
1757368268.281000,7849.091,0.060
1757368268.283070,7851.161,0.060
1757368268.285138,7853.229,0.060
1757368268.287208,7855.299,0.060
1757368268.289276,7857.367,0.060
1757368268.291345,7859.436,0.060
1757368268.293415,7861.506,0.060
1757368268.295484,7863.575,0.060
1757368268.297553,7865.644,0.060
1757368268.299622,7867.713,0.060
1757368268.301692,7869.784,0.060
1757368268.303766,7871.858,0.060
1757368268.305842,7873.933,0.060
1757368268.307913,7876.004,0.060
1757368268.309983,7878.074,0.060
1757368268.312023,7880.114,0.060
1757368268.314092,7882.183,0.060
1757368268.316160,7884.252,0.060
1757368268.318231,7886.322,0.060
1757368268.320298,7888.390,0.060
1757368268.322369,7890.460,0.060
1757368268.324438,7892.529,0.060
1757368268.326507,7894.598,0.060
1757368268.328577,7896.668,0.060
1757368268.330647,7898.738,0.060
1757368268.332715,7900.806,0.060
1757368268.334784,7902.875,0.060
1757368268.336853,7904.944,0.060
1757368268.338923,7907.014,0.060
1757368268.340988,7909.080,0.060
1757368268.343070,7911.161,0.060
1757368268.345134,7913.225,0.060
1757368268.347200,7915.291,0.060
1757368268.349257,7917.349,0.060
1757368268.351316,7919.407,0.060
1757368268.353374,7921.465,0.060
1757368268.355430,7923.522,0.060
1757368268.357488,7925.579,0.060
1757368268.359546,7927.637,0.060
1757368268.361607,7929.698,0.060
1757368268.363667,7931.758,0.060
1757368268.365726,7933.817,0.060
1757368268.367784,7935.875,0.060
1757368268.369844,7937.935,0.060
1757368268.371903,7939.994,0.060
1757368268.373964,7942.055,0.060
1757368268.376097,7944.188,0.060
1757368268.378158,7946.249,0.060
1757368268.380220,7948.311,0.060
1757368268.382281,7950.372,0.060
1757368268.384343,7952.435,0.060
1757368268.386408,7954.499,0.060
1757368268.388473,7956.564,0.060
1757368268.390538,7958.629,0.060
1757368268.392601,7960.692,0.080
1757368268.394666,7962.757,0.080
1757368268.396733,7964.824,0.080
1757368268.398800,7966.891,0.080
1757368268.400867,7968.958,0.080
1757368268.402935,7971.026,0.080
1757368268.405003,7973.094,0.080
1757368268.407070,7975.161,0.080
1757368268.409152,7977.243,0.080
1757368268.411227,7979.318,0.080
1757368268.413297,7981.389,0.060
1757368268.415367,7983.459,0.060
1757368268.417445,7985.536,0.060
1757368268.419506,7987.597,0.060
1757368268.421573,7989.664,0.080
1757368268.423640,7991.731,0.080
1757368268.425723,7993.814,0.080
1757368268.427795,7995.887,0.080
1757368268.429866,7997.957,0.080
1757368268.431929,8000.020,0.080
1757368268.433988,8002.079,0.080
1757368268.436007,8004.099,0.080
1757368268.438066,8006.157,0.080
1757368268.440124,8008.215,0.080
1757368268.442182,8010.273,0.080
1757368268.444240,8012.331,0.080
1757368268.446298,8014.389,0.080
1757368268.448356,8016.447,0.080
1757368268.450414,8018.505,0.080
1757368268.452471,8020.563,0.080
1757368268.454530,8022.621,0.080
1757368268.456593,8024.684,0.080
1757368268.458663,8026.754,0.080
1757368268.460731,8028.822,0.080
1757368268.462800,8030.891,0.080
1757368268.464868,8032.959,0.080
1757368268.466937,8035.028,0.080
1757368268.469006,8037.097,0.080
1757368268.471076,8039.167,0.080
1757368268.473144,8041.235,0.080
1757368268.475214,8043.306,0.080
1757368268.477283,8045.374,0.080
1757368268.479351,8047.442,0.080
1757368268.481422,8049.514,0.080
1757368268.483492,8051.583,0.080
1757368268.485561,8053.652,0.080
1757368268.487631,8055.722,0.080
1757368268.489700,8057.791,0.080
1757368268.491768,8059.860,0.080
1757368268.493838,8061.929,0.080
1757368268.495908,8063.999,0.080
1757368268.497978,8066.069,0.080
1757368268.500026,8068.117,0.080
1757368268.502095,8070.187,0.080
1757368268.504168,8072.259,0.080
1757368268.506238,8074.329,0.080
1757368268.508304,8076.395,0.080
1757368268.510375,8078.466,0.080
1757368268.512444,8080.535,0.080
1757368268.514514,8082.605,0.080
1757368268.516581,8084.672,0.080
1757368268.518650,8086.741,0.080
1757368268.520719,8088.810,0.080
1757368268.522789,8090.880,0.080
1757368268.524860,8092.951,0.080
1757368268.526930,8095.021,0.080
1757368268.528998,8097.090,0.080
1757368268.531067,8099.158,0.080
1757368268.533136,8101.227,0.080
1757368268.535206,8103.297,0.080
1757368268.537274,8105.366,0.080
1757368268.539343,8107.435,0.080
1757368268.541419,8109.510,0.080
1757368268.543489,8111.580,0.080
1757368268.545559,8113.650,0.080
1757368268.547629,8115.720,0.080
1757368268.549698,8117.789,0.080
1757368268.551767,8119.859,0.080
1757368268.553841,8121.932,0.080
1757368268.555912,8124.003,0.080
1757368268.557981,8126.072,0.080
1757368268.560025,8128.117,0.080
1757368268.562094,8130.186,0.080
1757368268.564163,8132.254,0.080
1757368268.566232,8134.323,0.080
1757368268.568300,8136.391,0.080
1757368268.570369,8138.460,0.080
1757368268.572437,8140.528,0.080
1757368268.574506,8142.597,0.080
1757368268.576576,8144.667,0.080
1757368268.578645,8146.736,0.080
1757368268.580714,8148.805,0.080
1757368268.582783,8150.875,0.080
1757368268.584853,8152.945,0.080
1757368268.586922,8155.014,0.080
1757368268.588993,8157.084,0.080
1757368268.591063,8159.154,0.080
1757368268.593131,8161.222,0.080
1757368268.595201,8163.292,0.080
1757368268.597269,8165.360,0.080
1757368268.599338,8167.429,0.080
1757368268.601408,8169.499,0.080
1757368268.603477,8171.568,0.080
1757368268.605546,8173.637,0.080
1757368268.607615,8175.707,0.080
1757368268.609684,8177.775,0.080
1757368268.611753,8179.844,0.080
1757368268.613823,8181.914,0.080
1757368268.615893,8183.984,0.080
1757368268.617962,8186.053,0.080
1757368268.620023,8188.114,0.080
1757368268.622092,8190.183,0.080
1757368268.624160,8192.251,0.080
1757368268.626229,8194.320,0.080
1757368268.628295,8196.386,0.080
1757368268.630365,8198.456,0.080
1757368268.632434,8200.525,0.080
1757368268.634504,8202.595,0.080
1757368268.636571,8204.663,0.080
1757368268.638641,8206.733,0.080
1757368268.640710,8208.802,0.080
1757368268.642779,8210.870,0.080
1757368268.644847,8212.938,0.080
1757368268.646915,8215.007,0.080
1757368268.648983,8217.074,0.080
1757368268.651052,8219.144,0.080
1757368268.653121,8221.212,0.080
1757368268.655190,8223.281,0.080
1757368268.657259,8225.350,0.080
1757368268.659328,8227.419,0.080
1757368268.661397,8229.488,0.080
1757368268.663466,8231.557,0.080
1757368268.665535,8233.626,0.080
1757368268.667604,8235.695,0.080
1757368268.669673,8237.764,0.080
1757368268.671742,8239.833,0.080
1757368268.673810,8241.901,0.080
1757368268.675881,8243.972,0.080
1757368268.677949,8246.040,0.080
1757368268.680021,8248.112,0.080
1757368268.682090,8250.181,0.080
1757368268.684159,8252.250,0.080
1757368268.686228,8254.319,0.080
1757368268.688295,8256.387,0.080
1757368268.690365,8258.456,0.080
1757368268.692433,8260.524,0.080
1757368268.694502,8262.593,0.080
1757368268.696570,8264.661,0.080
1757368268.698639,8266.730,0.080
1757368268.700707,8268.798,0.080
1757368268.702775,8270.867,0.080
1757368268.704843,8272.934,0.080
1757368268.706913,8275.004,0.080
1757368268.708981,8277.072,0.080
1757368268.711050,8279.141,0.080
1757368268.713119,8281.210,0.080
1757368268.715189,8283.280,0.080
1757368268.717260,8285.351,0.080
1757368268.719330,8287.421,0.080
1757368268.721401,8289.492,0.080
1757368268.723470,8291.561,0.080
1757368268.725538,8293.629,0.080
1757368268.727607,8295.698,0.080
1757368268.729676,8297.767,0.080
1757368268.731746,8299.837,0.080
1757368268.733816,8301.907,0.080
1757368268.735885,8303.976,0.080
1757368268.737953,8306.045,0.080
1757368268.740020,8308.111,0.080
1757368268.742090,8310.181,0.080
1757368268.744159,8312.250,0.080
1757368268.746228,8314.319,0.080
1757368268.748297,8316.388,0.080
1757368268.750366,8318.457,0.060
1757368268.752433,8320.524,0.060
1757368268.754502,8322.593,0.060
1757368268.756569,8324.660,0.060
1757368268.758639,8326.730,0.060
1757368268.760707,8328.799,0.060
1757368268.762777,8330.868,0.060
1757368268.764847,8332.938,0.060
1757368268.766916,8335.007,0.060
1757368268.768985,8337.076,0.060
1757368268.771055,8339.147,0.060
1757368268.773124,8341.216,0.060
1757368268.775193,8343.284,0.060
1757368268.777262,8345.353,0.060
1757368268.779331,8347.423,0.060
1757368268.781402,8349.493,0.060
1757368268.783470,8351.561,0.060
1757368268.785537,8353.628,0.060
1757368268.787605,8355.696,0.060
1757368268.789675,8357.766,0.080
1757368268.791743,8359.834,0.080
1757368268.793810,8361.901,0.080
1757368268.795881,8363.972,0.080
1757368268.797951,8366.042,0.080
1757368268.800027,8368.118,0.080
1757368268.802095,8370.187,0.080
1757368268.804173,8372.264,0.080
1757368268.806254,8374.345,0.080
1757368268.808323,8376.414,0.080
1757368268.810392,8378.483,0.080
1757368268.812460,8380.551,0.080
1757368268.814529,8382.620,0.080
1757368268.816596,8384.687,0.080
1757368268.818666,8386.757,0.080
1757368268.820734,8388.825,0.080
1757368268.822803,8390.894,0.080
1757368268.824872,8392.963,0.080
1757368268.826942,8395.033,0.080
1757368268.829010,8397.102,0.080
1757368268.831080,8399.171,0.080
1757368268.833151,8401.242,0.080
1757368268.835220,8403.311,0.080
1757368268.837288,8405.380,0.080
1757368268.839357,8407.449,0.080
1757368268.841427,8409.518,0.080
1757368268.843497,8411.588,0.080
1757368268.845568,8413.660,0.080
1757368268.847638,8415.729,0.080
1757368268.849707,8417.798,0.080
1757368268.851775,8419.867,0.080
1757368268.853845,8421.937,0.080
1757368268.855915,8424.006,0.080
1757368268.857983,8426.074,0.080
1757368268.860021,8428.112,0.080
1757368268.862089,8430.180,0.080
1757368268.864158,8432.249,0.080
1757368268.866227,8434.318,0.080
1757368268.868294,8436.385,0.080
1757368268.870362,8438.453,0.080
1757368268.872445,8440.536,0.080
1757368268.874513,8442.605,0.080
1757368268.876580,8444.671,0.080
1757368268.878648,8446.739,0.080
1757368268.880717,8448.808,0.080
1757368268.882786,8450.877,0.080
1757368268.884855,8452.946,0.080
1757368268.886924,8455.015,0.080
1757368268.888992,8457.083,0.080
1757368268.891061,8459.152,0.080
1757368268.893129,8461.220,0.080
1757368268.895198,8463.289,0.080
1757368268.897268,8465.359,0.080
1757368268.899337,8467.428,0.080
1757368268.901407,8469.498,0.080
1757368268.903476,8471.567,0.080
1757368268.905547,8473.639,0.080
1757368268.907617,8475.708,0.080
1757368268.909687,8477.778,0.080
1757368268.911756,8479.847,0.060
1757368268.913825,8481.916,0.060
1757368268.915894,8483.985,0.060
1757368268.917964,8486.055,0.060
1757368268.920022,8488.113,0.060
1757368268.922092,8490.183,0.060
1757368268.924161,8492.252,0.060
1757368268.926230,8494.322,0.060
1757368268.928298,8496.389,0.060
1757368268.930366,8498.457,0.060
1757368268.932435,8500.526,0.060
1757368268.934505,8502.596,0.060
1757368268.936574,8504.665,0.060
1757368268.938643,8506.734,0.060
1757368268.940712,8508.803,0.060
1757368268.942781,8510.872,0.060
1757368268.944848,8512.939,0.060
1757368268.946917,8515.008,0.060
1757368268.948987,8517.078,0.060
1757368268.951056,8519.148,0.060
1757368268.953125,8521.216,0.060
1757368268.955194,8523.285,0.060
1757368268.957262,8525.353,0.060
1757368268.959331,8527.422,0.060
1757368268.961401,8529.493,0.060
1757368268.963471,8531.562,0.060
1757368268.965541,8533.632,0.060
1757368268.967611,8535.702,0.060
1757368268.969680,8537.771,0.060
1757368268.971749,8539.840,0.060
1757368268.973817,8541.909,0.060
1757368268.975886,8543.977,0.060
1757368268.977955,8546.046,0.060
1757368268.980025,8548.116,0.060
1757368268.982095,8550.186,0.060
1757368268.984165,8552.256,0.060
1757368268.986234,8554.325,0.060
1757368268.988301,8556.392,0.060
1757368268.990370,8558.461,0.060
1757368268.992438,8560.529,0.060
1757368268.994508,8562.599,0.060
1757368268.996575,8564.666,0.060
1757368268.998645,8566.736,0.060
1757368269.000713,8568.804,0.060
1757368269.002783,8570.874,0.060
1757368269.004850,8572.941,0.060
1757368269.006919,8575.011,0.060
1757368269.008988,8577.079,0.060
1757368269.011057,8579.148,0.060
1757368269.013126,8581.217,0.060
1757368269.015195,8583.287,0.060
1757368269.017264,8585.355,0.060
1757368269.019333,8587.424,0.060
1757368269.021403,8589.494,0.060
1757368269.023472,8591.563,0.060
1757368269.025541,8593.632,0.060
1757368269.027611,8595.702,0.060
1757368269.029679,8597.770,0.060
1757368269.031750,8599.842,0.060
1757368269.033819,8601.910,0.060
1757368269.035890,8603.981,0.060
1757368269.037965,8606.056,0.060
1757368269.040018,8608.109,0.060
1757368269.042088,8610.179,0.060
1757368269.044157,8612.248,0.060
1757368269.046229,8614.320,0.060
1757368269.048297,8616.388,0.060
1757368269.050366,8618.457,0.060
1757368269.052434,8620.525,0.060
1757368269.054503,8622.594,0.060
1757368269.056570,8624.661,0.060
1757368269.058640,8626.731,0.060
1757368269.060709,8628.800,0.060
1757368269.062778,8630.869,0.060
1757368269.064845,8632.936,0.060
1757368269.066914,8635.005,0.060
1757368269.068983,8637.074,0.060
1757368269.071052,8639.143,0.060
1757368269.073121,8641.212,0.060
1757368269.075190,8643.281,0.060
1757368269.077259,8645.350,0.060
1757368269.079328,8647.419,0.060
1757368269.081397,8649.488,0.060
1757368269.083466,8651.557,0.060
1757368269.085540,8653.631,0.060
1757368269.087609,8655.700,0.060
1757368269.089680,8657.772,0.060
1757368269.091750,8659.841,0.060
1757368269.093818,8661.909,0.060
1757368269.095888,8663.979,0.060
1757368269.097957,8666.048,0.060
1757368269.100026,8668.117,0.060
1757368269.102096,8670.187,0.060
1757368269.104164,8672.255,0.060
1757368269.106233,8674.324,0.060
1757368269.108300,8676.391,0.060
1757368269.110369,8678.460,0.060
1757368269.112438,8680.529,0.060
1757368269.114506,8682.597,0.060
1757368269.116574,8684.665,0.060
1757368269.118643,8686.734,0.060
1757368269.120712,8688.803,0.060
1757368269.122781,8690.872,0.060
1757368269.124852,8692.943,0.060
1757368269.126921,8695.012,0.060
1757368269.128990,8697.081,0.060
1757368269.131059,8699.150,0.060
1757368269.133127,8701.218,0.060
1757368269.135196,8703.288,0.060
1757368269.137265,8705.356,0.060
1757368269.139334,8707.425,0.060
1757368269.141404,8709.495,0.060
1757368269.143474,8711.565,0.060
1757368269.145543,8713.634,0.060
1757368269.147612,8715.703,0.060
1757368269.149680,8717.772,0.060
1757368269.151749,8719.841,0.060
1757368269.153818,8721.909,0.060
1757368269.155888,8723.979,0.060
1757368269.157956,8726.048,0.060
1757368269.160021,8728.112,0.060
1757368269.162090,8730.181,0.060
1757368269.164159,8732.250,0.060
1757368269.166229,8734.320,0.060
1757368269.168296,8736.387,0.060
1757368269.170365,8738.456,0.060
1757368269.172437,8740.528,0.060
1757368269.174506,8742.597,0.060
1757368269.176572,8744.663,0.060
1757368269.178641,8746.732,0.060
1757368269.180710,8748.801,0.060
1757368269.182779,8750.870,0.060
1757368269.184847,8752.939,0.060
1757368269.186916,8755.007,0.060
1757368269.188984,8757.075,0.060
1757368269.191054,8759.145,0.060
1757368269.193121,8761.212,0.060
1757368269.195190,8763.282,0.060
1757368269.197261,8765.352,0.060
1757368269.199333,8767.425,0.060
1757368269.201406,8769.497,0.060
1757368269.203475,8771.567,0.060
1757368269.205545,8773.636,0.060
1757368269.207615,8775.706,0.060
1757368269.209685,8777.776,0.060
1757368269.211754,8779.845,0.060
1757368269.213824,8781.915,0.060
1757368269.215896,8783.987,0.060
1757368269.217965,8786.057,0.060
1757368269.220031,8788.122,0.060
1757368269.222101,8790.192,0.060
1757368269.224166,8792.257,0.060
1757368269.226235,8794.326,0.060
1757368269.228303,8796.394,0.060
1757368269.230372,8798.463,0.060
1757368269.232441,8800.532,0.060
1757368269.234511,8802.602,0.060
1757368269.236579,8804.670,0.060
1757368269.238648,8806.739,0.060
1757368269.240716,8808.808,0.060
1757368269.242785,8810.876,0.060
1757368269.244853,8812.945,0.060
1757368269.246923,8815.014,0.060
1757368269.248991,8817.082,0.060
1757368269.251060,8819.151,0.060
1757368269.253132,8821.223,0.060
1757368269.255202,8823.293,0.060
1757368269.257270,8825.361,0.060
1757368269.259340,8827.431,0.060
1757368269.261409,8829.500,0.060
1757368269.263478,8831.569,0.060
1757368269.265546,8833.637,0.060
1757368269.267616,8835.707,0.060
1757368269.269685,8837.776,0.060
1757368269.271755,8839.846,0.060
1757368269.273823,8841.915,0.060
1757368269.275893,8843.984,0.060
1757368269.277961,8846.053,0.060
1757368269.280029,8848.120,0.060
1757368269.282097,8850.188,0.060
1757368269.284166,8852.257,0.060
1757368269.286235,8854.326,0.060
1757368269.288303,8856.394,0.060
1757368269.290375,8858.466,0.060
1757368269.292445,8860.537,0.060
1757368269.294514,8862.605,0.060
1757368269.296583,8864.674,0.060
1757368269.298659,8866.750,0.060
1757368269.300732,8868.823,0.060
1757368269.302801,8870.892,0.060
1757368269.304869,8872.960,0.060
1757368269.306938,8875.030,0.060
1757368269.309008,8877.099,0.060
1757368269.311078,8879.169,0.060
1757368269.313147,8881.238,0.060
1757368269.315217,8883.308,0.060
1757368269.317285,8885.376,0.060
1757368269.319354,8887.445,0.060
1757368269.321424,8889.515,0.060
1757368269.323494,8891.585,0.060
1757368269.325563,8893.655,0.060
1757368269.327633,8895.725,0.060
1757368269.329702,8897.793,0.060
1757368269.331772,8899.863,0.060
1757368269.333841,8901.932,0.060
1757368269.335910,8904.001,0.060
1757368269.337979,8906.070,0.060
1757368269.340023,8908.114,0.060
1757368269.342091,8910.182,0.060
1757368269.344160,8912.251,0.060
1757368269.346228,8914.320,0.060
1757368269.348290,8916.381,0.060
1757368269.350353,8918.444,0.060
1757368269.352410,8920.501,0.060
1757368269.354467,8922.559,0.060
1757368269.356523,8924.614,0.060
1757368269.358581,8926.672,0.060
1757368269.360639,8928.730,0.060
1757368269.362698,8930.789,0.060
1757368269.364755,8932.847,0.060
1757368269.366813,8934.905,0.060
1757368269.368873,8936.964,0.060
1757368269.370931,8939.022,0.060
1757368269.372990,8941.082,0.060
1757368269.375051,8943.142,0.060
1757368269.377112,8945.204,0.060
1757368269.379173,8947.264,0.060
1757368269.381235,8949.326,0.060
1757368269.383296,8951.387,0.060
1757368269.385359,8953.450,0.060
1757368269.387424,8955.515,0.060
1757368269.389487,8957.578,0.080
1757368269.391551,8959.642,0.080
1757368269.393615,8961.706,0.080
1757368269.395679,8963.771,0.080
1757368269.397744,8965.835,0.080
1757368269.399810,8967.901,0.080
1757368269.401877,8969.968,0.080
1757368269.403946,8972.038,0.080
1757368269.406014,8974.105,0.080
1757368269.408081,8976.172,0.080
1757368269.410150,8978.241,0.080
1757368269.412219,8980.310,0.080
1757368269.414289,8982.380,0.080
1757368269.416356,8984.447,0.080
1757368269.418425,8986.516,0.080
1757368269.420491,8988.582,0.080
1757368269.422560,8990.651,0.080
1757368269.424629,8992.720,0.080
1757368269.426698,8994.789,0.080
1757368269.428766,8996.857,0.080
1757368269.430835,8998.926,0.080
1757368269.432903,9000.994,0.080
1757368269.434972,9003.063,0.060
1757368269.437041,9005.132,0.060
1757368269.439110,9007.201,0.060
1757368269.441178,9009.269,0.060
1757368269.443247,9011.338,0.060
1757368269.445326,9013.417,0.060
1757368269.447396,9015.487,0.060
1757368269.449466,9017.557,0.060
1757368269.451536,9019.627,0.060
1757368269.453606,9021.698,0.060
1757368269.455676,9023.767,0.060
1757368269.457746,9025.837,0.060
1757368269.459817,9027.908,0.060
1757368269.461885,9029.977,0.060
1757368269.463954,9032.046,0.060
1757368269.466023,9034.115,0.060
1757368269.468090,9036.181,0.060
1757368269.470159,9038.250,0.060
1757368269.472228,9040.319,0.060
1757368269.474297,9042.388,0.060
1757368269.476363,9044.454,0.060
1757368269.478432,9046.523,0.060
1757368269.480502,9048.593,0.060
1757368269.482571,9050.662,0.060
1757368269.484639,9052.731,0.060
1757368269.486708,9054.799,0.060
1757368269.488777,9056.869,0.060
1757368269.490847,9058.938,0.060
1757368269.492915,9061.006,0.060
1757368269.494984,9063.075,0.060
1757368269.497052,9065.144,0.060
1757368269.499121,9067.213,0.060
1757368269.501191,9069.283,0.060
1757368269.503260,9071.351,0.060
1757368269.505332,9073.423,0.060
1757368269.507401,9075.492,0.060
1757368269.509471,9077.562,0.060
1757368269.511541,9079.632,0.060
1757368269.513611,9081.702,0.060
1757368269.515680,9083.771,0.060
1757368269.517751,9085.842,0.060
1757368269.519821,9087.912,0.060
1757368269.521890,9089.981,0.060
1757368269.523958,9092.050,0.060
1757368269.526029,9094.120,0.060
1757368269.528095,9096.187,0.060
1757368269.530167,9098.258,0.060
1757368269.532236,9100.327,0.060
1757368269.534305,9102.396,0.060
1757368269.536372,9104.463,0.060
1757368269.538441,9106.532,0.060
1757368269.540510,9108.602,0.060
1757368269.542579,9110.670,0.060
1757368269.544647,9112.738,0.060
1757368269.546717,9114.808,0.060
1757368269.548785,9116.876,0.060
1757368269.550854,9118.946,0.060
1757368269.552921,9121.012,0.060
1757368269.554991,9123.082,0.060
1757368269.557060,9125.151,0.060
1757368269.559129,9127.220,0.060
1757368269.561198,9129.289,0.060
1757368269.563267,9131.358,0.060
1757368269.565336,9133.427,0.060
1757368269.567405,9135.496,0.060
1757368269.569474,9137.566,0.060
1757368269.571544,9139.635,0.060
1757368269.573615,9141.706,0.060
1757368269.575685,9143.776,0.060
1757368269.577754,9145.845,0.060
1757368269.579824,9147.915,0.060
1757368269.581893,9149.984,0.060
1757368269.583962,9152.054,0.060
1757368269.586031,9154.123,0.060
1757368269.588098,9156.189,0.060
1757368269.590168,9158.259,0.060
1757368269.592235,9160.326,0.060
1757368269.594303,9162.395,0.060
1757368269.596372,9164.464,0.060
1757368269.598442,9166.533,0.060
1757368269.600511,9168.602,0.060
1757368269.602582,9170.673,0.060
1757368269.604650,9172.741,0.060
1757368269.606719,9174.810,0.060
1757368269.608788,9176.879,0.060
1757368269.610857,9178.948,0.060
1757368269.612926,9181.017,0.060
1757368269.614996,9183.087,0.060
1757368269.617065,9185.156,0.060
1757368269.619135,9187.226,0.060
1757368269.621203,9189.294,0.060
1757368269.623273,9191.364,0.060
1757368269.625340,9193.432,0.060
1757368269.627411,9195.502,0.060
1757368269.629481,9197.572,0.060
1757368269.631550,9199.641,0.060
1757368269.633619,9201.710,0.060
1757368269.635689,9203.780,0.060
1757368269.637758,9205.849,0.060
1757368269.639827,9207.919,0.060
1757368269.641896,9209.988,0.060
1757368269.643966,9212.057,0.060
1757368269.646035,9214.126,0.060
1757368269.648101,9216.192,0.060
1757368269.650170,9218.261,0.060
1757368269.652240,9220.331,0.060
1757368269.654309,9222.400,0.060
1757368269.656377,9224.468,0.060
1757368269.658446,9226.537,0.060
1757368269.660515,9228.606,0.060
1757368269.662585,9230.676,0.060
1757368269.664652,9232.743,0.060
1757368269.666721,9234.812,0.060
1757368269.668790,9236.881,0.060
1757368269.670859,9238.950,0.060
1757368269.672930,9241.022,0.060
1757368269.675000,9243.091,0.060
1757368269.677068,9245.159,0.060
1757368269.679137,9247.228,0.060
1757368269.681205,9249.296,0.060
1757368269.683274,9251.365,0.060
1757368269.685343,9253.434,0.060
1757368269.687413,9255.504,0.060
1757368269.689482,9257.573,0.060
1757368269.691551,9259.643,0.060
1757368269.693621,9261.712,0.060
1757368269.695690,9263.782,0.060
1757368269.697759,9265.850,0.060
1757368269.699828,9267.919,0.060
1757368269.701899,9269.990,0.060
1757368269.703968,9272.059,0.060
1757368269.706037,9274.128,0.060
1757368269.708103,9276.194,0.060
1757368269.710172,9278.263,0.060
1757368269.712241,9280.332,0.060
1757368269.714311,9282.402,0.060
1757368269.716376,9284.467,0.060
1757368269.718446,9286.537,0.060
1757368269.720515,9288.606,0.060
1757368269.722584,9290.675,0.060
1757368269.724653,9292.744,0.060
1757368269.726722,9294.813,0.060
1757368269.728791,9296.882,0.060
1757368269.730860,9298.952,0.060
1757368269.732928,9301.019,0.060
1757368269.734998,9303.089,0.060
1757368269.737066,9305.157,0.060
1757368269.739135,9307.226,0.060
1757368269.741204,9309.295,0.060
1757368269.743273,9311.364,0.060
1757368269.745342,9313.433,0.060
1757368269.747411,9315.502,0.060
1757368269.749484,9317.575,0.060
1757368269.751553,9319.644,0.060
1757368269.753621,9321.712,0.060
1757368269.755691,9323.782,0.060
1757368269.757760,9325.851,0.060
1757368269.759830,9327.921,0.060
1757368269.761898,9329.989,0.060
1757368269.763968,9332.059,0.060
1757368269.766036,9334.127,0.060
1757368269.768103,9336.194,0.060
1757368269.770173,9338.264,0.060
1757368269.772242,9340.333,0.060
1757368269.774311,9342.402,0.060
1757368269.776378,9344.470,0.060
1757368269.778448,9346.539,0.060
1757368269.780516,9348.608,0.060
1757368269.782585,9350.677,0.060
1757368269.784654,9352.745,0.060
1757368269.786723,9354.814,0.060
1757368269.788792,9356.883,0.060
1757368269.790860,9358.951,0.060
1757368269.792928,9361.019,0.060
1757368269.794997,9363.088,0.060
1757368269.797068,9365.159,0.060
1757368269.799152,9367.244,0.060
1757368269.801226,9369.317,0.060
1757368269.803298,9371.389,0.060
1757368269.805369,9373.460,0.060
1757368269.807438,9375.529,0.060
1757368269.809508,9377.599,0.060
1757368269.811576,9379.668,0.060
1757368269.813647,9381.738,0.060
1757368269.815717,9383.808,0.060
1757368269.817786,9385.877,0.060
1757368269.819857,9387.948,0.060
1757368269.821925,9390.017,0.060
1757368269.823995,9392.086,0.060
1757368269.826065,9394.156,0.060
1757368269.828132,9396.224,0.060
1757368269.830201,9398.292,0.060
1757368269.832268,9400.359,0.060
1757368269.834337,9402.428,0.060
1757368269.836403,9404.495,0.060
1757368269.838473,9406.564,0.060
1757368269.840542,9408.633,0.060
1757368269.842610,9410.702,0.060
1757368269.844685,9412.776,0.060
1757368269.846755,9414.846,0.060
1757368269.848824,9416.915,0.060
1757368269.850893,9418.984,0.060
1757368269.852964,9421.055,0.060
1757368269.855033,9423.124,0.060
1757368269.857102,9425.193,0.060
1757368269.859172,9427.263,0.060
1757368269.861241,9429.332,0.060
1757368269.863311,9431.402,0.060
1757368269.865380,9433.471,0.060
1757368269.867450,9435.542,0.060
1757368269.869520,9437.612,0.060
1757368269.871590,9439.681,0.060
1757368269.873659,9441.750,0.060
1757368269.875728,9443.819,0.060
1757368269.877796,9445.888,0.060
1757368269.879866,9447.957,0.060
1757368269.881936,9450.027,0.060
1757368269.884017,9452.108,0.060
1757368269.886087,9454.178,0.060
1757368269.888155,9456.246,0.060
1757368269.890224,9458.315,0.060
1757368269.892293,9460.384,0.060
1757368269.894362,9462.453,0.060
1757368269.896430,9464.522,0.060
1757368269.898502,9466.593,0.060
1757368269.900571,9468.662,0.060
1757368269.902641,9470.732,0.060
1757368269.904709,9472.800,0.060
1757368269.906778,9474.869,0.060
1757368269.908849,9476.940,0.060
1757368269.910920,9479.011,0.060
1757368269.912989,9481.081,0.060
1757368269.915058,9483.149,0.060
1757368269.917126,9485.217,0.060
1757368269.919195,9487.287,0.060
1757368269.921265,9489.356,0.060
1757368269.923334,9491.425,0.060
1757368269.925406,9493.497,0.060
1757368269.927475,9495.567,0.060
1757368269.929545,9497.636,0.060
1757368269.931614,9499.706,0.060
1757368269.933686,9501.777,0.060
1757368269.935755,9503.846,0.060
1757368269.937824,9505.915,0.060
1757368269.939894,9507.985,0.060
1757368269.941963,9510.054,0.060
1757368269.944027,9512.118,0.060
1757368269.946096,9514.187,0.060
1757368269.948165,9516.256,0.060
1757368269.950233,9518.325,0.060
1757368269.952301,9520.392,0.060
1757368269.954370,9522.461,0.060
1757368269.956438,9524.529,0.060
1757368269.958508,9526.599,0.060
1757368269.960574,9528.666,0.060
1757368269.962644,9530.735,0.060
1757368269.964713,9532.804,0.060
1757368269.966783,9534.874,0.060
1757368269.968852,9536.943,0.060
1757368269.970922,9539.013,0.060
1757368269.972990,9541.081,0.060
1757368269.975060,9543.151,0.060
1757368269.977129,9545.220,0.060
1757368269.979198,9547.289,0.060
1757368269.981265,9549.356,0.060
1757368269.983334,9551.425,0.060
1757368269.985403,9553.494,0.060
1757368269.987473,9555.564,0.060
1757368269.989541,9557.632,0.060
1757368269.991611,9559.702,0.060
1757368269.993680,9561.771,0.060
1757368269.995749,9563.840,0.060
1757368269.997818,9565.910,0.060
1757368269.999888,9567.979,0.060
1757368270.001957,9570.048,0.060
1757368270.004021,9572.112,0.060
1757368270.006091,9574.182,0.060
1757368270.008161,9576.252,0.060
1757368270.010230,9578.321,0.060
1757368270.012297,9580.388,0.060
1757368270.014366,9582.458,0.060
1757368270.016436,9584.527,0.060
1757368270.018507,9586.599,0.060
1757368270.020575,9588.666,0.060
1757368270.022644,9590.735,0.060
1757368270.024712,9592.803,0.060
1757368270.026781,9594.872,0.060
1757368270.028852,9596.943,0.060
1757368270.030921,9599.012,0.060
1757368270.032989,9601.080,0.060
1757368270.035063,9603.154,0.060
1757368270.037132,9605.223,0.060
1757368270.039201,9607.292,0.060
1757368270.041270,9609.362,0.060
1757368270.043340,9611.431,0.060
1757368270.045411,9613.502,0.060
1757368270.047480,9615.571,0.060
1757368270.049549,9617.640,0.060
1757368270.051619,9619.710,0.060
1757368270.053688,9621.779,0.060
1757368270.055757,9623.848,0.060
1757368270.057826,9625.917,0.060
1757368270.059895,9627.986,0.060
1757368270.061964,9630.055,0.060
1757368270.064028,9632.119,0.060
1757368270.066097,9634.188,0.060
1757368270.068166,9636.257,0.060
1757368270.070235,9638.327,0.060
1757368270.072302,9640.393,0.060
1757368270.074371,9642.462,0.060
1757368270.076438,9644.530,0.060
1757368270.078507,9646.598,0.060
1757368270.080573,9648.664,0.060
1757368270.082642,9650.733,0.060
1757368270.084710,9652.801,0.060
1757368270.086780,9654.871,0.060
1757368270.088849,9656.940,0.060
1757368270.090918,9659.009,0.060
1757368270.092987,9661.078,0.060
1757368270.095056,9663.147,0.060
1757368270.097124,9665.215,0.060
1757368270.099194,9667.285,0.060
1757368270.101262,9669.353,0.060
1757368270.103331,9671.422,0.060
1757368270.105400,9673.491,0.060
1757368270.107470,9675.561,0.060
1757368270.109539,9677.630,0.060
1757368270.111609,9679.700,0.060
1757368270.113678,9681.769,0.060
1757368270.115749,9683.840,0.060
1757368270.117819,9685.910,0.060
1757368270.119887,9687.979,0.060
1757368270.121956,9690.048,0.060
1757368270.124019,9692.110,0.060
1757368270.126088,9694.180,0.060
1757368270.128157,9696.248,0.060
1757368270.130227,9698.318,0.060
1757368270.132294,9700.385,0.060
1757368270.134363,9702.454,0.060
1757368270.136430,9704.521,0.060
1757368270.138499,9706.590,0.060
1757368270.140568,9708.659,0.060
1757368270.142637,9710.728,0.060
1757368270.144706,9712.797,0.060
1757368270.146776,9714.867,0.060
1757368270.148844,9716.935,0.060
1757368270.150912,9719.003,0.060
1757368270.152987,9721.079,0.060
1757368270.155057,9723.148,0.060
1757368270.157125,9725.217,0.060
1757368270.159194,9727.286,0.060
1757368270.161264,9729.355,0.060
1757368270.163333,9731.424,0.060
1757368270.165403,9733.494,0.060
1757368270.167472,9735.564,0.060
1757368270.169542,9737.633,0.060
1757368270.171611,9739.702,0.060
1757368270.173680,9741.771,0.060
1757368270.175750,9743.841,0.060
1757368270.177819,9745.910,0.060
1757368270.179888,9747.979,0.060
1757368270.181956,9750.047,0.060
1757368270.184028,9752.120,0.060
1757368270.186097,9754.188,0.060
1757368270.188165,9756.256,0.060
1757368270.190234,9758.325,0.060
1757368270.192301,9760.392,0.060
1757368270.194371,9762.462,0.060
1757368270.196438,9764.529,0.060
1757368270.198507,9766.598,0.060
1757368270.200575,9768.666,0.060
1757368270.202645,9770.736,0.060
1757368270.204714,9772.805,0.060
1757368270.206783,9774.874,0.060
1757368270.208851,9776.942,0.060
1757368270.210919,9779.011,0.060
1757368270.212988,9781.079,0.060
1757368270.215057,9783.148,0.060
1757368270.217127,9785.218,0.060
1757368270.219197,9787.288,0.060
1757368270.221264,9789.356,0.060
1757368270.223336,9791.428,0.060
1757368270.225406,9793.497,0.060
1757368270.227476,9795.567,0.060
1757368270.229545,9797.636,0.060
1757368270.231614,9799.705,0.060
1757368270.233683,9801.774,0.060
1757368270.235752,9803.843,0.060
1757368270.237821,9805.912,0.060
1757368270.239890,9807.981,0.060
1757368270.241959,9810.050,0.060
1757368270.244023,9812.114,0.060
1757368270.246092,9814.183,0.060
1757368270.248161,9816.252,0.060
1757368270.250230,9818.321,0.060
1757368270.252297,9820.388,0.060
1757368270.254366,9822.457,0.060
1757368270.256435,9824.526,0.060
1757368270.258504,9826.595,0.060
1757368270.260572,9828.663,0.060
1757368270.262640,9830.732,0.060
1757368270.264710,9832.801,0.060
1757368270.266778,9834.870,0.060
1757368270.268845,9836.936,0.060
1757368270.270914,9839.005,0.060
1757368270.272983,9841.074,0.060
1757368270.275051,9843.143,0.060
1757368270.277119,9845.210,0.060
1757368270.279188,9847.280,0.060
1757368270.281258,9849.349,0.060
1757368270.283327,9851.418,0.060
1757368270.285396,9853.487,0.060
1757368270.287466,9855.557,0.060
1757368270.289534,9857.625,0.060
1757368270.291607,9859.698,0.060
1757368270.293682,9861.773,0.060
1757368270.295753,9863.844,0.060
1757368270.297822,9865.913,0.060
1757368270.299891,9867.982,0.060
1757368270.301960,9870.051,0.060
1757368270.304028,9872.119,0.060
1757368270.306098,9874.189,0.060
1757368270.308166,9876.257,0.060
1757368270.310236,9878.327,0.060
1757368270.312304,9880.395,0.060
1757368270.314374,9882.465,0.060
1757368270.316443,9884.534,0.060
1757368270.318512,9886.604,0.060
1757368270.320580,9888.671,0.060
1757368270.322649,9890.740,0.060
1757368270.324717,9892.808,0.060
1757368270.326786,9894.877,0.060
1757368270.328855,9896.946,0.060
1757368270.330924,9899.015,0.060
1757368270.332992,9901.083,0.060
1757368270.335062,9903.153,0.060
1757368270.337131,9905.222,0.060
1757368270.339200,9907.292,0.060
1757368270.341270,9909.361,0.060
1757368270.343339,9911.430,0.060
1757368270.345409,9913.500,0.060
1757368270.347478,9915.569,0.060
1757368270.349548,9917.639,0.060
1757368270.351616,9919.707,0.060
1757368270.353704,9921.795,0.060
1757368270.355777,9923.868,0.060
1757368270.357836,9925.927,0.060
1757368270.359895,9927.986,0.060
1757368270.361952,9930.043,0.060
1757368270.364004,9932.095,0.060
1757368270.366061,9934.152,0.060
1757368270.368119,9936.210,0.060
1757368270.370178,9938.270,0.060
1757368270.372237,9940.328,0.060
1757368270.374295,9942.386,0.060
1757368270.376353,9944.444,0.060
1757368270.378413,9946.504,0.060
1757368270.380473,9948.564,0.060
1757368270.382533,9950.624,0.060
1757368270.384592,9952.683,0.060
1757368270.386653,9954.745,0.060
1757368270.388714,9956.805,0.060
1757368270.390777,9958.868,0.060
1757368270.392839,9960.931,0.060
1757368270.394910,9963.001,0.060
1757368270.396976,9965.067,0.060
1757368270.399039,9967.130,0.060
1757368270.401108,9969.199,0.060
1757368270.403173,9971.264,0.060
1757368270.405241,9973.332,0.060
1757368270.407309,9975.400,0.060
1757368270.409377,9977.468,0.060
1757368270.411444,9979.536,0.060
1757368270.413516,9981.607,0.060
1757368270.415586,9983.677,0.060
1757368270.417655,9985.746,0.060
1757368270.419724,9987.816,0.060
1757368270.421793,9989.885,0.060
1757368270.423863,9991.955,0.060
1757368270.425932,9994.023,0.060
1757368270.428014,9996.105,0.060
1757368270.430083,9998.174,0.060
1757368270.432150,10000.242,0.060
1757368270.434219,10002.311,0.060
1757368270.436285,10004.377,0.060
1757368270.438356,10006.447,0.060
1757368270.440423,10008.515,0.060
1757368270.442493,10010.584,0.060
1757368270.444570,10012.661,0.060
1757368270.446642,10014.733,0.060
1757368270.448709,10016.800,0.060
1757368270.450779,10018.870,0.060
1757368270.452848,10020.939,0.060
1757368270.454918,10023.009,0.060
1757368270.456987,10025.078,0.060
1757368270.459056,10027.147,0.060
1757368270.461123,10029.215,0.060
1757368270.463193,10031.284,0.060
1757368270.465261,10033.352,0.060
1757368270.467330,10035.421,0.060
1757368270.469400,10037.491,0.060
1757368270.471470,10039.561,0.060
1757368270.473539,10041.630,0.060
1757368270.475608,10043.699,0.060
1757368270.477677,10045.768,0.060
1757368270.479747,10047.838,0.060
1757368270.481816,10049.907,0.060
1757368270.483885,10051.976,0.060
1757368270.485953,10054.044,0.060
1757368270.488026,10056.118,0.060
1757368270.490096,10058.187,0.060
1757368270.492165,10060.256,0.060
1757368270.494235,10062.326,0.060
1757368270.496302,10064.393,0.060
1757368270.498372,10066.463,0.060
1757368270.500441,10068.532,0.060
1757368270.502511,10070.602,0.060
1757368270.504579,10072.670,0.060
1757368270.506648,10074.739,0.060
1757368270.508717,10076.808,0.060
1757368270.510796,10078.887,0.060
1757368270.512867,10080.958,0.060
1757368270.514936,10083.027,0.060
1757368270.517005,10085.096,0.060
1757368270.519075,10087.166,0.060
1757368270.521143,10089.235,0.060
1757368270.523213,10091.305,0.060
1757368270.525282,10093.373,0.060
1757368270.527352,10095.443,0.060
1757368270.529421,10097.512,0.060
1757368270.531489,10099.581,0.060
1757368270.533558,10101.649,0.060
1757368270.535627,10103.719,0.060
1757368270.537695,10105.787,0.080
1757368270.539764,10107.855,0.080
1757368270.541833,10109.924,0.080
1757368270.543902,10111.993,0.080
1757368270.545970,10114.062,0.080
1757368270.548029,10116.120,0.080
1757368270.550098,10118.189,0.080
1757368270.552189,10120.280,0.080
1757368270.554257,10122.348,0.080
1757368270.556325,10124.416,0.080
1757368270.558393,10126.484,0.080
1757368270.560461,10128.552,0.080
1757368270.562528,10130.620,0.080
1757368270.564596,10132.687,0.080
1757368270.566665,10134.756,0.080
1757368270.568733,10136.824,0.080
1757368270.570801,10138.892,0.080
1757368270.572868,10140.959,0.080
1757368270.574936,10143.028,0.080
1757368270.577004,10145.095,0.080
1757368270.579072,10147.163,0.080
1757368270.581141,10149.232,0.080
1757368270.583210,10151.301,0.080
1757368270.585278,10153.369,0.080
1757368270.587368,10155.459,0.080
1757368270.589442,10157.533,0.080
1757368270.591514,10159.605,0.080
1757368270.593586,10161.677,0.080
1757368270.595655,10163.746,0.080
1757368270.597724,10165.815,0.080
1757368270.599792,10167.883,0.080
1757368270.601860,10169.951,0.080
1757368270.603932,10172.023,0.080
1757368270.606002,10174.093,0.080
1757368270.608069,10176.160,0.080
1757368270.610139,10178.230,0.080
1757368270.612206,10180.297,0.080
1757368270.614275,10182.366,0.080
1757368270.616342,10184.433,0.080
1757368270.618411,10186.502,0.080
1757368270.620479,10188.570,0.080
1757368270.622549,10190.640,0.080
1757368270.624623,10192.714,0.080
1757368270.626695,10194.786,0.080
1757368270.628766,10196.857,0.080
1757368270.630836,10198.927,0.080
1757368270.632906,10200.998,0.080
1757368270.634977,10203.068,0.080
1757368270.637046,10205.137,0.080
1757368270.639115,10207.206,0.080
1757368270.641184,10209.275,0.080
1757368270.643257,10211.348,0.080
1757368270.645325,10213.416,0.080
1757368270.647394,10215.485,0.080
1757368270.649463,10217.554,0.080
1757368270.651532,10219.623,0.080
1757368270.653600,10221.691,0.080
1757368270.655669,10223.761,0.080
1757368270.657738,10225.829,0.080
1757368270.659807,10227.898,0.080
1757368270.661876,10229.967,0.080
1757368270.663945,10232.036,0.080
1757368270.666013,10234.105,0.080
1757368270.668080,10236.171,0.080
1757368270.670150,10238.241,0.080
1757368270.672219,10240.310,0.080
1757368270.674288,10242.379,0.080
1757368270.676356,10244.447,0.080
1757368270.678425,10246.516,0.080
1757368270.680494,10248.585,0.080
1757368270.682563,10250.654,0.080
1757368270.684631,10252.722,0.080
1757368270.686700,10254.791,0.080
1757368270.688769,10256.860,0.080
1757368270.690838,10258.929,0.080
1757368270.692906,10260.997,0.080
1757368270.694975,10263.066,0.080
1757368270.697044,10265.135,0.080
1757368270.699113,10267.204,0.080
1757368270.701181,10269.272,0.080
1757368270.703250,10271.341,0.080
1757368270.705318,10273.409,0.080
1757368270.707387,10275.478,0.080
1757368270.709457,10277.548,0.080
1757368270.711526,10279.617,0.080
1757368270.713594,10281.686,0.080
1757368270.715664,10283.755,0.080
1757368270.717732,10285.824,0.080
1757368270.719801,10287.893,0.080
1757368270.721871,10289.962,0.080
1757368270.723940,10292.032,0.080
1757368270.726011,10294.102,0.080
1757368270.728078,10296.169,0.080
1757368270.730147,10298.238,0.080
1757368270.732214,10300.305,0.080
1757368270.734283,10302.374,0.080
1757368270.736350,10304.441,0.080
1757368270.738420,10306.511,0.080
1757368270.740489,10308.580,0.080
1757368270.742559,10310.650,0.080
1757368270.744626,10312.717,0.080
1757368270.746695,10314.786,0.080
1757368270.748764,10316.855,0.080
1757368270.750834,10318.925,0.080
1757368270.752903,10320.994,0.080
1757368270.754972,10323.063,0.080
1757368270.757040,10325.131,0.080
1757368270.759110,10327.201,0.080
1757368270.761180,10329.271,0.080
1757368270.763250,10331.341,0.080
1757368270.765318,10333.410,0.080
1757368270.767387,10335.478,0.080
1757368270.769456,10337.548,0.080
1757368270.771526,10339.617,0.080
1757368270.773595,10341.686,0.080
1757368270.775664,10343.755,0.080
1757368270.777733,10345.824,0.080
1757368270.779802,10347.893,0.080
1757368270.781871,10349.962,0.080
1757368270.783940,10352.031,0.080
1757368270.786009,10354.100,0.080
1757368270.788082,10356.173,0.080
1757368270.790159,10358.250,0.080
1757368270.792229,10360.320,0.080
1757368270.794298,10362.389,0.080
1757368270.796365,10364.457,0.080
1757368270.798434,10366.525,0.080
1757368270.800503,10368.594,0.080
1757368270.802573,10370.664,0.080
1757368270.804642,10372.733,0.080
1757368270.806711,10374.802,0.080
1757368270.808779,10376.870,0.080
1757368270.810848,10378.939,0.080
1757368270.812917,10381.009,0.080
1757368270.814986,10383.077,0.080
1757368270.817055,10385.146,0.080
1757368270.819125,10387.216,0.080
1757368270.821194,10389.285,0.080
1757368270.823262,10391.353,0.080
1757368270.825332,10393.424,0.080
1757368270.827401,10395.493,0.080
1757368270.829471,10397.562,0.080
1757368270.831539,10399.630,0.080
1757368270.833608,10401.699,0.080
1757368270.835677,10403.768,0.080
1757368270.837750,10405.841,0.080
1757368270.839818,10407.909,0.080
1757368270.841887,10409.978,0.080
1757368270.843956,10412.047,0.080
1757368270.846037,10414.128,0.080
1757368270.848108,10416.199,0.080
1757368270.850178,10418.270,0.080
1757368270.852248,10420.340,0.080
1757368270.854319,10422.410,0.080
1757368270.856386,10424.477,0.080
1757368270.858456,10426.547,0.080
1757368270.860527,10428.618,0.080
1757368270.862597,10430.688,0.080
1757368270.864663,10432.754,0.080
1757368270.866732,10434.823,0.080
1757368270.868804,10436.895,0.060
1757368270.870874,10438.965,0.060
1757368270.872947,10441.038,0.060
1757368270.875015,10443.107,0.060
1757368270.877085,10445.176,0.060
1757368270.879171,10447.262,0.060
1757368270.881242,10449.333,0.060
1757368270.883312,10451.403,0.060
1757368270.885382,10453.473,0.060
1757368270.887452,10455.543,0.060
1757368270.889520,10457.612,0.060
1757368270.891589,10459.680,0.060
1757368270.893659,10461.750,0.060
1757368270.895728,10463.819,0.060
1757368270.897799,10465.890,0.060
1757368270.899868,10467.959,0.060
1757368270.901937,10470.028,0.060
1757368270.904022,10472.114,0.060
1757368270.906092,10474.183,0.060
1757368270.908158,10476.249,0.060
1757368270.910227,10478.318,0.060
1757368270.912295,10480.386,0.060
1757368270.914364,10482.455,0.060
1757368270.916430,10484.521,0.060
1757368270.918499,10486.590,0.060
1757368270.920568,10488.659,0.060
1757368270.922637,10490.729,0.060
1757368270.924708,10492.799,0.060
1757368270.926777,10494.868,0.060
1757368270.928856,10496.947,0.060
1757368270.930930,10499.021,0.060
1757368270.932998,10501.089,0.060
1757368270.935068,10503.159,0.060
1757368270.937136,10505.227,0.060
1757368270.939205,10507.296,0.060
1757368270.941273,10509.364,0.060
1757368270.943342,10511.434,0.060
1757368270.945411,10513.502,0.060
1757368270.947480,10515.571,0.060
1757368270.949549,10517.640,0.060
1757368270.951618,10519.709,0.060
1757368270.953687,10521.778,0.060
1757368270.955756,10523.847,0.060
1757368270.957825,10525.916,0.060
1757368270.959894,10527.985,0.060
1757368270.961963,10530.054,0.060
1757368270.964030,10532.121,0.060
1757368270.966099,10534.190,0.060
1757368270.968168,10536.260,0.060
1757368270.970238,10538.329,0.060
1757368270.972304,10540.395,0.060
1757368270.974373,10542.464,0.060
1757368270.976441,10544.532,0.060
1757368270.978511,10546.602,0.060
1757368270.980593,10548.684,0.060
1757368270.982662,10550.753,0.060
1757368270.984730,10552.822,0.060
1757368270.986799,10554.890,0.060
1757368270.988868,10556.959,0.060
1757368270.990937,10559.028,0.060
1757368270.993004,10561.095,0.060
1757368270.995074,10563.165,0.060
1757368270.997142,10565.233,0.060
1757368270.999211,10567.302,0.060
1757368271.001280,10569.371,0.060
1757368271.003350,10571.441,0.060
1757368271.005421,10573.513,0.060
1757368271.007493,10575.584,0.060
1757368271.009563,10577.654,0.060
1757368271.011631,10579.722,0.060
1757368271.013701,10581.792,0.060
1757368271.015771,10583.862,0.060
1757368271.017840,10585.931,0.060
1757368271.019909,10588.000,0.060
1757368271.021983,10590.074,0.060
1757368271.024019,10592.111,0.060
1757368271.026089,10594.180,0.060
1757368271.028157,10596.248,0.060
1757368271.030226,10598.317,0.060
1757368271.032293,10600.384,0.060
1757368271.034362,10602.453,0.060
1757368271.036431,10604.522,0.060
1757368271.038500,10606.591,0.060
1757368271.040568,10608.660,0.060
1757368271.042641,10610.732,0.060
1757368271.044709,10612.800,0.060
1757368271.046778,10614.869,0.060
1757368271.048847,10616.938,0.060
1757368271.050916,10619.007,0.060
1757368271.052984,10621.075,0.060
1757368271.055053,10623.144,0.060
1757368271.057123,10625.214,0.060
1757368271.059193,10627.284,0.060
1757368271.061260,10629.351,0.060
1757368271.063329,10631.421,0.060
1757368271.065398,10633.489,0.060
1757368271.067467,10635.558,0.060
1757368271.069535,10637.627,0.060
1757368271.071604,10639.696,0.060
1757368271.073673,10641.764,0.060
1757368271.075742,10643.833,0.060
1757368271.077811,10645.902,0.060
1757368271.079880,10647.971,0.060
1757368271.081949,10650.041,0.060
1757368271.084028,10652.119,0.060
1757368271.086097,10654.188,0.060
1757368271.088166,10656.257,0.060
1757368271.090234,10658.325,0.060
1757368271.092301,10660.392,0.060
1757368271.094370,10662.461,0.060
1757368271.096439,10664.530,0.060
1757368271.098509,10666.600,0.060
1757368271.100576,10668.667,0.060
1757368271.102646,10670.737,0.060
1757368271.104714,10672.805,0.060
1757368271.106783,10674.875,0.060
1757368271.108851,10676.942,0.060
1757368271.110921,10679.012,0.060
1757368271.112990,10681.081,0.060
1757368271.115059,10683.150,0.060
1757368271.117129,10685.220,0.060
1757368271.119202,10687.293,0.060
1757368271.121271,10689.362,0.060
1757368271.123340,10691.432,0.060
1757368271.125410,10693.501,0.060
1757368271.127479,10695.570,0.060
1757368271.129548,10697.639,0.060
1757368271.131617,10699.708,0.060
1757368271.133686,10701.777,0.060
1757368271.135756,10703.847,0.060
1757368271.137825,10705.916,0.060
1757368271.139894,10707.985,0.060
1757368271.141964,10710.055,0.060
1757368271.144026,10712.117,0.060
1757368271.146095,10714.186,0.060
1757368271.148166,10716.257,0.060
1757368271.150237,10718.328,0.060
1757368271.152304,10720.396,0.060
1757368271.154374,10722.465,0.060
1757368271.156440,10724.531,0.060
1757368271.158509,10726.600,0.060
1757368271.160577,10728.668,0.060
1757368271.162646,10730.737,0.060
1757368271.164715,10732.806,0.060
1757368271.166785,10734.876,0.060
1757368271.168853,10736.944,0.060
1757368271.170922,10739.013,0.060
1757368271.172991,10741.082,0.060
1757368271.175060,10743.151,0.060
1757368271.177130,10745.222,0.060
1757368271.179200,10747.291,0.060
1757368271.181269,10749.360,0.060
1757368271.183337,10751.428,0.060
1757368271.185406,10753.497,0.060
1757368271.187475,10755.566,0.060
1757368271.189544,10757.635,0.060
1757368271.191613,10759.704,0.060
1757368271.193682,10761.773,0.060
1757368271.195752,10763.843,0.060
1757368271.197821,10765.912,0.060
1757368271.199890,10767.982,0.060
1757368271.201959,10770.050,0.060
1757368271.204026,10772.118,0.060
1757368271.206096,10774.187,0.060
1757368271.208165,10776.256,0.060
1757368271.210234,10778.326,0.060
1757368271.212302,10780.393,0.060
1757368271.214371,10782.462,0.060
1757368271.216439,10784.530,0.060
1757368271.218507,10786.598,0.060
1757368271.220574,10788.665,0.060
1757368271.222643,10790.734,0.060
1757368271.224711,10792.803,0.060
1757368271.226780,10794.871,0.060
1757368271.228854,10796.946,0.060
1757368271.230923,10799.015,0.060
1757368271.232998,10801.089,0.060
1757368271.235067,10803.158,0.060
1757368271.237135,10805.226,0.060
1757368271.239205,10807.296,0.060
1757368271.241273,10809.364,0.060
1757368271.243342,10811.433,0.060
1757368271.245413,10813.504,0.060
1757368271.247484,10815.575,0.060
1757368271.249557,10817.649,0.060
1757368271.251627,10819.718,0.060
1757368271.253695,10821.786,0.060
1757368271.255765,10823.856,0.060
1757368271.257835,10825.926,0.060
1757368271.259904,10827.995,0.060
1757368271.261973,10830.064,0.060
1757368271.264027,10832.119,0.060
1757368271.266097,10834.188,0.060
1757368271.268165,10836.257,0.060
1757368271.270241,10838.332,0.060
1757368271.272313,10840.404,0.060
1757368271.274386,10842.477,0.060
1757368271.276457,10844.548,0.060
1757368271.278527,10846.618,0.060
1757368271.280594,10848.685,0.060
1757368271.282662,10850.754,0.060
1757368271.284731,10852.822,0.060
1757368271.286800,10854.891,0.060
1757368271.288870,10856.961,0.060
1757368271.290940,10859.031,0.060
1757368271.293008,10861.099,0.060
1757368271.295077,10863.168,0.060
1757368271.297145,10865.236,0.060
1757368271.299214,10867.305,0.060
1757368271.301283,10869.374,0.060
1757368271.303351,10871.443,0.060
1757368271.305425,10873.516,0.060
1757368271.307495,10875.586,0.060
1757368271.309566,10877.658,0.060
1757368271.311635,10879.727,0.060
1757368271.313705,10881.796,0.060
1757368271.316084,10884.175,0.060
1757368271.318162,10886.253,0.060
1757368271.320231,10888.323,0.060
1757368271.322303,10890.394,0.060
1757368271.324374,10892.465,0.060
1757368271.326444,10894.535,0.060
1757368271.328513,10896.604,0.060
1757368271.330583,10898.674,0.060
1757368271.332650,10900.741,0.060
1757368271.334720,10902.812,0.060
1757368271.336787,10904.878,0.060
1757368271.338857,10906.948,0.060
1757368271.340926,10909.017,0.060
1757368271.342996,10911.087,0.060
1757368271.345065,10913.156,0.060
1757368271.347134,10915.225,0.060
1757368271.349202,10917.293,0.060
1757368271.351271,10919.362,0.060
1757368271.353340,10921.431,0.060
1757368271.355406,10923.497,0.060
1757368271.357467,10925.558,0.060
1757368271.359566,10927.657,0.060
1757368271.361629,10929.721,0.060
1757368271.363691,10931.782,0.060
1757368271.365750,10933.841,0.060
1757368271.367807,10935.898,0.060
1757368271.369865,10937.956,0.060
1757368271.371923,10940.014,0.060
1757368271.373982,10942.073,0.060
1757368271.376007,10944.098,0.060
1757368271.378067,10946.158,0.060
1757368271.380126,10948.217,0.060
1757368271.382186,10950.277,0.060
1757368271.384246,10952.337,0.060
1757368271.386307,10954.398,0.060
1757368271.388367,10956.458,0.060
1757368271.390428,10958.519,0.060
1757368271.392488,10960.580,0.060
1757368271.394552,10962.643,0.060
1757368271.396614,10964.705,0.080
1757368271.398676,10966.768,0.080
1757368271.400739,10968.830,0.080
1757368271.402802,10970.894,0.080
1757368271.404866,10972.958,0.080
1757368271.406931,10975.022,0.080
1757368271.408995,10977.086,0.080
1757368271.411062,10979.153,0.080
1757368271.413138,10981.229,0.080
1757368271.415208,10983.299,0.080
1757368271.417275,10985.366,0.080
1757368271.419345,10987.436,0.080
1757368271.421415,10989.506,0.080
1757368271.423485,10991.576,0.080
1757368271.425553,10993.644,0.080
1757368271.427622,10995.713,0.080
1757368271.429690,10997.781,0.080
1757368271.431759,10999.851,0.080
1757368271.433829,11001.920,0.080
1757368271.435899,11003.990,0.080
1757368271.437968,11006.059,0.080
1757368271.440023,11008.114,0.080
1757368271.442092,11010.183,0.080
1757368271.444162,11012.253,0.080
1757368271.446232,11014.323,0.080
1757368271.448299,11016.391,0.080
1757368271.450368,11018.460,0.080
1757368271.452437,11020.528,0.080
1757368271.454506,11022.598,0.080
1757368271.456574,11024.665,0.080
1757368271.458643,11026.734,0.080
1757368271.460712,11028.804,0.080
1757368271.462782,11030.873,0.080
1757368271.464851,11032.942,0.080
1757368271.466920,11035.012,0.080
1757368271.468989,11037.080,0.080
1757368271.471057,11039.148,0.080
1757368271.473125,11041.216,0.080
1757368271.475193,11043.284,0.080
1757368271.477261,11045.352,0.080
1757368271.479330,11047.421,0.060
1757368271.481398,11049.489,0.060
1757368271.483468,11051.559,0.060
1757368271.485537,11053.628,0.060
1757368271.487607,11055.698,0.060
1757368271.489676,11057.767,0.060
1757368271.491745,11059.836,0.060
1757368271.493814,11061.905,0.080
1757368271.495883,11063.975,0.080
1757368271.497952,11066.043,0.060
1757368271.500020,11068.111,0.080
1757368271.502089,11070.180,0.080
1757368271.504159,11072.250,0.080
1757368271.506229,11074.321,0.080
1757368271.508297,11076.388,0.080
1757368271.510373,11078.464,0.080
1757368271.512444,11080.535,0.080
1757368271.514513,11082.605,0.080
1757368271.516582,11084.673,0.080
1757368271.518650,11086.741,0.080
1757368271.520719,11088.810,0.080
1757368271.522788,11090.879,0.080
1757368271.524855,11092.946,0.060
1757368271.526925,11095.016,0.060
1757368271.528994,11097.085,0.060
1757368271.531063,11099.154,0.060
1757368271.533131,11101.222,0.060
1757368271.535199,11103.291,0.060
1757368271.537268,11105.359,0.060
1757368271.539338,11107.429,0.060
1757368271.541407,11109.498,0.060
1757368271.543476,11111.567,0.060
1757368271.545547,11113.638,0.060
1757368271.547616,11115.707,0.060
1757368271.549688,11117.779,0.060
1757368271.551757,11119.848,0.060
1757368271.553825,11121.917,0.060
1757368271.555894,11123.985,0.060
1757368271.557963,11126.054,0.060
1757368271.560026,11128.118,0.060
1757368271.562095,11130.186,0.060
1757368271.564164,11132.255,0.060
1757368271.566234,11134.325,0.060
1757368271.568301,11136.392,0.060
1757368271.570370,11138.461,0.060
1757368271.572438,11140.530,0.060
1757368271.574508,11142.599,0.060
1757368271.576576,11144.667,0.060
1757368271.578646,11146.737,0.060
1757368271.580715,11148.806,0.060
1757368271.582784,11150.875,0.060
1757368271.584852,11152.943,0.060
1757368271.586921,11155.012,0.060
1757368271.589015,11157.106,0.060
1757368271.591088,11159.179,0.060
1757368271.593160,11161.252,0.060
1757368271.595231,11163.322,0.060
1757368271.597302,11165.394,0.060
1757368271.599377,11167.468,0.060
1757368271.601447,11169.538,0.060
1757368271.603517,11171.608,0.060
1757368271.605586,11173.677,0.060
1757368271.607655,11175.746,0.060
1757368271.609726,11177.817,0.060
1757368271.611795,11179.887,0.060
1757368271.613865,11181.956,0.060
1757368271.615934,11184.026,0.060
1757368271.618004,11186.095,0.060
1757368271.620070,11188.161,0.060
1757368271.622140,11190.231,0.060
1757368271.624209,11192.300,0.060
1757368271.626278,11194.370,0.060
1757368271.628346,11196.437,0.060
1757368271.630415,11198.506,0.060
1757368271.632483,11200.574,0.060
1757368271.634553,11202.644,0.060
1757368271.636620,11204.711,0.060
1757368271.638688,11206.779,0.060
1757368271.640757,11208.848,0.060
1757368271.642827,11210.918,0.060
1757368271.644896,11212.987,0.060
1757368271.646965,11215.056,0.060
1757368271.649034,11217.125,0.060
1757368271.651103,11219.194,0.060
1757368271.653171,11221.262,0.060
1757368271.655240,11223.331,0.060
1757368271.657311,11225.402,0.060
1757368271.659380,11227.471,0.060
1757368271.661451,11229.542,0.060
1757368271.663520,11231.611,0.060
1757368271.665588,11233.679,0.060
1757368271.667657,11235.749,0.060
1757368271.669728,11237.819,0.060
1757368271.671797,11239.888,0.060
1757368271.673867,11241.958,0.060
1757368271.675936,11244.027,0.060
1757368271.678007,11246.098,0.060
1757368271.680074,11248.165,0.060
1757368271.682143,11250.235,0.060
1757368271.684211,11252.302,0.060
1757368271.686280,11254.372,0.060
1757368271.688348,11256.439,0.060
1757368271.690417,11258.508,0.060
1757368271.692486,11260.577,0.060
1757368271.694554,11262.645,0.060
1757368271.696621,11264.713,0.060
1757368271.698691,11266.782,0.060
1757368271.700762,11268.853,0.060
1757368271.702831,11270.922,0.060
1757368271.704900,11272.991,0.060
1757368271.706969,11275.060,0.060
1757368271.709037,11277.128,0.060
1757368271.711107,11279.198,0.060
1757368271.713175,11281.266,0.060
1757368271.715244,11283.335,0.060
1757368271.717313,11285.404,0.060
1757368271.719382,11287.473,0.060
1757368271.721454,11289.545,0.060
1757368271.723524,11291.615,0.060
1757368271.725593,11293.684,0.060
1757368271.727662,11295.753,0.060
1757368271.729732,11297.823,0.060
1757368271.731801,11299.892,0.060
1757368271.733870,11301.961,0.060
1757368271.735939,11304.030,0.060
1757368271.738008,11306.099,0.060
1757368271.740074,11308.166,0.060
1757368271.742144,11310.236,0.060
1757368271.744212,11312.303,0.060
1757368271.746281,11314.372,0.060
1757368271.748347,11316.438,0.060
1757368271.750416,11318.507,0.060
1757368271.752484,11320.575,0.060
1757368271.754553,11322.644,0.060
1757368271.756626,11324.717,0.060
1757368271.758703,11326.794,0.060
1757368271.760780,11328.871,0.060
1757368271.762852,11330.944,0.060
1757368271.764921,11333.013,0.060
1757368271.766991,11335.082,0.060
1757368271.769059,11337.150,0.060
1757368271.771128,11339.219,0.060
1757368271.773195,11341.286,0.060
1757368271.775264,11343.355,0.060
1757368271.777336,11345.428,0.060
1757368271.779406,11347.497,0.060
1757368271.781474,11349.566,0.060
1757368271.783543,11351.634,0.060
1757368271.785614,11353.705,0.060
1757368271.787683,11355.774,0.060
1757368271.789752,11357.843,0.060
1757368271.791821,11359.912,0.060
1757368271.793893,11361.984,0.060
1757368271.795962,11364.053,0.060
1757368271.798030,11366.122,0.060
1757368271.800097,11368.189,0.060
1757368271.802166,11370.257,0.060
1757368271.804235,11372.326,0.060
1757368271.806304,11374.395,0.060
1757368271.808372,11376.463,0.060
1757368271.810441,11378.532,0.060
1757368271.812510,11380.601,0.060
1757368271.814579,11382.670,0.060
1757368271.816645,11384.736,0.060
1757368271.818715,11386.806,0.060
1757368271.820783,11388.875,0.060
1757368271.822852,11390.944,0.060
1757368271.824921,11393.012,0.060
1757368271.826990,11395.081,0.060
1757368271.829058,11397.149,0.060
1757368271.831126,11399.217,0.060
1757368271.833198,11401.289,0.060
1757368271.835267,11403.358,0.060
1757368271.837334,11405.425,0.060
1757368271.839403,11407.494,0.060
1757368271.841471,11409.563,0.060
1757368271.843540,11411.632,0.060
1757368271.845610,11413.701,0.060
1757368271.847692,11415.784,0.060
1757368271.849767,11417.858,0.060
1757368271.851838,11419.929,0.060
1757368271.853907,11421.999,0.060
1757368271.855977,11424.068,0.060
1757368271.858047,11426.138,0.060
1757368271.860113,11428.204,0.060
1757368271.862183,11430.274,0.060
1757368271.864254,11432.345,0.060
1757368271.866324,11434.415,0.060
1757368271.868391,11436.482,0.060
1757368271.870460,11438.551,0.060
1757368271.872530,11440.621,0.060
1757368271.874600,11442.691,0.060
1757368271.876667,11444.759,0.060
1757368271.878737,11446.828,0.060
1757368271.880806,11448.898,0.060
1757368271.882877,11450.969,0.060
1757368271.884945,11453.037,0.060
1757368271.887015,11455.106,0.060
1757368271.889084,11457.175,0.060
1757368271.891153,11459.244,0.060
1757368271.893221,11461.313,0.060
1757368271.895290,11463.381,0.060
1757368271.897374,11465.465,0.060
1757368271.899453,11467.544,0.060
1757368271.901525,11469.616,0.060
1757368271.903595,11471.686,0.060
1757368271.905664,11473.755,0.060
1757368271.907735,11475.826,0.060
1757368271.909809,11477.901,0.060
1757368271.911880,11479.971,0.060
1757368271.913949,11482.040,0.060
1757368271.916031,11484.122,0.060
1757368271.918101,11486.192,0.060
1757368271.920169,11488.261,0.060
1757368271.922240,11490.331,0.060
1757368271.924310,11492.402,0.060
1757368271.926379,11494.470,0.060
1757368271.928447,11496.538,0.060
1757368271.930516,11498.607,0.060
1757368271.932582,11500.673,0.060
1757368271.934651,11502.742,0.060
1757368271.936720,11504.811,0.060
1757368271.938789,11506.880,0.060
1757368271.940857,11508.948,0.060
1757368271.942926,11511.017,0.060
1757368271.944995,11513.086,0.060
1757368271.947064,11515.156,0.060
1757368271.949132,11517.224,0.060
1757368271.951201,11519.293,0.060
1757368271.953270,11521.361,0.060
1757368271.955339,11523.430,0.060
1757368271.957410,11525.501,0.060
1757368271.959478,11527.570,0.060
1757368271.961548,11529.639,0.060
1757368271.963617,11531.708,0.060
1757368271.965686,11533.777,0.060
1757368271.967755,11535.846,0.060
1757368271.969824,11537.915,0.060
1757368271.971893,11539.984,0.060
1757368271.973980,11542.071,0.060
1757368271.976026,11544.117,0.060
1757368271.978103,11546.194,0.060
1757368271.980172,11548.264,0.060
1757368271.982241,11550.333,0.060
1757368271.984310,11552.401,0.060
1757368271.986379,11554.470,0.060
1757368271.988447,11556.538,0.060
1757368271.990520,11558.611,0.060
1757368271.992587,11560.678,0.060
1757368271.994660,11562.751,0.060
1757368271.996732,11564.823,0.060
1757368271.998805,11566.896,0.060
1757368272.000876,11568.967,0.060
1757368272.002947,11571.038,0.060
1757368272.005017,11573.108,0.060
1757368272.007087,11575.178,0.060
1757368272.009155,11577.246,0.060
1757368272.011224,11579.315,0.060
1757368272.013293,11581.384,0.060
1757368272.015362,11583.453,0.060
1757368272.017434,11585.525,0.060
1757368272.019504,11587.595,0.060
1757368272.021574,11589.665,0.060
1757368272.023644,11591.735,0.060
1757368272.025713,11593.804,0.060
1757368272.027782,11595.873,0.060
1757368272.029851,11597.942,0.060
1757368272.031920,11600.011,0.060
1757368272.033989,11602.081,0.060
1757368272.036028,11604.119,0.060
1757368272.038097,11606.188,0.060
1757368272.040166,11608.257,0.060
1757368272.042234,11610.326,0.060
1757368272.044301,11612.392,0.060
1757368272.046370,11614.461,0.060
1757368272.048439,11616.530,0.060
1757368272.050508,11618.599,0.060
1757368272.052576,11620.667,0.060
1757368272.054645,11622.736,0.060
1757368272.056717,11624.809,0.060
1757368272.058785,11626.877,0.060
1757368272.060854,11628.945,0.060
1757368272.062923,11631.015,0.060
1757368272.064993,11633.084,0.060
1757368272.067063,11635.154,0.060
1757368272.069129,11637.220,0.060
1757368272.071198,11639.289,0.060
1757368272.073267,11641.358,0.060
1757368272.075336,11643.427,0.060
1757368272.077408,11645.499,0.060
1757368272.079476,11647.567,0.060
1757368272.081546,11649.637,0.060
1757368272.083616,11651.707,0.060
1757368272.085684,11653.775,0.060
1757368272.087753,11655.844,0.060
1757368272.089822,11657.913,0.060
1757368272.091890,11659.981,0.060
1757368272.093960,11662.051,0.060
1757368272.096021,11664.112,0.060
1757368272.098090,11666.181,0.060
1757368272.100159,11668.250,0.060
1757368272.102228,11670.319,0.060
1757368272.104295,11672.386,0.060
1757368272.106363,11674.454,0.060
1757368272.108433,11676.525,0.060
1757368272.110503,11678.594,0.060
1757368272.112575,11680.666,0.060
1757368272.114645,11682.736,0.060
1757368272.116714,11684.805,0.060
1757368272.118784,11686.875,0.060
1757368272.120852,11688.943,0.060
1757368272.122921,11691.012,0.060
1757368272.124990,11693.081,0.060
1757368272.127059,11695.150,0.060
1757368272.129127,11697.218,0.060
1757368272.131196,11699.287,0.060
1757368272.133265,11701.356,0.060
1757368272.135334,11703.425,0.060
1757368272.137405,11705.496,0.060
1757368272.139474,11707.566,0.060
1757368272.141542,11709.634,0.060
1757368272.143611,11711.703,0.060
1757368272.145682,11713.773,0.060
1757368272.147752,11715.843,0.060
1757368272.149821,11717.912,0.060
1757368272.151890,11719.981,0.060
1757368272.153960,11722.051,0.060
1757368272.156025,11724.116,0.060
1757368272.158094,11726.185,0.060
1757368272.160162,11728.253,0.060
1757368272.162231,11730.322,0.060
1757368272.164296,11732.388,0.060
1757368272.166366,11734.457,0.060
1757368272.168433,11736.524,0.060
1757368272.170501,11738.592,0.060
1757368272.172568,11740.659,0.060
1757368272.174637,11742.728,0.060
1757368272.176705,11744.796,0.060
1757368272.178774,11746.865,0.060
1757368272.180843,11748.934,0.060
1757368272.182911,11751.002,0.060
1757368272.184980,11753.071,0.060
1757368272.187048,11755.140,0.060
1757368272.189118,11757.209,0.060
1757368272.191187,11759.278,0.060
1757368272.193255,11761.346,0.060
1757368272.195323,11763.415,0.060
1757368272.197393,11765.485,0.060
1757368272.199462,11767.553,0.060
1757368272.201531,11769.622,0.060
1757368272.203599,11771.690,0.060
1757368272.205668,11773.759,0.060
1757368272.207738,11775.829,0.060
1757368272.209807,11777.899,0.060
1757368272.211877,11779.968,0.060
1757368272.213947,11782.038,0.060
1757368272.216025,11784.116,0.060
1757368272.218094,11786.185,0.060
1757368272.220160,11788.252,0.060
1757368272.222231,11790.322,0.060
1757368272.224299,11792.391,0.060
1757368272.226369,11794.461,0.060
1757368272.228440,11796.531,0.060
1757368272.230508,11798.599,0.060
1757368272.232576,11800.667,0.060
1757368272.234645,11802.736,0.060
1757368272.236713,11804.804,0.060
1757368272.238783,11806.874,0.060
1757368272.240855,11808.946,0.060
1757368272.242931,11811.022,0.060
1757368272.244999,11813.091,0.060
1757368272.247069,11815.161,0.060
1757368272.249137,11817.228,0.060
1757368272.251206,11819.297,0.060
1757368272.253275,11821.367,0.060
1757368272.255345,11823.436,0.060
1757368272.257418,11825.510,0.060
1757368272.259488,11827.579,0.060
1757368272.261568,11829.659,0.060
1757368272.263641,11831.733,0.060
1757368272.265713,11833.804,0.060
1757368272.267784,11835.875,0.060
1757368272.269854,11837.945,0.060
1757368272.271927,11840.018,0.060
1757368272.273998,11842.089,0.060
1757368272.276064,11844.155,0.060
1757368272.278133,11846.224,0.060
1757368272.280201,11848.293,0.060
1757368272.282271,11850.362,0.060
1757368272.284338,11852.430,0.060
1757368272.286408,11854.499,0.060
1757368272.288477,11856.568,0.060
1757368272.290546,11858.637,0.060
1757368272.292613,11860.704,0.060
1757368272.294683,11862.774,0.060
1757368272.296753,11864.844,0.060
1757368272.298822,11866.914,0.060
1757368272.300892,11868.983,0.060
1757368272.302961,11871.052,0.060
1757368272.305029,11873.120,0.060
1757368272.307098,11875.189,0.060
1757368272.309165,11877.257,0.060
1757368272.311234,11879.325,0.060
1757368272.313303,11881.394,0.060
1757368272.315372,11883.463,0.060
1757368272.317442,11885.533,0.060
1757368272.319512,11887.604,0.060
1757368272.321590,11889.681,0.060
1757368272.323661,11891.752,0.060
1757368272.325730,11893.821,0.060
1757368272.327800,11895.891,0.060
1757368272.329870,11897.961,0.060
1757368272.331949,11900.040,0.060
1757368272.334021,11902.112,0.060
1757368272.336089,11904.181,0.060
1757368272.338159,11906.250,0.060
1757368272.340228,11908.319,0.060
1757368272.342298,11910.389,0.060
1757368272.344366,11912.457,0.060
1757368272.346436,11914.527,0.060
1757368272.348504,11916.595,0.060
1757368272.350574,11918.666,0.060
1757368272.352642,11920.733,0.060
1757368272.354711,11922.802,0.060
1757368272.356781,11924.872,0.060
1757368272.358850,11926.941,0.060
1757368272.360928,11929.019,0.060
1757368272.363009,11931.100,0.060
1757368272.365077,11933.168,0.060
1757368272.367135,11935.226,0.060
1757368272.369192,11937.284,0.060
1757368272.371250,11939.341,0.060
1757368272.373307,11941.398,0.060
1757368272.375367,11943.458,0.060
1757368272.377425,11945.516,0.060
1757368272.379484,11947.575,0.060
1757368272.381543,11949.634,0.060
1757368272.383605,11951.696,0.060
1757368272.385665,11953.756,0.060
1757368272.387726,11955.817,0.060
1757368272.389786,11957.877,0.060
1757368272.391847,11959.939,0.060
1757368272.393909,11962.000,0.060
1757368272.395971,11964.062,0.060
1757368272.398035,11966.126,0.060
1757368272.400097,11968.188,0.060
1757368272.402160,11970.251,0.060
1757368272.404224,11972.315,0.060
1757368272.406287,11974.378,0.060
1757368272.408349,11976.440,0.060
1757368272.410413,11978.504,0.060
1757368272.412480,11980.571,0.060
1757368272.414545,11982.636,0.060
1757368272.416611,11984.702,0.060
1757368272.418678,11986.769,0.060
1757368272.420750,11988.841,0.060
1757368272.422819,11990.910,0.060
1757368272.424886,11992.978,0.060
1757368272.426956,11995.047,0.060
1757368272.429024,11997.116,0.060
1757368272.431097,11999.188,0.060
1757368272.433166,12001.257,0.060
1757368272.435235,12003.326,0.060
1757368272.437304,12005.395,0.060
1757368272.439372,12007.463,0.060
1757368272.441441,12009.532,0.060
1757368272.443511,12011.602,0.060
1757368272.445581,12013.672,0.060
1757368272.447649,12015.741,0.060
1757368272.449718,12017.809,0.060
1757368272.451787,12019.878,0.060
1757368272.453857,12021.949,0.060
1757368272.455928,12024.019,0.060
1757368272.457998,12026.089,0.060
1757368272.460068,12028.159,0.060
1757368272.462138,12030.229,0.060
1757368272.464206,12032.297,0.060
1757368272.466276,12034.367,0.060
1757368272.468343,12036.434,0.060
1757368272.470412,12038.503,0.060
1757368272.472481,12040.572,0.060
1757368272.474552,12042.643,0.060
1757368272.476621,12044.713,0.060
1757368272.478691,12046.782,0.060
1757368272.480758,12048.849,0.060
1757368272.482827,12050.919,0.060
1757368272.484895,12052.986,0.060
1757368272.486964,12055.055,0.060
1757368272.489033,12057.124,0.060
1757368272.491102,12059.193,0.060
1757368272.493170,12061.261,0.060
1757368272.495239,12063.330,0.060
1757368272.497308,12065.399,0.060
1757368272.499376,12067.467,0.060
1757368272.501447,12069.538,0.060
1757368272.503516,12071.607,0.060
1757368272.505585,12073.676,0.060
1757368272.507653,12075.744,0.060
1757368272.509724,12077.815,0.060
1757368272.511793,12079.884,0.060
1757368272.513862,12081.953,0.060
1757368272.515931,12084.022,0.060
1757368272.518000,12086.091,0.060
1757368272.520067,12088.158,0.060
1757368272.522135,12090.226,0.060
1757368272.524204,12092.295,0.060
1757368272.526274,12094.365,0.060
1757368272.528353,12096.444,0.060
1757368272.530425,12098.516,0.060
1757368272.532493,12100.584,0.060
1757368272.534563,12102.654,0.060
1757368272.536631,12104.722,0.060
1757368272.538699,12106.790,0.060
1757368272.540773,12108.865,0.060
1757368272.542843,12110.934,0.060
1757368272.544913,12113.004,0.060
1757368272.546982,12115.073,0.060
1757368272.549052,12117.144,0.060
1757368272.551121,12119.213,0.060
1757368272.553190,12121.281,0.060
1757368272.555259,12123.350,0.060
1757368272.557327,12125.418,0.060
1757368272.559396,12127.487,0.060
1757368272.561466,12129.557,0.060
1757368272.563536,12131.627,0.060
1757368272.565605,12133.696,0.060
1757368272.567674,12135.765,0.060
1757368272.569743,12137.835,0.060
1757368272.571813,12139.904,0.060
1757368272.573882,12141.973,0.060
1757368272.575951,12144.042,0.060
1757368272.578021,12146.112,0.060
1757368272.580088,12148.180,0.060
1757368272.582158,12150.249,0.060
1757368272.584227,12152.318,0.060
1757368272.586296,12154.387,0.060
1757368272.588362,12156.453,0.060
1757368272.590431,12158.522,0.060
1757368272.592501,12160.592,0.060
1757368272.594571,12162.662,0.060
1757368272.596639,12164.730,0.060
1757368272.598708,12166.800,0.060
1757368272.600777,12168.869,0.060
1757368272.602846,12170.937,0.060
1757368272.604913,12173.004,0.060
1757368272.606982,12175.074,0.060
1757368272.609053,12177.144,0.060
1757368272.611122,12179.213,0.060
1757368272.613190,12181.282,0.060
1757368272.615261,12183.352,0.060
1757368272.617329,12185.421,0.060
1757368272.619398,12187.490,0.060
1757368272.621471,12189.562,0.060
1757368272.623539,12191.631,0.060
1757368272.625608,12193.700,0.060
1757368272.627677,12195.768,0.060
1757368272.629747,12197.838,0.060
1757368272.631816,12199.907,0.060
1757368272.633885,12201.976,0.060
1757368272.635954,12204.045,0.060
1757368272.638022,12206.114,0.060
1757368272.640090,12208.182,0.060
1757368272.642160,12210.251,0.060
1757368272.644228,12212.319,0.060
1757368272.646296,12214.387,0.060
1757368272.648364,12216.455,0.060
1757368272.650433,12218.524,0.060
1757368272.652502,12220.593,0.060
1757368272.654572,12222.663,0.060
1757368272.656638,12224.730,0.060
1757368272.658716,12226.807,0.060
1757368272.660787,12228.878,0.060
1757368272.662858,12230.949,0.060
1757368272.664929,12233.020,0.060
1757368272.666999,12235.090,0.060
1757368272.669067,12237.158,0.060
1757368272.671136,12239.227,0.060
1757368272.673205,12241.296,0.060
1757368272.675274,12243.365,0.060
1757368272.677345,12245.436,0.060
1757368272.679414,12247.505,0.060
1757368272.681484,12249.575,0.060
1757368272.683553,12251.644,0.060
1757368272.685622,12253.713,0.060
1757368272.687692,12255.783,0.060
1757368272.689760,12257.851,0.060
1757368272.691828,12259.920,0.060
1757368272.693897,12261.988,0.060
1757368272.695966,12264.057,0.060
1757368272.698035,12266.127,0.060
1757368272.700102,12268.193,0.060
1757368272.702171,12270.262,0.060
1757368272.704242,12272.333,0.060
1757368272.706312,12274.403,0.060
1757368272.708379,12276.470,0.060
1757368272.710448,12278.539,0.060
1757368272.712516,12280.607,0.060
1757368272.714585,12282.676,0.060
1757368272.716651,12284.743,0.060
1757368272.718720,12286.811,0.060
1757368272.720788,12288.880,0.060
1757368272.722857,12290.948,0.060
1757368272.724941,12293.033,0.060
1757368272.727069,12295.161,0.060
1757368272.729151,12297.242,0.060
1757368272.731223,12299.314,0.060
1757368272.733292,12301.383,0.060
1757368272.735362,12303.453,0.060
1757368272.737433,12305.525,0.060
1757368272.739501,12307.593,0.060
1757368272.741571,12309.662,0.060
1757368272.743641,12311.732,0.060
1757368272.745710,12313.802,0.060
1757368272.747780,12315.871,0.060
1757368272.749856,12317.947,0.060
1757368272.751927,12320.018,0.060
1757368272.753998,12322.089,0.060
1757368272.756065,12324.156,0.060
1757368272.758135,12326.226,0.060
1757368272.760206,12328.297,0.060
1757368272.762275,12330.366,0.060
1757368272.764343,12332.434,0.060
1757368272.766412,12334.503,0.060
1757368272.768481,12336.573,0.060
1757368272.770551,12338.642,0.060
1757368272.772619,12340.710,0.060
1757368272.774688,12342.779,0.060
1757368272.776757,12344.848,0.060
1757368272.778825,12346.916,0.060
1757368272.780895,12348.986,0.060
1757368272.782965,12351.056,0.060
1757368272.785034,12353.125,0.060
1757368272.787103,12355.194,0.060
1757368272.789175,12357.266,0.060
1757368272.791244,12359.335,0.060
1757368272.793314,12361.405,0.060
1757368272.795382,12363.474,0.060
1757368272.797451,12365.542,0.060
1757368272.799521,12367.612,0.060
1757368272.801593,12369.684,0.060
1757368272.803662,12371.753,0.060
1757368272.805732,12373.823,0.060
1757368272.807801,12375.892,0.060
1757368272.809870,12377.961,0.060
1757368272.811940,12380.031,0.060
1757368272.814009,12382.101,0.060
1757368272.816091,12384.182,0.060
1757368272.818166,12386.257,0.060
1757368272.820237,12388.328,0.060
1757368272.822306,12390.397,0.060
1757368272.824373,12392.464,0.060
1757368272.826442,12394.533,0.060
1757368272.828510,12396.601,0.060
1757368272.830579,12398.670,0.060
1757368272.832647,12400.738,0.060
1757368272.834716,12402.807,0.060
1757368272.836787,12404.878,0.060
1757368272.838857,12406.948,0.060
1757368272.840929,12409.020,0.060
1757368272.842998,12411.089,0.060
1757368272.845069,12413.160,0.060
1757368272.847138,12415.229,0.060
1757368272.849206,12417.297,0.060
1757368272.851275,12419.366,0.060
1757368272.853343,12421.434,0.060
1757368272.855413,12423.504,0.060
1757368272.857482,12425.573,0.060
1757368272.859551,12427.642,0.060
1757368272.861620,12429.711,0.060
1757368272.863689,12431.781,0.060
1757368272.865758,12433.849,0.060
1757368272.867835,12435.926,0.060
1757368272.869909,12438.000,0.060
1757368272.871980,12440.071,0.060
1757368272.874055,12442.146,0.060
1757368272.876124,12444.215,0.060
1757368272.878194,12446.285,0.060
1757368272.880262,12448.353,0.060
1757368272.882330,12450.421,0.060
1757368272.884397,12452.488,0.060
1757368272.886466,12454.557,0.060
1757368272.888535,12456.626,0.060
1757368272.890604,12458.695,0.060
1757368272.892673,12460.764,0.060
1757368272.894742,12462.833,0.060
1757368272.896810,12464.901,0.060
1757368272.898879,12466.970,0.060
1757368272.900946,12469.037,0.060
1757368272.903014,12471.105,0.060
1757368272.905087,12473.178,0.060
1757368272.907156,12475.247,0.060
1757368272.909225,12477.316,0.060
1757368272.911295,12479.386,0.060
1757368272.913365,12481.456,0.060
1757368272.915433,12483.525,0.060
1757368272.917503,12485.594,0.060
1757368272.919571,12487.663,0.060
1757368272.921640,12489.731,0.060
1757368272.923708,12491.799,0.060
1757368272.925777,12493.868,0.060
1757368272.927846,12495.938,0.060
1757368272.929915,12498.006,0.060
1757368272.931985,12500.076,0.060
1757368272.934057,12502.148,0.060
1757368272.936124,12504.215,0.060
1757368272.938192,12506.284,0.060
1757368272.940261,12508.352,0.060
1757368272.942330,12510.421,0.060
1757368272.944397,12512.488,0.060
1757368272.946467,12514.559,0.060
1757368272.948537,12516.629,0.060
1757368272.950607,12518.698,0.060
1757368272.952675,12520.766,0.060
1757368272.954744,12522.835,0.060
1757368272.956813,12524.904,0.060
1757368272.958882,12526.973,0.060
1757368272.960950,12529.041,0.060
1757368272.963019,12531.110,0.060
1757368272.965087,12533.178,0.060
1757368272.967155,12535.247,0.060
1757368272.969224,12537.316,0.060
1757368272.971293,12539.384,0.060
1757368272.973364,12541.455,0.060
1757368272.975434,12543.525,0.060
1757368272.977503,12545.594,0.060
1757368272.979572,12547.663,0.060
1757368272.981641,12549.732,0.060
1757368272.983710,12551.801,0.060
1757368272.985780,12553.871,0.060
1757368272.987850,12555.941,0.060
1757368272.989919,12558.010,0.060
1757368272.991987,12560.079,0.060
1757368272.994057,12562.148,0.060
1757368272.996124,12564.215,0.060
1757368272.998193,12566.284,0.060
1757368273.000261,12568.352,0.060
1757368273.002329,12570.420,0.060
1757368273.004398,12572.489,0.060
1757368273.006467,12574.558,0.060
1757368273.008537,12576.628,0.060
1757368273.010605,12578.696,0.060
1757368273.012672,12580.763,0.060
1757368273.014741,12582.832,0.060
1757368273.016809,12584.900,0.060
1757368273.018877,12586.968,0.060
1757368273.020946,12589.037,0.060
1757368273.023014,12591.105,0.060
1757368273.025082,12593.173,0.060
1757368273.027151,12595.242,0.060
1757368273.029219,12597.310,0.060
1757368273.031288,12599.380,0.060
1757368273.033380,12601.471,0.060
1757368273.035449,12603.540,0.060
1757368273.037518,12605.609,0.060
1757368273.039587,12607.678,0.060
1757368273.041656,12609.747,0.060
1757368273.043725,12611.816,0.060
1757368273.045794,12613.885,0.060
1757368273.047862,12615.953,0.060
1757368273.049931,12618.022,0.060
1757368273.052015,12620.106,0.060
1757368273.054084,12622.175,0.060
1757368273.056151,12624.243,0.060
1757368273.058221,12626.312,0.060
1757368273.060288,12628.380,0.060
1757368273.062358,12630.449,0.060
1757368273.064425,12632.516,0.060
1757368273.066494,12634.585,0.060
1757368273.068565,12636.656,0.060
1757368273.070634,12638.725,0.060
1757368273.072701,12640.792,0.060
1757368273.074771,12642.862,0.060
1757368273.076839,12644.930,0.060
1757368273.078909,12647.001,0.060
1757368273.080978,12649.069,0.060
1757368273.083046,12651.138,0.060
1757368273.085114,12653.206,0.060
1757368273.087184,12655.275,0.060
1757368273.089253,12657.344,0.060
1757368273.091322,12659.413,0.060
1757368273.093395,12661.486,0.060
1757368273.095463,12663.554,0.060
1757368273.097532,12665.623,0.060
1757368273.099601,12667.692,0.060
1757368273.101670,12669.761,0.060
1757368273.103739,12671.830,0.060
1757368273.105808,12673.899,0.060
1757368273.107877,12675.968,0.060
1757368273.109946,12678.037,0.060
1757368273.112026,12680.118,0.060
1757368273.114095,12682.187,0.060
1757368273.116163,12684.255,0.060
1757368273.118233,12686.325,0.060
1757368273.120300,12688.391,0.060
1757368273.122369,12690.460,0.060
1757368273.124438,12692.529,0.060
1757368273.126508,12694.599,0.060
1757368273.128574,12696.665,0.060
1757368273.130643,12698.734,0.060
1757368273.132710,12700.801,0.060
1757368273.134779,12702.870,0.060
1757368273.136847,12704.938,0.060
1757368273.138915,12707.006,0.060
1757368273.140983,12709.074,0.060
1757368273.143051,12711.142,0.060
1757368273.145118,12713.209,0.060
1757368273.147187,12715.278,0.060
1757368273.149256,12717.347,0.060
1757368273.151325,12719.416,0.060
1757368273.153398,12721.489,0.060
1757368273.155467,12723.558,0.060
1757368273.157536,12725.627,0.060
1757368273.159604,12727.695,0.060
1757368273.161674,12729.765,0.060
1757368273.163744,12731.835,0.060
1757368273.165820,12733.911,0.060
1757368273.167892,12735.983,0.060
1757368273.169964,12738.055,0.060
1757368273.172020,12740.111,0.060
1757368273.174090,12742.181,0.060
1757368273.176158,12744.249,0.060
1757368273.178227,12746.318,0.060
1757368273.180294,12748.385,0.060
1757368273.182363,12750.454,0.060
1757368273.184430,12752.521,0.060
1757368273.186498,12754.589,0.060
1757368273.188565,12756.657,0.060
1757368273.190635,12758.726,0.060
1757368273.192705,12760.797,0.060
1757368273.194774,12762.865,0.060
1757368273.196844,12764.935,0.060
1757368273.198913,12767.004,0.060
1757368273.200981,12769.072,0.060
1757368273.203049,12771.140,0.060
1757368273.205117,12773.208,0.060
1757368273.207186,12775.278,0.060
1757368273.209256,12777.347,0.060
1757368273.211327,12779.418,0.060
1757368273.213408,12781.499,0.060
1757368273.215480,12783.571,0.060
1757368273.217551,12785.642,0.060
1757368273.219621,12787.712,0.060
1757368273.221691,12789.782,0.060
1757368273.223761,12791.852,0.060
1757368273.225830,12793.921,0.060
1757368273.227900,12795.991,0.060
1757368273.229969,12798.060,0.060
1757368273.232022,12800.113,0.060
1757368273.234091,12802.182,0.060
1757368273.236162,12804.253,0.060
1757368273.238231,12806.322,0.060
1757368273.240298,12808.389,0.060
1757368273.242367,12810.458,0.060
1757368273.244436,12812.527,0.060
1757368273.246505,12814.596,0.060
1757368273.248572,12816.663,0.060
1757368273.250641,12818.732,0.060
1757368273.252709,12820.800,0.060
1757368273.254778,12822.870,0.060
1757368273.256850,12824.941,0.060
1757368273.258919,12827.010,0.060
1757368273.260988,12829.080,0.060
1757368273.263058,12831.149,0.060
1757368273.265125,12833.216,0.060
1757368273.267194,12835.285,0.060
1757368273.269262,12837.353,0.060
1757368273.271331,12839.422,0.060
1757368273.273402,12841.493,0.060
1757368273.275471,12843.563,0.060
1757368273.277540,12845.632,0.060
1757368273.279610,12847.701,0.060
1757368273.281679,12849.770,0.060
1757368273.283749,12851.840,0.060
1757368273.285819,12853.910,0.060
1757368273.287887,12855.978,0.060
1757368273.289956,12858.047,0.060
1757368273.292025,12860.116,0.060
1757368273.294094,12862.185,0.060
1757368273.296163,12864.254,0.060
1757368273.298231,12866.323,0.060
1757368273.300311,12868.402,0.060
1757368273.302383,12870.475,0.060
1757368273.304450,12872.541,0.060
1757368273.306519,12874.610,0.060
1757368273.308587,12876.678,0.060
1757368273.310656,12878.747,0.060
1757368273.312724,12880.815,0.060
1757368273.314794,12882.885,0.060
1757368273.316861,12884.953,0.060
1757368273.318931,12887.022,0.060
1757368273.321000,12889.091,0.060
1757368273.323070,12891.161,0.060
1757368273.325140,12893.231,0.060
1757368273.327211,12895.302,0.060
1757368273.329279,12897.370,0.060
1757368273.331348,12899.439,0.060
1757368273.333419,12901.510,0.060
1757368273.335488,12903.579,0.060
1757368273.337558,12905.649,0.060
1757368273.339627,12907.718,0.060
1757368273.341696,12909.787,0.060
1757368273.343765,12911.856,0.060
1757368273.345833,12913.924,0.060
1757368273.347904,12915.995,0.060
1757368273.349974,12918.065,0.060
1757368273.352033,12920.124,0.060
1757368273.354102,12922.194,0.060
1757368273.356171,12924.263,0.060
1757368273.358241,12926.332,0.060
1757368273.360309,12928.400,0.060
1757368273.362378,12930.469,0.060
1757368273.364444,12932.535,0.060
1757368273.366514,12934.605,0.060
1757368273.368587,12936.678,0.060
1757368273.370653,12938.745,0.060
1757368273.372711,12940.803,0.060
1757368273.374769,12942.860,0.060
1757368273.376827,12944.918,0.060
1757368273.378885,12946.976,0.060
1757368273.380942,12949.033,0.060
1757368273.382999,12951.090,0.060
1757368273.385057,12953.148,0.060
1757368273.387116,12955.208,0.060
1757368273.389175,12957.266,0.060
1757368273.391234,12959.325,0.060
1757368273.393292,12961.383,0.060
1757368273.395352,12963.443,0.060
1757368273.397412,12965.503,0.060
1757368273.399473,12967.564,0.060
1757368273.401534,12969.625,0.060
1757368273.403595,12971.686,0.060
1757368273.405657,12973.748,0.060
1757368273.407720,12975.811,0.060
1757368273.409782,12977.873,0.060
1757368273.411846,12979.937,0.060
1757368273.413911,12982.002,0.060
1757368273.415976,12984.067,0.060
1757368273.418043,12986.134,0.060
1757368273.420107,12988.199,0.060
1757368273.422174,12990.265,0.060
1757368273.424239,12992.331,0.060
1757368273.426365,12994.456,0.060
1757368273.428461,12996.552,0.060
1757368273.430531,12998.622,0.060
1757368273.432604,13000.695,0.080
1757368273.434696,13002.787,0.080
1757368273.436768,13004.859,0.080
1757368273.438838,13006.930,0.080
1757368273.440906,13008.997,0.080
1757368273.442976,13011.067,0.080
1757368273.445045,13013.136,0.080
1757368273.447116,13015.207,0.080
1757368273.449185,13017.277,0.080
1757368273.451255,13019.346,0.080
1757368273.453324,13021.415,0.080
1757368273.455393,13023.484,0.080
1757368273.457466,13025.558,0.080
1757368273.459538,13027.629,0.080
1757368273.461606,13029.697,0.080
1757368273.463674,13031.765,0.060
1757368273.465743,13033.834,0.060
1757368273.467812,13035.903,0.060
1757368273.469881,13037.972,0.060
1757368273.471950,13040.041,0.060
1757368273.474020,13042.111,0.060
1757368273.476087,13044.178,0.060
1757368273.478156,13046.247,0.060
1757368273.480225,13048.316,0.060
1757368273.482293,13050.384,0.060
1757368273.484360,13052.451,0.060
1757368273.486430,13054.521,0.060
1757368273.488498,13056.590,0.060
1757368273.490567,13058.658,0.060
1757368273.492634,13060.725,0.060
1757368273.494703,13062.794,0.060
1757368273.496771,13064.862,0.060
1757368273.498840,13066.931,0.060
1757368273.500908,13069.000,0.060
1757368273.502977,13071.068,0.060
1757368273.505045,13073.137,0.060
1757368273.507115,13075.206,0.060
1757368273.509186,13077.277,0.060
1757368273.511256,13079.347,0.060
1757368273.513324,13081.415,0.060
1757368273.515393,13083.484,0.060
1757368273.517463,13085.555,0.060
1757368273.519532,13087.623,0.060
1757368273.521601,13089.692,0.060
1757368273.523671,13091.762,0.060
1757368273.525739,13093.830,0.060
1757368273.527810,13095.901,0.060
1757368273.529879,13097.970,0.060
1757368273.531948,13100.039,0.060
1757368273.534017,13102.108,0.060
1757368273.536084,13104.176,0.060
1757368273.538154,13106.245,0.060
1757368273.540222,13108.313,0.060
1757368273.542291,13110.382,0.060
1757368273.544357,13112.448,0.060
1757368273.546427,13114.518,0.060
1757368273.548494,13116.585,0.060
1757368273.550564,13118.655,0.060
1757368273.552630,13120.721,0.060
1757368273.554698,13122.790,0.060
1757368273.556767,13124.858,0.060
1757368273.558837,13126.928,0.060
1757368273.560906,13128.997,0.060
1757368273.562975,13131.067,0.060
1757368273.565045,13133.136,0.060
1757368273.567115,13135.206,0.060
1757368273.569185,13137.277,0.060
1757368273.571254,13139.345,0.060
1757368273.573323,13141.414,0.060
1757368273.575393,13143.484,0.060
1757368273.577463,13145.554,0.060
1757368273.579532,13147.623,0.060
1757368273.581602,13149.693,0.060
1757368273.583672,13151.763,0.060
1757368273.585742,13153.833,0.060
1757368273.587810,13155.901,0.060
1757368273.589878,13157.969,0.060
1757368273.591947,13160.038,0.060
1757368273.594016,13162.107,0.060
1757368273.596083,13164.174,0.060
1757368273.598151,13166.242,0.060
1757368273.600220,13168.311,0.060
1757368273.602289,13170.380,0.060
1757368273.604357,13172.448,0.060
1757368273.606426,13174.518,0.060
1757368273.608495,13176.586,0.060
1757368273.610564,13178.655,0.060
1757368273.612632,13180.723,0.060
1757368273.614703,13182.794,0.060
1757368273.616771,13184.862,0.060
1757368273.618840,13186.931,0.060
1757368273.620908,13189.000,0.060
1757368273.622978,13191.069,0.060
1757368273.625045,13193.136,0.060
1757368273.627114,13195.205,0.060
1757368273.629186,13197.277,0.060
1757368273.631255,13199.347,0.060
1757368273.633324,13201.415,0.060
1757368273.635393,13203.485,0.060
1757368273.637463,13205.554,0.060
1757368273.639530,13207.621,0.060
1757368273.641589,13209.680,0.060
1757368273.643646,13211.737,0.060
1757368273.645703,13213.794,0.060
1757368273.647760,13215.852,0.060
1757368273.649817,13217.908,0.060
1757368273.651874,13219.965,0.060
1757368273.653941,13222.033,0.060
1757368273.656019,13224.110,0.060
1757368273.658088,13226.179,0.060
1757368273.660156,13228.247,0.080
1757368273.662225,13230.316,0.080
1757368273.664293,13232.384,0.080
1757368273.666362,13234.453,0.080
1757368273.668429,13236.520,0.080
1757368273.670498,13238.590,0.080
1757368273.672568,13240.659,0.080
1757368273.674638,13242.729,0.080
1757368273.676706,13244.797,0.080
1757368273.678775,13246.866,0.080
1757368273.680844,13248.935,0.080
1757368273.682913,13251.004,0.080
1757368273.684982,13253.073,0.080
1757368273.687051,13255.142,0.080
1757368273.689120,13257.211,0.080
1757368273.691191,13259.283,0.080
1757368273.693264,13261.356,0.080
1757368273.695345,13263.436,0.080
1757368273.697418,13265.509,0.080
1757368273.699491,13267.582,0.080
1757368273.701560,13269.651,0.080
1757368273.703629,13271.721,0.080
1757368273.705699,13273.790,0.080
1757368273.707769,13275.860,0.080
1757368273.709839,13277.930,0.080
1757368273.711908,13279.999,0.080
1757368273.713977,13282.068,0.060
1757368273.716022,13284.113,0.060
1757368273.718091,13286.183,0.060
1757368273.720160,13288.252,0.060
1757368273.722229,13290.320,0.060
1757368273.724296,13292.387,0.060
1757368273.726366,13294.457,0.060
1757368273.728435,13296.526,0.060
1757368273.730505,13298.596,0.060
1757368273.732572,13300.663,0.060
1757368273.734642,13302.733,0.060
1757368273.736712,13304.803,0.060
1757368273.738780,13306.872,0.060
1757368273.740849,13308.940,0.060
1757368273.742918,13311.009,0.060
1757368273.744987,13313.079,0.060
1757368273.747057,13315.148,0.060
1757368273.749127,13317.218,0.060
1757368273.751196,13319.287,0.060
1757368273.753265,13321.356,0.060
1757368273.755333,13323.425,0.060
1757368273.757405,13325.496,0.060
1757368273.759475,13327.566,0.060
1757368273.761544,13329.635,0.060
1757368273.763613,13331.705,0.060
1757368273.765683,13333.774,0.060
1757368273.767752,13335.843,0.060
1757368273.769821,13337.912,0.060
1757368273.771890,13339.981,0.060
1757368273.773959,13342.050,0.060
1757368273.776028,13344.120,0.060
1757368273.778098,13346.189,0.060
1757368273.780166,13348.257,0.060
1757368273.782234,13350.326,0.060
1757368273.784320,13352.411,0.060
1757368273.786396,13354.487,0.060
1757368273.788468,13356.560,0.060
1757368273.790538,13358.629,0.060
1757368273.792606,13360.698,0.060
1757368273.794676,13362.767,0.060
1757368273.796749,13364.840,0.060
1757368273.798818,13366.910,0.060
1757368273.800886,13368.977,0.060
1757368273.802955,13371.046,0.060
1757368273.805023,13373.114,0.060
1757368273.807092,13375.183,0.060
1757368273.809160,13377.252,0.060
1757368273.811229,13379.321,0.060
1757368273.813298,13381.389,0.060
1757368273.815366,13383.457,0.060
1757368273.817436,13385.527,0.060
1757368273.819506,13387.597,0.060
1757368273.821575,13389.666,0.060
1757368273.823645,13391.736,0.060
1757368273.825714,13393.806,0.060
1757368273.827784,13395.875,0.060
1757368273.829854,13397.946,0.060
1757368273.831924,13400.015,0.060
1757368273.833994,13402.085,0.060
1757368273.836032,13404.123,0.060
1757368273.838101,13406.192,0.060
1757368273.840170,13408.261,0.060
1757368273.842239,13410.331,0.060
1757368273.844306,13412.398,0.060
1757368273.846376,13414.467,0.060
1757368273.848444,13416.536,0.060
1757368273.850513,13418.604,0.060
1757368273.852579,13420.670,0.060
1757368273.854649,13422.740,0.060
1757368273.856716,13424.808,0.060
1757368273.858786,13426.877,0.060
1757368273.860854,13428.945,0.060
1757368273.862923,13431.014,0.060
1757368273.864991,13433.082,0.060
1757368273.867060,13435.151,0.060
1757368273.869129,13437.220,0.060
1757368273.871198,13439.290,0.060
1757368273.873267,13441.358,0.060
1757368273.875337,13443.428,0.060
1757368273.877407,13445.498,0.060
1757368273.879476,13447.567,0.060
1757368273.881545,13449.636,0.060
1757368273.883615,13451.706,0.060
1757368273.885684,13453.775,0.060
1757368273.887754,13455.845,0.060
1757368273.889823,13457.915,0.060
1757368273.891892,13459.983,0.060
1757368273.893961,13462.052,0.060
1757368273.896020,13464.111,0.060
1757368273.898089,13466.180,0.060
1757368273.900157,13468.248,0.060
1757368273.902230,13470.321,0.060
1757368273.904298,13472.389,0.060
1757368273.906367,13474.458,0.060
1757368273.908435,13476.526,0.060
1757368273.910504,13478.595,0.060
1757368273.912573,13480.664,0.060
1757368273.914643,13482.734,0.060
1757368273.916714,13484.805,0.060
1757368273.918782,13486.874,0.060
1757368273.920851,13488.943,0.060
1757368273.922922,13491.013,0.060
1757368273.924989,13493.080,0.060
1757368273.927058,13495.150,0.060
1757368273.929127,13497.218,0.060
1757368273.931196,13499.288,0.060
1757368273.933265,13501.356,0.060
1757368273.935334,13503.425,0.060
1757368273.937404,13505.496,0.060
1757368273.939474,13507.565,0.060
1757368273.941543,13509.634,0.060
1757368273.943612,13511.703,0.060
1757368273.945681,13513.772,0.060
1757368273.947750,13515.841,0.060
1757368273.949820,13517.911,0.060
1757368273.951890,13519.981,0.060
1757368273.953959,13522.051,0.060
1757368273.956026,13524.117,0.060
1757368273.958095,13526.186,0.060
1757368273.960164,13528.255,0.060
1757368273.962233,13530.324,0.060
1757368273.964301,13532.392,0.060
1757368273.966370,13534.461,0.060
1757368273.968439,13536.530,0.060
1757368273.970509,13538.600,0.060
1757368273.972577,13540.668,0.060
1757368273.974648,13542.739,0.060
1757368273.976716,13544.807,0.060
1757368273.978785,13546.876,0.060
1757368273.980852,13548.943,0.060
1757368273.982922,13551.013,0.060
1757368273.985009,13553.100,0.060
1757368273.987084,13555.175,0.060
1757368273.989153,13557.244,0.060
1757368273.991223,13559.314,0.060
1757368273.993291,13561.383,0.060
1757368273.995362,13563.453,0.060
1757368273.997435,13565.526,0.060
1757368273.999504,13567.595,0.060
1757368274.001574,13569.665,0.060
1757368274.003643,13571.734,0.060
1757368274.005713,13573.804,0.060
1757368274.007782,13575.874,0.060
1757368274.009855,13577.946,0.060
1757368274.011925,13580.016,0.060
1757368274.013994,13582.085,0.060
1757368274.016062,13584.153,0.060
1757368274.018132,13586.223,0.060
1757368274.020198,13588.289,0.060
1757368274.022267,13590.358,0.060
1757368274.024335,13592.427,0.060
1757368274.026406,13594.497,0.060
1757368274.028474,13596.565,0.060
1757368274.030543,13598.634,0.060
1757368274.032612,13600.703,0.060
1757368274.034681,13602.772,0.060
1757368274.036748,13604.839,0.060
1757368274.038817,13606.908,0.060
1757368274.040887,13608.978,0.060
1757368274.042956,13611.048,0.060
1757368274.045025,13613.117,0.060
1757368274.047095,13615.186,0.060
1757368274.049164,13617.255,0.060
1757368274.051233,13619.324,0.060
1757368274.053301,13621.392,0.060
1757368274.055371,13623.462,0.060
1757368274.057440,13625.531,0.060
1757368274.059509,13627.600,0.060
1757368274.061578,13629.669,0.060
1757368274.063648,13631.739,0.060
1757368274.065717,13633.808,0.060
1757368274.067786,13635.877,0.060
1757368274.069855,13637.946,0.060
1757368274.071924,13640.015,0.060
1757368274.073992,13642.083,0.060
1757368274.076030,13644.121,0.060
1757368274.078099,13646.190,0.060
1757368274.080168,13648.259,0.060
1757368274.082238,13650.329,0.060
1757368274.084305,13652.396,0.060
1757368274.086374,13654.465,0.060
1757368274.088444,13656.535,0.060
1757368274.090514,13658.605,0.060
1757368274.092580,13660.671,0.060
1757368274.094650,13662.741,0.060
1757368274.096719,13664.810,0.060
1757368274.098788,13666.879,0.060
1757368274.100858,13668.949,0.060
1757368274.102928,13671.019,0.060
1757368274.104996,13673.088,0.060
1757368274.107065,13675.157,0.060
1757368274.109133,13677.224,0.060
1757368274.111202,13679.294,0.060
1757368274.113271,13681.362,0.060
1757368274.115341,13683.432,0.060
1757368274.117412,13685.503,0.060
1757368274.119481,13687.572,0.060
1757368274.121550,13689.641,0.060
1757368274.123621,13691.712,0.060
1757368274.125689,13693.780,0.060
1757368274.127759,13695.850,0.060
1757368274.129829,13697.920,0.060
1757368274.131899,13699.990,0.060
1757368274.133968,13702.060,0.060
1757368274.136023,13704.114,0.060
1757368274.138093,13706.184,0.060
1757368274.140161,13708.252,0.060
1757368274.142231,13710.322,0.060
1757368274.144297,13712.389,0.060
1757368274.146366,13714.457,0.060
1757368274.148436,13716.527,0.060
1757368274.150505,13718.596,0.060
1757368274.152572,13720.663,0.060
1757368274.154642,13722.733,0.060
1757368274.156710,13724.802,0.060
1757368274.158780,13726.871,0.060
1757368274.160849,13728.940,0.060
1757368274.162918,13731.009,0.060
1757368274.164987,13733.078,0.060
1757368274.167057,13735.148,0.060
1757368274.169125,13737.216,0.060
1757368274.171194,13739.285,0.060
1757368274.173265,13741.356,0.060
1757368274.175339,13743.430,0.060
1757368274.177409,13745.500,0.060
1757368274.179478,13747.569,0.060
1757368274.181548,13749.639,0.060
1757368274.183618,13751.709,0.060
1757368274.185687,13753.778,0.060
1757368274.187757,13755.848,0.060
1757368274.189825,13757.916,0.060
1757368274.191895,13759.986,0.060
1757368274.193964,13762.055,0.060
1757368274.196027,13764.118,0.060
1757368274.198096,13766.187,0.060
1757368274.200166,13768.257,0.060
1757368274.202235,13770.326,0.060
1757368274.204302,13772.393,0.060
1757368274.206371,13774.462,0.060
1757368274.208439,13776.531,0.060
1757368274.210508,13778.599,0.060
1757368274.212574,13780.665,0.060
1757368274.214644,13782.735,0.060
1757368274.216713,13784.804,0.060
1757368274.218782,13786.873,0.060
1757368274.220851,13788.943,0.060
1757368274.222920,13791.011,0.060
1757368274.224990,13793.081,0.060
1757368274.227059,13795.150,0.060
1757368274.229127,13797.218,0.060
1757368274.231196,13799.288,0.060
1757368274.233266,13801.358,0.060
1757368274.235336,13803.427,0.060
1757368274.237406,13805.497,0.060
1757368274.239476,13807.567,0.060
1757368274.241545,13809.636,0.060
1757368274.243614,13811.705,0.060
1757368274.245683,13813.774,0.060
1757368274.247753,13815.845,0.060
1757368274.249823,13817.914,0.060
1757368274.251893,13819.984,0.060
1757368274.253963,13822.054,0.060
1757368274.256025,13824.116,0.060
1757368274.258096,13826.187,0.060
1757368274.260164,13828.255,0.060
1757368274.262233,13830.324,0.060
1757368274.264299,13832.390,0.060
1757368274.266368,13834.459,0.060
1757368274.268447,13836.538,0.060
1757368274.270521,13838.612,0.060
1757368274.272590,13840.681,0.060
1757368274.274661,13842.752,0.060
1757368274.276730,13844.821,0.060
1757368274.278800,13846.891,0.060
1757368274.280868,13848.959,0.060
1757368274.282937,13851.028,0.060
1757368274.285004,13853.095,0.060
1757368274.287074,13855.165,0.060
1757368274.289143,13857.234,0.060
1757368274.291212,13859.303,0.060
1757368274.293282,13861.373,0.060
1757368274.295350,13863.441,0.060
1757368274.297421,13865.512,0.060
1757368274.299490,13867.581,0.060
1757368274.301562,13869.653,0.060
1757368274.303631,13871.722,0.060
1757368274.305701,13873.792,0.060
1757368274.307770,13875.861,0.060
1757368274.309840,13877.931,0.060
1757368274.311910,13880.002,0.060
1757368274.313980,13882.071,0.060
1757368274.316024,13884.115,0.060
1757368274.318094,13886.185,0.060
1757368274.320168,13888.259,0.060
1757368274.322237,13890.329,0.060
1757368274.324304,13892.395,0.060
1757368274.326374,13894.465,0.060
1757368274.328447,13896.538,0.060
1757368274.330518,13898.609,0.060
1757368274.332587,13900.678,0.060
1757368274.334657,13902.748,0.060
1757368274.336726,13904.818,0.060
1757368274.338795,13906.886,0.060
1757368274.340863,13908.954,0.060
1757368274.342932,13911.023,0.060
1757368274.344999,13913.090,0.060
1757368274.347068,13915.159,0.060
1757368274.349137,13917.228,0.060
1757368274.351206,13919.297,0.060
1757368274.353278,13921.369,0.060
1757368274.355348,13923.439,0.060
1757368274.357419,13925.510,0.060
1757368274.359488,13927.580,0.060
1757368274.361557,13929.648,0.060
1757368274.363627,13931.718,0.060
1757368274.365696,13933.787,0.060
1757368274.367766,13935.857,0.060
1757368274.369848,13937.939,0.060
1757368274.371917,13940.008,0.060
1757368274.373987,13942.078,0.060
1757368274.376012,13944.103,0.060
1757368274.378069,13946.161,0.060
1757368274.380126,13948.217,0.060
1757368274.382183,13950.274,0.060
1757368274.384240,13952.332,0.060
1757368274.386299,13954.390,0.060
1757368274.388358,13956.449,0.060
1757368274.390416,13958.507,0.060
1757368274.392473,13960.565,0.060
1757368274.394543,13962.634,0.060
1757368274.396603,13964.694,0.060
1757368274.398665,13966.757,0.060
1757368274.400727,13968.818,0.060
1757368274.402788,13970.879,0.060
1757368274.404849,13972.940,0.060
1757368274.406910,13975.001,0.060
1757368274.408972,13977.063,0.060
1757368274.411034,13979.125,0.060
1757368274.413095,13981.186,0.060
1757368274.415158,13983.249,0.060
1757368274.417223,13985.314,0.060
1757368274.419288,13987.379,0.060
1757368274.421353,13989.444,0.060
1757368274.423418,13991.509,0.060
1757368274.425485,13993.577,0.080
1757368274.427552,13995.644,0.080
1757368274.429620,13997.711,0.080
1757368274.431689,13999.780,0.080
1757368274.433760,14001.851,0.080
1757368274.435829,14003.921,0.080
1757368274.437898,14005.990,0.080
1757368274.439968,14008.059,0.080
1757368274.442038,14010.129,0.080
1757368274.444106,14012.197,0.080
1757368274.446176,14014.267,0.080
1757368274.448243,14016.335,0.080
1757368274.450312,14018.403,0.060
1757368274.452379,14020.471,0.060
1757368274.454449,14022.540,0.060
1757368274.456518,14024.610,0.080
1757368274.458588,14026.679,0.060
1757368274.460658,14028.749,0.060
1757368274.462727,14030.818,0.060
1757368274.464800,14032.892,0.060
1757368274.466870,14034.961,0.060
1757368274.468937,14037.028,0.060
1757368274.471006,14039.097,0.060
1757368274.473074,14041.165,0.060
1757368274.475143,14043.234,0.060
1757368274.477210,14045.301,0.060
1757368274.479280,14047.371,0.060
1757368274.481348,14049.439,0.060
1757368274.483417,14051.508,0.060
1757368274.485486,14053.577,0.060
1757368274.487556,14055.647,0.060
1757368274.489624,14057.715,0.060
1757368274.491694,14059.786,0.060
1757368274.493764,14061.856,0.060
1757368274.495834,14063.925,0.060
1757368274.497904,14065.995,0.060
1757368274.499973,14068.064,0.060
1757368274.502043,14070.134,0.060
1757368274.504112,14072.203,0.060
1757368274.506181,14074.273,0.060
1757368274.508251,14076.342,0.060
1757368274.510321,14078.412,0.060
1757368274.512389,14080.480,0.060
1757368274.514460,14082.551,0.060
1757368274.516527,14084.618,0.060
1757368274.518596,14086.688,0.060
1757368274.520664,14088.755,0.060
1757368274.522734,14090.825,0.060
1757368274.524808,14092.899,0.060
1757368274.526878,14094.969,0.060
1757368274.528948,14097.039,0.060
1757368274.531018,14099.109,0.060
1757368274.533087,14101.178,0.060
1757368274.535156,14103.247,0.060
1757368274.537225,14105.316,0.060
1757368274.539294,14107.386,0.060
1757368274.541363,14109.454,0.060
1757368274.543433,14111.524,0.060
1757368274.545502,14113.593,0.060
1757368274.547572,14115.663,0.060
1757368274.549641,14117.732,0.060
1757368274.551710,14119.802,0.060
1757368274.553782,14121.873,0.060
1757368274.555851,14123.942,0.060
1757368274.557920,14126.011,0.060
1757368274.559990,14128.081,0.060
1757368274.562059,14130.150,0.060
1757368274.564127,14132.218,0.060
1757368274.566196,14134.287,0.060
1757368274.568266,14136.357,0.060
1757368274.570335,14138.427,0.060
1757368274.572402,14140.493,0.060
1757368274.574471,14142.562,0.060
1757368274.576539,14144.630,0.060
1757368274.578608,14146.699,0.060
1757368274.580676,14148.767,0.060
1757368274.582745,14150.836,0.060
1757368274.584814,14152.905,0.060
1757368274.586882,14154.974,0.060
1757368274.588951,14157.042,0.060
1757368274.591020,14159.111,0.060
1757368274.593090,14161.181,0.060
1757368274.595159,14163.250,0.060
1757368274.597229,14165.320,0.060
1757368274.599298,14167.389,0.060
1757368274.601367,14169.458,0.060
1757368274.603437,14171.528,0.060
1757368274.605507,14173.598,0.060
1757368274.607577,14175.668,0.060
1757368274.609646,14177.737,0.060
1757368274.611715,14179.806,0.060
1757368274.613785,14181.876,0.060
1757368274.615855,14183.946,0.060
1757368274.617924,14186.015,0.060
1757368274.619993,14188.084,0.060
1757368274.622062,14190.153,0.060
1757368274.624129,14192.220,0.060
1757368274.626199,14194.290,0.060
1757368274.628266,14196.357,0.060
1757368274.630337,14198.428,0.060
1757368274.632404,14200.495,0.060
1757368274.634474,14202.565,0.060
1757368274.636544,14204.635,0.060
1757368274.638614,14206.705,0.060
1757368274.640682,14208.773,0.060
1757368274.642751,14210.842,0.060
1757368274.644820,14212.911,0.060
1757368274.646889,14214.981,0.060
1757368274.648958,14217.050,0.060
1757368274.651029,14219.120,0.060
1757368274.653100,14221.191,0.060
1757368274.655493,14223.584,0.060
1757368274.657581,14225.672,0.060
1757368274.659652,14227.743,0.060
1757368274.661723,14229.814,0.060
1757368274.663793,14231.884,0.060
1757368274.665862,14233.953,0.060
1757368274.667931,14236.022,0.060
1757368274.670001,14238.092,0.060
1757368274.672069,14240.160,0.060
1757368274.674138,14242.229,0.060
1757368274.676208,14244.299,0.060
1757368274.678277,14246.369,0.060
1757368274.680345,14248.436,0.060
1757368274.682414,14250.505,0.060
1757368274.684483,14252.574,0.060
1757368274.686552,14254.643,0.060
1757368274.688619,14256.710,0.060
1757368274.690688,14258.779,0.060
1757368274.692757,14260.848,0.060
1757368274.694827,14262.918,0.060
1757368274.696895,14264.986,0.060
1757368274.698964,14267.055,0.060
1757368274.701033,14269.124,0.060
1757368274.703102,14271.193,0.060
1757368274.705171,14273.262,0.060
1757368274.707241,14275.332,0.060
1757368274.709310,14277.401,0.060
1757368274.711378,14279.469,0.060
1757368274.713449,14281.540,0.060
1757368274.715519,14283.611,0.060
1757368274.717588,14285.680,0.060
1757368274.719658,14287.749,0.060
1757368274.721728,14289.819,0.060
1757368274.723797,14291.888,0.060
1757368274.725867,14293.958,0.060
1757368274.727936,14296.027,0.060
1757368274.730005,14298.096,0.060
1757368274.732071,14300.163,0.060
1757368274.734140,14302.232,0.060
1757368274.736210,14304.302,0.060
1757368274.738280,14306.371,0.060
1757368274.740347,14308.439,0.060
1757368274.742417,14310.508,0.060
1757368274.744486,14312.577,0.060
1757368274.746555,14314.646,0.060
1757368274.748625,14316.716,0.060
1757368274.750694,14318.785,0.060
1757368274.752776,14320.867,0.060
1757368274.754849,14322.940,0.060
1757368274.756918,14325.009,0.060
1757368274.758988,14327.079,0.060
1757368274.761059,14329.150,0.060
1757368274.763128,14331.219,0.060
1757368274.765196,14333.287,0.060
1757368274.767265,14335.356,0.060
1757368274.769333,14337.424,0.060
1757368274.771402,14339.494,0.060
1757368274.773471,14341.562,0.060
1757368274.775540,14343.631,0.060
1757368274.777609,14345.700,0.060
1757368274.779678,14347.769,0.060
1757368274.781747,14349.838,0.060
1757368274.783816,14351.907,0.060
1757368274.785885,14353.976,0.060
1757368274.787954,14356.045,0.060
1757368274.790023,14358.114,0.060
1757368274.792089,14360.181,0.060
1757368274.794158,14362.249,0.060
1757368274.796228,14364.319,0.060
1757368274.798297,14366.388,0.060
1757368274.800363,14368.454,0.060
1757368274.802434,14370.525,0.060
1757368274.804508,14372.599,0.060
1757368274.806577,14374.669,0.060
1757368274.808646,14376.737,0.060
1757368274.810716,14378.807,0.060
1757368274.812786,14380.877,0.060
1757368274.814855,14382.946,0.060
1757368274.816926,14385.017,0.060
1757368274.818995,14387.087,0.060
1757368274.821064,14389.155,0.060
1757368274.823133,14391.224,0.060
1757368274.825201,14393.292,0.060
1757368274.827270,14395.361,0.060
1757368274.829341,14397.433,0.060
1757368274.831412,14399.503,0.060
1757368274.833482,14401.573,0.060
1757368274.835552,14403.643,0.060
1757368274.837621,14405.713,0.060
1757368274.839690,14407.781,0.060
1757368274.841759,14409.850,0.060
1757368274.843829,14411.920,0.060
1757368274.845898,14413.989,0.060
1757368274.847967,14416.058,0.060
1757368274.850037,14418.128,0.060
1757368274.852104,14420.195,0.060
1757368274.854173,14422.264,0.060
1757368274.856242,14424.333,0.060
1757368274.858312,14426.403,0.060
1757368274.860379,14428.470,0.060
1757368274.862448,14430.540,0.060
1757368274.864517,14432.608,0.060
1757368274.866587,14434.678,0.060
1757368274.868654,14436.745,0.060
1757368274.870723,14438.815,0.060
1757368274.872791,14440.882,0.060
1757368274.874861,14442.952,0.060
1757368274.876929,14445.020,0.060
1757368274.878999,14447.090,0.060
1757368274.881068,14449.159,0.060
1757368274.883137,14451.228,0.060
1757368274.885208,14453.299,0.060
1757368274.887278,14455.369,0.060
1757368274.889346,14457.437,0.060
1757368274.891417,14459.508,0.060
1757368274.893485,14461.576,0.060
1757368274.895555,14463.647,0.060
1757368274.897625,14465.716,0.060
1757368274.899693,14467.785,0.060
1757368274.901762,14469.853,0.060
1757368274.903831,14471.922,0.060
1757368274.905900,14473.991,0.060
1757368274.907969,14476.060,0.060
1757368274.910038,14478.129,0.060
1757368274.912103,14480.195,0.060
1757368274.914172,14482.263,0.060
1757368274.916240,14484.332,0.060
1757368274.918309,14486.401,0.060
1757368274.920377,14488.469,0.060
1757368274.922447,14490.539,0.060
1757368274.924515,14492.606,0.060
1757368274.926584,14494.675,0.060
1757368274.928650,14496.741,0.060
1757368274.930719,14498.810,0.060
1757368274.932789,14500.880,0.060
1757368274.934859,14502.950,0.060
1757368274.936926,14505.017,0.060
1757368274.938996,14507.087,0.060
1757368274.941065,14509.156,0.060
1757368274.943134,14511.225,0.060
1757368274.945202,14513.293,0.060
1757368274.947271,14515.362,0.060
1757368274.949340,14517.431,0.060
1757368274.951409,14519.500,0.060
1757368274.953478,14521.569,0.060
1757368274.955547,14523.638,0.060
1757368274.957616,14525.707,0.060
1757368274.959685,14527.776,0.060
1757368274.961754,14529.845,0.060
1757368274.963824,14531.915,0.060
1757368274.965892,14533.983,0.060
1757368274.967961,14536.052,0.060
1757368274.970029,14538.121,0.060
1757368274.972096,14540.188,0.060
1757368274.974166,14542.257,0.060
1757368274.976233,14544.325,0.060
1757368274.978302,14546.393,0.060
1757368274.980370,14548.461,0.060
1757368274.982439,14550.530,0.060
1757368274.984508,14552.599,0.060
1757368274.986577,14554.668,0.060
1757368274.988644,14556.735,0.060
1757368274.990713,14558.805,0.060
1757368274.992781,14560.873,0.060
1757368274.994850,14562.941,0.060
1757368274.996918,14565.009,0.060
1757368274.998987,14567.078,0.060
1757368275.001055,14569.147,0.060
1757368275.003125,14571.216,0.060
1757368275.005194,14573.286,0.060
1757368275.007263,14575.355,0.060
1757368275.009332,14577.423,0.060
1757368275.011401,14579.492,0.060
1757368275.013470,14581.562,0.060
1757368275.015540,14583.631,0.060
1757368275.017609,14585.700,0.060
1757368275.019678,14587.770,0.060
1757368275.021747,14589.838,0.060
1757368275.023816,14591.907,0.060
1757368275.025885,14593.976,0.060
1757368275.027954,14596.045,0.060
1757368275.030024,14598.115,0.060
1757368275.032090,14600.182,0.060
1757368275.034159,14602.250,0.060
1757368275.036227,14604.318,0.060
1757368275.038296,14606.387,0.060
1757368275.040363,14608.454,0.060
1757368275.042431,14610.522,0.060
1757368275.044499,14612.590,0.060
1757368275.046567,14614.659,0.060
1757368275.048635,14616.726,0.060
1757368275.050704,14618.795,0.060
1757368275.052773,14620.864,0.060
1757368275.054843,14622.934,0.060
1757368275.056912,14625.003,0.060
1757368275.058981,14627.073,0.060
1757368275.061051,14629.142,0.060
1757368275.063120,14631.211,0.060
1757368275.065188,14633.280,0.060
1757368275.067258,14635.349,0.060
1757368275.069326,14637.417,0.060
1757368275.071394,14639.486,0.060
1757368275.073464,14641.555,0.060
1757368275.075532,14643.624,0.060
1757368275.077601,14645.693,0.060
1757368275.079670,14647.762,0.060
1757368275.081739,14649.831,0.060
1757368275.083809,14651.900,0.060
1757368275.085877,14653.968,0.060
1757368275.087946,14656.038,0.060
1757368275.090016,14658.107,0.060
1757368275.092082,14660.173,0.060
1757368275.094152,14662.243,0.060
1757368275.096221,14664.312,0.060
1757368275.098290,14666.381,0.060
1757368275.100357,14668.448,0.060
1757368275.102425,14670.516,0.060
1757368275.104494,14672.585,0.060
1757368275.106563,14674.654,0.060
1757368275.108634,14676.726,0.060
1757368275.110703,14678.795,0.060
1757368275.112773,14680.864,0.060
1757368275.114842,14682.933,0.060
1757368275.116910,14685.001,0.060
1757368275.118980,14687.072,0.060
1757368275.121048,14689.139,0.060
1757368275.123117,14691.208,0.060
1757368275.125184,14693.275,0.060
1757368275.127254,14695.345,0.060
1757368275.129322,14697.413,0.060
1757368275.131392,14699.483,0.060
1757368275.133461,14701.552,0.060
1757368275.135530,14703.621,0.060
1757368275.137598,14705.689,0.060
1757368275.139668,14707.759,0.060
1757368275.141738,14709.829,0.060
1757368275.143807,14711.898,0.060
1757368275.145883,14713.974,0.060
1757368275.147956,14716.047,0.060
1757368275.150027,14718.118,0.060
1757368275.152095,14720.186,0.060
1757368275.154164,14722.255,0.060
1757368275.156231,14724.322,0.060
1757368275.158300,14726.391,0.060
1757368275.160367,14728.458,0.060
1757368275.162436,14730.527,0.060
1757368275.164505,14732.597,0.060
1757368275.166574,14734.665,0.060
1757368275.168642,14736.733,0.060
1757368275.170712,14738.803,0.060
1757368275.172780,14740.871,0.060
1757368275.174848,14742.939,0.060
1757368275.176915,14745.007,0.060
1757368275.178984,14747.075,0.060
1757368275.181052,14749.143,0.060
1757368275.183121,14751.213,0.060
1757368275.185191,14753.282,0.060
1757368275.187260,14755.351,0.060
1757368275.189328,14757.419,0.060
1757368275.191397,14759.489,0.060
1757368275.193467,14761.558,0.060
1757368275.195537,14763.628,0.060
1757368275.197606,14765.697,0.060
1757368275.199675,14767.766,0.060
1757368275.201744,14769.835,0.060
1757368275.203815,14771.906,0.060
1757368275.205884,14773.975,0.060
1757368275.207952,14776.043,0.060
1757368275.210022,14778.113,0.060
1757368275.212088,14780.180,0.060
1757368275.214158,14782.249,0.060
1757368275.216226,14784.317,0.060
1757368275.218295,14786.386,0.060
1757368275.220362,14788.454,0.060
1757368275.222431,14790.522,0.060
1757368275.224499,14792.590,0.060
1757368275.226569,14794.660,0.060
1757368275.228637,14796.728,0.060
1757368275.230705,14798.796,0.060
1757368275.232777,14800.869,0.060
1757368275.234846,14802.937,0.060
1757368275.236927,14805.018,0.060
1757368275.239000,14807.091,0.060
1757368275.241072,14809.163,0.060
1757368275.243141,14811.232,0.060
1757368275.245211,14813.302,0.060
1757368275.247280,14815.371,0.060
1757368275.249348,14817.439,0.060
1757368275.251418,14819.509,0.060
1757368275.253489,14821.580,0.060
1757368275.255558,14823.649,0.060
1757368275.257627,14825.719,0.060
1757368275.259697,14827.789,0.060
1757368275.261767,14829.858,0.060
1757368275.263836,14831.928,0.060
1757368275.265905,14833.997,0.060
1757368275.267974,14836.066,0.060
1757368275.270043,14838.134,0.060
1757368275.272110,14840.201,0.060
1757368275.274178,14842.269,0.060
1757368275.276245,14844.336,0.060
1757368275.278314,14846.405,0.060
1757368275.280382,14848.473,0.060
1757368275.282451,14850.542,0.060
1757368275.284519,14852.610,0.060
1757368275.286596,14854.687,0.060
1757368275.288662,14856.754,0.060
1757368275.290732,14858.823,0.060
1757368275.292801,14860.892,0.060
1757368275.294870,14862.961,0.060
1757368275.296938,14865.030,0.060
1757368275.299007,14867.099,0.060
1757368275.301076,14869.167,0.060
1757368275.303145,14871.236,0.060
1757368275.305215,14873.306,0.060
1757368275.307284,14875.375,0.060
1757368275.309351,14877.442,0.060
1757368275.311420,14879.512,0.060
1757368275.313490,14881.581,0.060
1757368275.315559,14883.650,0.060
1757368275.317628,14885.719,0.060
1757368275.319697,14887.788,0.060
1757368275.321767,14889.858,0.060
1757368275.323836,14891.927,0.060
1757368275.325906,14893.997,0.060
1757368275.327975,14896.066,0.060
1757368275.330044,14898.135,0.060
1757368275.332113,14900.204,0.060
1757368275.334184,14902.275,0.060
1757368275.336252,14904.344,0.060
1757368275.338322,14906.413,0.060
1757368275.340389,14908.480,0.060
1757368275.342458,14910.549,0.060
1757368275.344528,14912.619,0.060
1757368275.346596,14914.687,0.060
1757368275.348665,14916.756,0.060
1757368275.350734,14918.825,0.060
1757368275.352802,14920.893,0.060
1757368275.354871,14922.962,0.060
1757368275.356940,14925.031,0.060
1757368275.359009,14927.100,0.060
1757368275.361076,14929.167,0.060
1757368275.363146,14931.237,0.060
1757368275.365217,14933.309,0.060
1757368275.367289,14935.380,0.060
1757368275.369395,14937.487,0.060
1757368275.371469,14939.561,0.060
1757368275.373842,14941.933,0.060
1757368275.375925,14944.016,0.060
1757368275.378000,14946.091,0.060
1757368275.380061,14948.153,0.060
1757368275.382123,14950.215,0.060
1757368275.384184,14952.276,0.060
1757368275.386247,14954.338,0.060
1757368275.388308,14956.399,0.060
1757368275.390377,14958.468,0.060
1757368275.392444,14960.535,0.060
1757368275.394512,14962.603,0.060
1757368275.396577,14964.669,0.060
1757368275.398645,14966.736,0.060
1757368275.400713,14968.804,0.060
1757368275.402780,14970.871,0.060
1757368275.404844,14972.935,0.060
1757368275.406912,14975.003,0.060
1757368275.408979,14977.070,0.060
1757368275.411047,14979.138,0.060
1757368275.413112,14981.204,0.060
1757368275.415180,14983.272,0.060
1757368275.417249,14985.340,0.060
1757368275.419317,14987.409,0.060
1757368275.421386,14989.477,0.060
1757368275.423455,14991.546,0.060
1757368275.425524,14993.615,0.060
1757368275.427593,14995.684,0.060
1757368275.429661,14997.752,0.060
1757368275.431729,14999.820,0.060
1757368275.433800,15001.891,0.060
1757368275.435870,15003.961,0.060
1757368275.437938,15006.029,0.060
1757368275.440019,15008.110,0.060
1757368275.442087,15010.179,0.060
1757368275.444154,15012.245,0.060
1757368275.446233,15014.324,0.060
1757368275.448304,15016.395,0.060
1757368275.450373,15018.464,0.060
1757368275.452441,15020.532,0.060
1757368275.454509,15022.600,0.060
1757368275.456577,15024.668,0.060
1757368275.458646,15026.737,0.060
1757368275.460714,15028.805,0.060
1757368275.462784,15030.875,0.060
1757368275.464852,15032.943,0.060
1757368275.466921,15035.012,0.060
1757368275.468991,15037.082,0.060
1757368275.471060,15039.151,0.060
1757368275.473129,15041.220,0.060
1757368275.475197,15043.288,0.060
1757368275.477265,15045.356,0.060
1757368275.479334,15047.425,0.060
1757368275.481411,15049.502,0.060
1757368275.483480,15051.571,0.060
1757368275.485549,15053.640,0.060
1757368275.487618,15055.709,0.060
1757368275.489687,15057.778,0.060
1757368275.491756,15059.847,0.060
1757368275.493825,15061.916,0.060
1757368275.495894,15063.985,0.060
1757368275.497963,15066.054,0.060
1757368275.500019,15068.110,0.060
1757368275.502088,15070.179,0.060
1757368275.504155,15072.247,0.060
1757368275.506224,15074.316,0.060
1757368275.508292,15076.383,0.060
1757368275.510361,15078.452,0.060
1757368275.512430,15080.521,0.060
1757368275.514499,15082.590,0.060
1757368275.516568,15084.660,0.060
1757368275.518638,15086.729,0.060
1757368275.520707,15088.798,0.060
1757368275.522776,15090.867,0.060
1757368275.524845,15092.936,0.060
1757368275.526914,15095.005,0.060
1757368275.528983,15097.075,0.060
1757368275.531054,15099.146,0.060
1757368275.533122,15101.213,0.060
1757368275.535191,15103.282,0.060
1757368275.537261,15105.353,0.060
1757368275.539331,15107.422,0.060
1757368275.541401,15109.492,0.060
1757368275.543469,15111.561,0.060
1757368275.545539,15113.630,0.060
1757368275.547608,15115.699,0.060
1757368275.549678,15117.769,0.060
1757368275.551748,15119.839,0.060
1757368275.553817,15121.908,0.060
1757368275.555886,15123.977,0.060
1757368275.557955,15126.046,0.060
1757368275.560019,15128.110,0.060
1757368275.562088,15130.179,0.060
1757368275.564157,15132.248,0.060
1757368275.566226,15134.317,0.060
1757368275.568293,15136.384,0.060
1757368275.570363,15138.454,0.060
1757368275.572431,15140.522,0.060
1757368275.574500,15142.591,0.060
1757368275.576567,15144.659,0.060
1757368275.578637,15146.729,0.060
1757368275.580705,15148.796,0.060
1757368275.582774,15150.865,0.060
1757368275.584842,15152.933,0.060
1757368275.586912,15155.003,0.060
1757368275.588980,15157.071,0.060
1757368275.591049,15159.140,0.060
1757368275.593120,15161.211,0.060
1757368275.595190,15163.281,0.060
1757368275.597257,15165.349,0.060
1757368275.599328,15167.419,0.060
1757368275.601397,15169.488,0.060
1757368275.603467,15171.558,0.060
1757368275.605536,15173.628,0.060
1757368275.607605,15175.696,0.060
1757368275.609674,15177.765,0.060
1757368275.611744,15179.835,0.060
1757368275.613813,15181.904,0.060
1757368275.615882,15183.973,0.060
1757368275.617951,15186.042,0.060
1757368275.620028,15188.119,0.060
1757368275.622097,15190.188,0.060
1757368275.624166,15192.257,0.060
1757368275.626238,15194.329,0.060
1757368275.628317,15196.408,0.060
1757368275.630387,15198.478,0.060
1757368275.632455,15200.546,0.060
1757368275.634524,15202.615,0.060
1757368275.636593,15204.684,0.060
1757368275.638662,15206.753,0.060
1757368275.640731,15208.822,0.060
1757368275.642800,15210.891,0.060
1757368275.644866,15212.958,0.060
1757368275.646936,15215.028,0.060
1757368275.649009,15217.100,0.060
1757368275.651078,15219.169,0.060
1757368275.653148,15221.239,0.060
1757368275.655218,15223.309,0.060
1757368275.657286,15225.377,0.060
1757368275.659355,15227.446,0.060
1757368275.661424,15229.515,0.060
1757368275.663493,15231.584,0.060
1757368275.665563,15233.654,0.060
1757368275.667632,15235.723,0.060
1757368275.669701,15237.792,0.060
1757368275.671773,15239.864,0.060
1757368275.673842,15241.933,0.060
1757368275.675911,15244.003,0.060
1757368275.677980,15246.072,0.060
1757368275.680022,15248.113,0.060
1757368275.682091,15250.182,0.060
1757368275.684160,15252.251,0.060
1757368275.686229,15254.320,0.060
1757368275.688297,15256.388,0.060
1757368275.690367,15258.458,0.060
1757368275.692435,15260.526,0.060
1757368275.694503,15262.594,0.060
1757368275.696570,15264.661,0.060
1757368275.698639,15266.730,0.060
1757368275.700708,15268.799,0.060
1757368275.702777,15270.868,0.060
1757368275.704848,15272.939,0.060
1757368275.706918,15275.009,0.060
1757368275.708985,15277.076,0.060
1757368275.711055,15279.146,0.060
1757368275.713123,15281.214,0.060
1757368275.715191,15283.283,0.060
1757368275.717260,15285.351,0.060
1757368275.719330,15287.421,0.060
1757368275.721409,15289.500,0.060
1757368275.723480,15291.572,0.060
1757368275.725551,15293.642,0.060
1757368275.727621,15295.712,0.060
1757368275.729690,15297.781,0.060
1757368275.731760,15299.851,0.060
1757368275.733830,15301.921,0.060
1757368275.735899,15303.990,0.060
1757368275.737969,15306.060,0.060
1757368275.740026,15308.117,0.060
1757368275.742096,15310.187,0.060
1757368275.744164,15312.256,0.060
1757368275.746233,15314.324,0.060
1757368275.748299,15316.390,0.060
1757368275.750369,15318.460,0.060
1757368275.752435,15320.527,0.060
1757368275.754505,15322.596,0.060
1757368275.756571,15324.662,0.060
1757368275.758639,15326.730,0.060
1757368275.760709,15328.800,0.060
1757368275.762779,15330.870,0.060
1757368275.764847,15332.938,0.060
1757368275.766916,15335.007,0.060
1757368275.768987,15337.078,0.060
1757368275.771056,15339.148,0.060
1757368275.773135,15341.226,0.060
1757368275.775209,15343.300,0.060
1757368275.777280,15345.371,0.060
1757368275.779351,15347.442,0.060
1757368275.781422,15349.513,0.060
1757368275.783492,15351.583,0.060
1757368275.785561,15353.652,0.060
1757368275.787630,15355.721,0.060
1757368275.789698,15357.789,0.060
1757368275.791768,15359.859,0.060
1757368275.793837,15361.928,0.060
1757368275.795906,15363.997,0.060
1757368275.797976,15366.067,0.060
1757368275.800020,15368.111,0.060
1757368275.802091,15370.182,0.060
1757368275.804160,15372.251,0.060
1757368275.806229,15374.321,0.060
1757368275.808298,15376.390,0.060
1757368275.810367,15378.458,0.060
1757368275.812435,15380.526,0.060
1757368275.814504,15382.595,0.060
1757368275.816571,15384.663,0.060
1757368275.818642,15386.733,0.060
1757368275.820712,15388.803,0.060
1757368275.822782,15390.873,0.060
1757368275.824850,15392.941,0.060
1757368275.826918,15395.010,0.060
1757368275.828986,15397.078,0.060
1757368275.831056,15399.147,0.060
1757368275.833125,15401.216,0.060
1757368275.835194,15403.285,0.060
1757368275.837262,15405.354,0.060
1757368275.839331,15407.422,0.060
1757368275.841405,15409.496,0.060
1757368275.843475,15411.566,0.060
1757368275.845544,15413.635,0.060
1757368275.847613,15415.704,0.060
1757368275.849683,15417.774,0.060
1757368275.851751,15419.842,0.060
1757368275.853821,15421.912,0.060
1757368275.855893,15423.984,0.060
1757368275.857967,15426.058,0.060
1757368275.860022,15428.113,0.060
1757368275.862090,15430.181,0.060
1757368275.864159,15432.250,0.060
1757368275.866228,15434.319,0.060
1757368275.868295,15436.386,0.060
1757368275.870364,15438.456,0.060
1757368275.872431,15440.522,0.060
1757368275.874501,15442.592,0.060
1757368275.876568,15444.659,0.060
1757368275.878637,15446.728,0.060
1757368275.880705,15448.797,0.060
1757368275.882774,15450.866,0.060
1757368275.884842,15452.933,0.060
1757368275.886912,15455.003,0.060
1757368275.888980,15457.071,0.060
1757368275.891048,15459.140,0.060
1757368275.893117,15461.209,0.060
1757368275.895186,15463.278,0.060
1757368275.897255,15465.346,0.060
1757368275.899323,15467.415,0.060
1757368275.901392,15469.483,0.060
1757368275.903461,15471.552,0.060
1757368275.905531,15473.623,0.060
1757368275.907600,15475.691,0.060
1757368275.909669,15477.760,0.060
1757368275.911739,15479.830,0.060
1757368275.913808,15481.899,0.060
1757368275.915878,15483.969,0.060
1757368275.917947,15486.038,0.060
1757368275.920029,15488.120,0.060
1757368275.922099,15490.190,0.060
1757368275.924168,15492.259,0.060
1757368275.926236,15494.328,0.060
1757368275.928303,15496.394,0.060
1757368275.930373,15498.464,0.060
1757368275.932442,15500.534,0.060
1757368275.934512,15502.603,0.060
1757368275.936581,15504.672,0.060
1757368275.938651,15506.742,0.060
1757368275.940719,15508.810,0.060
1757368275.942788,15510.880,0.060
1757368275.944859,15512.950,0.060
1757368275.946928,15515.019,0.060
1757368275.948996,15517.087,0.060
1757368275.951065,15519.156,0.060
1757368275.953131,15521.223,0.060
1757368275.955201,15523.293,0.060
1757368275.957270,15525.361,0.060
1757368275.959339,15527.430,0.060
1757368275.961407,15529.499,0.060
1757368275.963478,15531.569,0.060
1757368275.965548,15533.639,0.060
1757368275.967617,15535.708,0.060
1757368275.969685,15537.776,0.060
1757368275.971755,15539.846,0.060
1757368275.973823,15541.914,0.060
1757368275.975893,15543.984,0.060
1757368275.977962,15546.053,0.060
1757368275.980028,15548.119,0.060
1757368275.982097,15550.189,0.060
1757368275.984166,15552.257,0.060
1757368275.986235,15554.326,0.060
1757368275.988301,15556.392,0.060
1757368275.990370,15558.461,0.060
1757368275.992439,15560.530,0.060
1757368275.994508,15562.599,0.060
1757368275.996577,15564.668,0.060
1757368275.998647,15566.738,0.060
1757368276.000715,15568.807,0.060
1757368276.002784,15570.875,0.060
1757368276.004851,15572.942,0.060
1757368276.006921,15575.012,0.060
1757368276.008988,15577.080,0.060
1757368276.011058,15579.149,0.060
1757368276.013125,15581.216,0.060
1757368276.015194,15583.285,0.060
1757368276.017263,15585.354,0.060
1757368276.019333,15587.424,0.060
1757368276.021402,15589.493,0.060
1757368276.023472,15591.563,0.060
1757368276.025541,15593.632,0.060
1757368276.027610,15595.701,0.060
1757368276.029679,15597.770,0.060
1757368276.031749,15599.840,0.060
1757368276.033818,15601.910,0.060
1757368276.035888,15603.979,0.060
1757368276.037957,15606.049,0.060
1757368276.040026,15608.117,0.060
1757368276.042095,15610.187,0.060
1757368276.044164,15612.255,0.060
1757368276.046233,15614.324,0.060
1757368276.048300,15616.391,0.060
1757368276.050369,15618.460,0.060
1757368276.052438,15620.529,0.060
1757368276.054507,15622.598,0.060
1757368276.056576,15624.667,0.060
1757368276.058645,15626.736,0.060
1757368276.060714,15628.805,0.060
1757368276.062783,15630.874,0.060
1757368276.064851,15632.942,0.060
1757368276.066921,15635.012,0.060
1757368276.068993,15637.084,0.060
1757368276.071063,15639.154,0.060
1757368276.073132,15641.223,0.060
1757368276.075201,15643.292,0.060
1757368276.077269,15645.360,0.060
1757368276.079338,15647.429,0.060
1757368276.081410,15649.501,0.060
1757368276.083479,15651.571,0.060
1757368276.085549,15653.640,0.060
1757368276.087618,15655.710,0.060
1757368276.089687,15657.778,0.060
1757368276.091757,15659.848,0.060
1757368276.093826,15661.917,0.060
1757368276.095897,15663.988,0.060
1757368276.097965,15666.057,0.060
1757368276.100028,15668.119,0.060
1757368276.102098,15670.189,0.060
1757368276.104167,15672.259,0.060
1757368276.106237,15674.328,0.060
1757368276.108305,15676.396,0.060
1757368276.110374,15678.465,0.060
1757368276.112500,15680.591,0.060
1757368276.114594,15682.685,0.060
1757368276.116666,15684.757,0.060
1757368276.118738,15686.829,0.060
1757368276.120807,15688.898,0.060
1757368276.122876,15690.967,0.060
1757368276.124945,15693.036,0.060
1757368276.127018,15695.109,0.060
1757368276.129086,15697.177,0.060
1757368276.131155,15699.247,0.060
1757368276.133225,15701.316,0.060
1757368276.135294,15703.385,0.060
1757368276.137366,15705.457,0.060
1757368276.139436,15707.527,0.060
1757368276.141505,15709.597,0.060
1757368276.143575,15711.666,0.060
1757368276.145644,15713.735,0.060
1757368276.147713,15715.804,0.060
1757368276.149782,15717.873,0.060
1757368276.151851,15719.943,0.060
1757368276.153920,15722.011,0.060
1757368276.155989,15724.081,0.060
1757368276.158058,15726.149,0.060
1757368276.160126,15728.217,0.060
1757368276.162195,15730.286,0.060
1757368276.164264,15732.355,0.060
1757368276.166333,15734.424,0.060
1757368276.168401,15736.492,0.060
1757368276.170471,15738.562,0.060
1757368276.172544,15740.635,0.060
1757368276.174614,15742.705,0.060
1757368276.176680,15744.771,0.060
1757368276.178749,15746.840,0.060
1757368276.180819,15748.910,0.060
1757368276.182889,15750.980,0.060
1757368276.184957,15753.048,0.060
1757368276.187027,15755.118,0.060
1757368276.189096,15757.187,0.060
1757368276.191166,15759.257,0.060
1757368276.193235,15761.326,0.060
1757368276.195304,15763.396,0.060
1757368276.197374,15765.465,0.060
1757368276.199443,15767.534,0.060
1757368276.201512,15769.603,0.060
1757368276.203581,15771.672,0.060
1757368276.205655,15773.746,0.060
1757368276.207726,15775.817,0.060
1757368276.209795,15777.887,0.060
1757368276.211865,15779.957,0.060
1757368276.213935,15782.026,0.060
1757368276.216026,15784.117,0.060
1757368276.218096,15786.187,0.060
1757368276.220164,15788.255,0.060
1757368276.222233,15790.324,0.060
1757368276.224302,15792.393,0.060
1757368276.226371,15794.462,0.060
1757368276.228437,15796.528,0.060
1757368276.230505,15798.597,0.060
1757368276.232573,15800.664,0.060
1757368276.234642,15802.733,0.060
1757368276.236711,15804.802,0.060
1757368276.238779,15806.870,0.060
1757368276.240848,15808.939,0.060
1757368276.242917,15811.008,0.060
1757368276.244986,15813.077,0.060
1757368276.247056,15815.147,0.060
1757368276.249124,15817.215,0.060
1757368276.251193,15819.284,0.060
1757368276.253261,15821.352,0.060
1757368276.255330,15823.421,0.060
1757368276.257408,15825.499,0.060
1757368276.259480,15827.571,0.060
1757368276.261551,15829.642,0.060
1757368276.263622,15831.713,0.060
1757368276.265691,15833.782,0.060
1757368276.267762,15835.853,0.060
1757368276.269832,15837.923,0.060
1757368276.271903,15839.994,0.060
1757368276.273973,15842.064,0.060
1757368276.276027,15844.118,0.060
1757368276.278096,15846.188,0.060
1757368276.280166,15848.257,0.060
1757368276.282235,15850.327,0.060
1757368276.284303,15852.394,0.060
1757368276.286372,15854.464,0.060
1757368276.288441,15856.532,0.060
1757368276.290510,15858.601,0.060
1757368276.292578,15860.669,0.060
1757368276.294647,15862.738,0.060
1757368276.296716,15864.807,0.060
1757368276.298785,15866.876,0.060
1757368276.300852,15868.943,0.060
1757368276.302923,15871.014,0.060
1757368276.304992,15873.083,0.060
1757368276.307061,15875.152,0.060
1757368276.309129,15877.220,0.060
1757368276.311198,15879.289,0.060
1757368276.313267,15881.358,0.060
1757368276.315335,15883.426,0.060
1757368276.317405,15885.496,0.060
1757368276.319475,15887.566,0.060
1757368276.321544,15889.635,0.060
1757368276.323613,15891.704,0.060
1757368276.325682,15893.774,0.060
1757368276.327751,15895.843,0.060
1757368276.329820,15897.912,0.060
1757368276.331891,15899.982,0.060
1757368276.333961,15902.053,0.060
1757368276.336020,15904.112,0.060
1757368276.338090,15906.182,0.060
1757368276.340159,15908.251,0.060
1757368276.342229,15910.320,0.060
1757368276.344296,15912.387,0.060
1757368276.346365,15914.456,0.060
1757368276.348434,15916.525,0.060
1757368276.350503,15918.594,0.060
1757368276.352572,15920.663,0.060
1757368276.354641,15922.732,0.060
1757368276.356709,15924.800,0.060
1757368276.358777,15926.868,0.060
1757368276.360843,15928.935,0.060
1757368276.362913,15931.005,0.060
1757368276.364981,15933.073,0.060
1757368276.367050,15935.142,0.060
1757368276.369119,15937.210,0.060
1757368276.371188,15939.279,0.060
1757368276.373256,15941.347,0.060
1757368276.375326,15943.417,0.060
1757368276.377398,15945.489,0.060
1757368276.379492,15947.583,0.060
1757368276.381578,15949.669,0.060
1757368276.383647,15951.738,0.060
1757368276.385710,15953.801,0.060
1757368276.387774,15955.865,0.060
1757368276.389834,15957.926,0.060
1757368276.391896,15959.988,0.060
1757368276.393955,15962.046,0.060
1757368276.396006,15964.097,0.060
1757368276.398066,15966.157,0.060
1757368276.400124,15968.215,0.060
1757368276.402183,15970.274,0.060
1757368276.404243,15972.334,0.060
1757368276.406302,15974.393,0.060
1757368276.408360,15976.451,0.060
1757368276.410421,15978.512,0.060
1757368276.412481,15980.572,0.060
1757368276.414543,15982.634,0.060
1757368276.416606,15984.697,0.060
1757368276.418670,15986.761,0.060
1757368276.420733,15988.824,0.060
1757368276.422795,15990.886,0.060
1757368276.424858,15992.949,0.060
1757368276.426923,15995.014,0.060
1757368276.428988,15997.079,0.060
1757368276.431056,15999.147,0.060
1757368276.433122,16001.213,0.060
1757368276.435192,16003.283,0.060
1757368276.437258,16005.349,0.060
1757368276.439325,16007.416,0.060
1757368276.441396,16009.487,0.060
1757368276.443466,16011.557,0.060
1757368276.445535,16013.626,0.060
1757368276.447604,16015.695,0.060
1757368276.449673,16017.765,0.060
1757368276.451744,16019.835,0.060
1757368276.453813,16021.904,0.060
1757368276.455882,16023.973,0.060
1757368276.457952,16026.043,0.060
1757368276.460024,16028.115,0.060
1757368276.462094,16030.185,0.060
1757368276.464163,16032.254,0.060
1757368276.466232,16034.323,0.060
1757368276.468299,16036.390,0.060
1757368276.470369,16038.460,0.060
1757368276.472439,16040.530,0.060
1757368276.474509,16042.600,0.060
1757368276.476578,16044.669,0.060
1757368276.478647,16046.739,0.060
1757368276.480717,16048.808,0.060
1757368276.482786,16050.877,0.060
1757368276.484854,16052.945,0.060
1757368276.486923,16055.014,0.060
1757368276.488992,16057.083,0.060
1757368276.491064,16059.155,0.060
1757368276.493131,16061.222,0.060
1757368276.495200,16063.291,0.060
1757368276.497269,16065.360,0.060
1757368276.499338,16067.429,0.060
1757368276.501409,16069.500,0.060
1757368276.503478,16071.569,0.060
1757368276.505547,16073.638,0.060
1757368276.507616,16075.707,0.060
1757368276.509685,16077.776,0.060
1757368276.511755,16079.846,0.060
1757368276.513824,16081.915,0.060
1757368276.515893,16083.984,0.060
1757368276.517963,16086.054,0.060
1757368276.520026,16088.117,0.060
1757368276.522096,16090.187,0.060
1757368276.524164,16092.256,0.060
1757368276.526234,16094.325,0.060
1757368276.528301,16096.392,0.060
1757368276.530370,16098.461,0.060
1757368276.532439,16100.531,0.060
1757368276.534508,16102.600,0.060
1757368276.536577,16104.669,0.060
1757368276.538646,16106.738,0.060
1757368276.540716,16108.807,0.060
1757368276.542785,16110.876,0.060
1757368276.544853,16112.944,0.060
1757368276.546923,16115.014,0.060
1757368276.548994,16117.085,0.060
1757368276.551064,16119.155,0.060
1757368276.553131,16121.222,0.060
1757368276.555201,16123.292,0.060
1757368276.557273,16125.364,0.060
1757368276.559343,16127.434,0.060
1757368276.561413,16129.504,0.060
1757368276.563482,16131.573,0.060
1757368276.565551,16133.642,0.060
1757368276.567621,16135.712,0.060
1757368276.569691,16137.782,0.060
1757368276.571763,16139.854,0.060
1757368276.573832,16141.923,0.060
1757368276.575902,16143.993,0.060
1757368276.577971,16146.062,0.060
1757368276.580027,16148.118,0.060
1757368276.582097,16150.188,0.060
1757368276.584165,16152.256,0.060
1757368276.586233,16154.325,0.060
1757368276.588300,16156.392,0.060
1757368276.590370,16158.461,0.060
1757368276.592438,16160.529,0.060
1757368276.594507,16162.598,0.060
1757368276.596575,16164.667,0.060
1757368276.598984,16167.076,0.060
1757368276.601065,16169.156,0.060
1757368276.603137,16171.229,0.060
1757368276.605214,16173.305,0.060
1757368276.607306,16175.397,0.060
1757368276.609379,16177.470,0.060
1757368276.611450,16179.541,0.060
1757368276.613520,16181.611,0.060
1757368276.615590,16183.681,0.060
1757368276.617659,16185.750,0.060
1757368276.619730,16187.821,0.060
1757368276.621799,16189.891,0.060
1757368276.623870,16191.961,0.060
1757368276.625938,16194.029,0.060
1757368276.628016,16196.107,0.060
1757368276.630086,16198.178,0.060
1757368276.632154,16200.245,0.060
1757368276.634222,16202.313,0.060
1757368276.636288,16204.380,0.060
1757368276.638358,16206.449,0.060
1757368276.640425,16208.516,0.060
1757368276.642495,16210.586,0.060
1757368276.644563,16212.654,0.060
1757368276.646633,16214.724,0.060
1757368276.648703,16216.794,0.060
1757368276.650772,16218.863,0.060
1757368276.652842,16220.933,0.060
1757368276.654911,16223.002,0.060
1757368276.656983,16225.074,0.060
1757368276.659053,16227.144,0.060
1757368276.661122,16229.213,0.060
1757368276.663192,16231.283,0.060
1757368276.665260,16233.351,0.060
1757368276.667330,16235.421,0.060
1757368276.669400,16237.491,0.060
1757368276.671469,16239.560,0.060
1757368276.673538,16241.629,0.060
1757368276.675608,16243.699,0.060
1757368276.677678,16245.769,0.060
1757368276.679748,16247.839,0.060
1757368276.681823,16249.914,0.060
1757368276.683893,16251.984,0.060
1757368276.685962,16254.054,0.060
1757368276.688029,16256.120,0.060
1757368276.690109,16258.200,0.060
1757368276.692182,16260.273,0.060
1757368276.694252,16262.344,0.060
1757368276.696320,16264.411,0.060
1757368276.698390,16266.481,0.060
1757368276.700458,16268.549,0.060
1757368276.702528,16270.619,0.060
1757368276.704597,16272.688,0.060
1757368276.706667,16274.758,0.060
1757368276.708736,16276.828,0.060
1757368276.710805,16278.897,0.060
1757368276.712877,16280.968,0.060
1757368276.714946,16283.037,0.060
1757368276.717015,16285.106,0.060
1757368276.719084,16287.175,0.060
1757368276.721151,16289.242,0.060
1757368276.723222,16291.313,0.060
1757368276.725291,16293.382,0.060
1757368276.727360,16295.452,0.060
1757368276.729429,16297.521,0.060
1757368276.731499,16299.590,0.060
1757368276.733568,16301.660,0.060
1757368276.735639,16303.730,0.060
1757368276.737708,16305.799,0.060
1757368276.739787,16307.878,0.060
1757368276.741861,16309.952,0.060
1757368276.743930,16312.021,0.060
1757368276.746000,16314.091,0.060
1757368276.748066,16316.157,0.060
1757368276.750136,16318.227,0.060
1757368276.752206,16320.297,0.060
1757368276.754276,16322.367,0.060
1757368276.756342,16324.433,0.060
1757368276.758411,16326.502,0.060
1757368276.760479,16328.570,0.060
1757368276.762548,16330.639,0.060
1757368276.764617,16332.708,0.060
1757368276.766686,16334.777,0.060
1757368276.768753,16336.844,0.060
1757368276.770822,16338.913,0.060
1757368276.772890,16340.981,0.060
1757368276.774959,16343.050,0.060
1757368276.777030,16345.121,0.060
1757368276.779099,16347.190,0.060
1757368276.781168,16349.259,0.060
1757368276.783238,16351.329,0.060
1757368276.785305,16353.396,0.060
1757368276.787374,16355.465,0.060
1757368276.789444,16357.535,0.060
1757368276.791514,16359.605,0.060
1757368276.793583,16361.674,0.060
1757368276.795653,16363.744,0.060
1757368276.797724,16365.816,0.060
1757368276.799794,16367.885,0.060
1757368276.801864,16369.955,0.060
1757368276.803937,16372.028,0.060
1757368276.806006,16374.098,0.060
1757368276.808073,16376.164,0.060
1757368276.810141,16378.232,0.060
1757368276.812210,16380.301,0.060
1757368276.814279,16382.370,0.060
1757368276.816347,16384.438,0.060
1757368276.818417,16386.508,0.060
1757368276.820488,16388.579,0.060
1757368276.822561,16390.652,0.060
1757368276.824628,16392.719,0.060
1757368276.826701,16394.792,0.060
1757368276.828772,16396.863,0.060
1757368276.830841,16398.932,0.060
1757368276.832908,16400.999,0.060
1757368276.834978,16403.069,0.060
1757368276.837047,16405.138,0.060
1757368276.839116,16407.207,0.060
1757368276.841185,16409.276,0.060
1757368276.843254,16411.345,0.060
1757368276.845323,16413.414,0.060
1757368276.847392,16415.483,0.060
1757368276.849462,16417.553,0.060
1757368276.851531,16419.622,0.060
1757368276.853600,16421.691,0.060
1757368276.855669,16423.761,0.060
1757368276.857738,16425.829,0.060
1757368276.859808,16427.899,0.060
1757368276.861877,16429.969,0.060
1757368276.863947,16432.038,0.060
1757368276.866017,16434.108,0.060
1757368276.868085,16436.176,0.060
1757368276.870155,16438.246,0.060
1757368276.872222,16440.313,0.060
1757368276.874291,16442.383,0.060
1757368276.876359,16444.451,0.060
1757368276.878429,16446.520,0.060
1757368276.880501,16448.592,0.060
1757368276.882570,16450.661,0.060
1757368276.884637,16452.728,0.060
1757368276.886705,16454.797,0.060
1757368276.888774,16456.865,0.060
1757368276.890843,16458.934,0.060
1757368276.892912,16461.003,0.060
1757368276.894982,16463.073,0.060
1757368276.897050,16465.142,0.060
1757368276.899119,16467.210,0.060
1757368276.901191,16469.282,0.060
1757368276.903261,16471.352,0.060
1757368276.905331,16473.422,0.060
1757368276.907399,16475.490,0.060
1757368276.909468,16477.559,0.060
1757368276.911538,16479.629,0.060
1757368276.913606,16481.698,0.060
1757368276.915676,16483.767,0.060
1757368276.917745,16485.836,0.060
1757368276.919814,16487.905,0.060
1757368276.921883,16489.974,0.060
1757368276.923953,16492.044,0.060
1757368276.926022,16494.113,0.060
1757368276.928089,16496.180,0.060
1757368276.930158,16498.249,0.060
1757368276.932227,16500.318,0.060
1757368276.934296,16502.387,0.060
1757368276.936366,16504.457,0.060
1757368276.938435,16506.526,0.060
1757368276.940504,16508.595,0.060
1757368276.942574,16510.665,0.060
1757368276.944640,16512.731,0.060
1757368276.946709,16514.800,0.060
1757368276.948777,16516.868,0.060
1757368276.950846,16518.938,0.060
1757368276.952915,16521.006,0.060
1757368276.954984,16523.075,0.060
1757368276.957052,16525.143,0.060
1757368276.959121,16527.212,0.060
1757368276.961189,16529.280,0.060
1757368276.963259,16531.350,0.060
1757368276.965327,16533.418,0.060
1757368276.967396,16535.488,0.060
1757368276.969467,16537.559,0.060
1757368276.971536,16539.628,0.060
1757368276.973606,16541.697,0.060
1757368276.975676,16543.767,0.060
1757368276.977746,16545.837,0.060
1757368276.979815,16547.907,0.060
1757368276.981888,16549.979,0.060
1757368276.983957,16552.048,0.060
1757368276.986040,16554.131,0.060
1757368276.988106,16556.197,0.060
1757368276.990175,16558.266,0.060
1757368276.992244,16560.335,0.060
1757368276.994314,16562.405,0.060
1757368276.996380,16564.471,0.060
1757368276.998449,16566.540,0.060
1757368277.000520,16568.612,0.060
1757368277.002590,16570.682,0.060
1757368277.004658,16572.750,0.060
1757368277.006727,16574.818,0.060
1757368277.008794,16576.885,0.060
1757368277.010862,16578.953,0.060
1757368277.012929,16581.021,0.060
1757368277.014997,16583.088,0.060
1757368277.017064,16585.155,0.060
1757368277.019131,16587.222,0.060
1757368277.021197,16589.288,0.060
1757368277.023264,16591.355,0.060
1757368277.025331,16593.422,0.060
1757368277.027399,16595.490,0.060
1757368277.029466,16597.558,0.060
1757368277.031535,16599.627,0.060
1757368277.033602,16601.694,0.060
1757368277.035671,16603.762,0.060
1757368277.037739,16605.830,0.060
1757368277.039808,16607.899,0.060
1757368277.041876,16609.967,0.060
1757368277.043944,16612.036,0.060
1757368277.046015,16614.106,0.060
1757368277.048081,16616.173,0.060
1757368277.050150,16618.242,0.060
1757368277.052218,16620.309,0.060
1757368277.054286,16622.377,0.060
1757368277.056353,16624.444,0.060
1757368277.058423,16626.514,0.060
1757368277.060492,16628.583,0.060
1757368277.062561,16630.652,0.060
1757368277.064629,16632.720,0.060
1757368277.066699,16634.790,0.080
1757368277.068767,16636.858,0.080
1757368277.070837,16638.928,0.080
1757368277.072905,16640.996,0.080
1757368277.074975,16643.066,0.080
1757368277.077044,16645.135,0.080
1757368277.079113,16647.204,0.080
1757368277.081179,16649.270,0.080
1757368277.083251,16651.342,0.080
1757368277.085337,16653.428,0.080
1757368277.087410,16655.501,0.080
1757368277.089483,16657.574,0.080
1757368277.091553,16659.644,0.080
1757368277.093624,16661.715,0.080
1757368277.095693,16663.784,0.080
1757368277.097765,16665.856,0.080
1757368277.099838,16667.930,0.080
1757368277.101907,16669.998,0.080
1757368277.103977,16672.068,0.080
1757368277.106047,16674.138,0.080
1757368277.108114,16676.205,0.080
1757368277.110182,16678.273,0.080
1757368277.112249,16680.340,0.080
1757368277.114317,16682.408,0.080
1757368277.116384,16684.475,0.080
1757368277.118454,16686.546,0.080
1757368277.120523,16688.615,0.080
1757368277.122592,16690.684,0.080
1757368277.124659,16692.750,0.080
1757368277.126728,16694.819,0.080
1757368277.128796,16696.887,0.080
1757368277.130865,16698.956,0.080
1757368277.132931,16701.022,0.080
1757368277.135000,16703.091,0.080
1757368277.137069,16705.160,0.080
1757368277.139138,16707.229,0.060
1757368277.141206,16709.297,0.060
1757368277.143275,16711.366,0.060
1757368277.145344,16713.435,0.060
1757368277.147413,16715.504,0.060
1757368277.149482,16717.574,0.060
1757368277.151551,16719.643,0.060
1757368277.153623,16721.714,0.060
1757368277.155691,16723.782,0.060
1757368277.157760,16725.851,0.060
1757368277.159828,16727.919,0.060
1757368277.161896,16729.988,0.060
1757368277.163965,16732.056,0.060
1757368277.166034,16734.125,0.060
1757368277.168101,16736.192,0.060
1757368277.170170,16738.261,0.060
1757368277.172238,16740.329,0.060
1757368277.174311,16742.402,0.060
1757368277.176379,16744.470,0.060
1757368277.178448,16746.540,0.060
1757368277.180518,16748.610,0.060
1757368277.182588,16750.679,0.060
1757368277.184654,16752.745,0.060
1757368277.186726,16754.817,0.060
1757368277.188794,16756.885,0.060
1757368277.190863,16758.954,0.060
1757368277.192931,16761.022,0.060
1757368277.194999,16763.091,0.060
1757368277.197067,16765.159,0.060
1757368277.199136,16767.228,0.060
1757368277.201205,16769.296,0.060
1757368277.203274,16771.366,0.060
1757368277.205343,16773.434,0.060
1757368277.207412,16775.503,0.060
1757368277.209481,16777.573,0.060
1757368277.211551,16779.642,0.060
1757368277.213620,16781.711,0.060
1757368277.215689,16783.780,0.060
1757368277.217759,16785.850,0.060
1757368277.219828,16787.919,0.060
1757368277.221897,16789.988,0.060
1757368277.223967,16792.058,0.060
1757368277.226037,16794.128,0.060
1757368277.228105,16796.196,0.060
1757368277.230173,16798.265,0.060
1757368277.232239,16800.330,0.060
1757368277.234308,16802.399,0.060
1757368277.236377,16804.468,0.060
1757368277.238445,16806.536,0.060
1757368277.240514,16808.605,0.060
1757368277.242583,16810.674,0.060
1757368277.244648,16812.740,0.060
1757368277.246717,16814.808,0.060
1757368277.248786,16816.877,0.060
1757368277.250855,16818.947,0.060
1757368277.252924,16821.016,0.060
1757368277.254993,16823.084,0.060
1757368277.257061,16825.153,0.060
1757368277.259130,16827.222,0.060
1757368277.261200,16829.291,0.060
1757368277.263269,16831.361,0.060
1757368277.265336,16833.427,0.060
1757368277.267405,16835.496,0.060
1757368277.269474,16837.565,0.060
1757368277.271543,16839.634,0.060
1757368277.273612,16841.703,0.060
1757368277.275681,16843.773,0.060
1757368277.277751,16845.842,0.060
1757368277.279821,16847.912,0.060
1757368277.281890,16849.982,0.060
1757368277.283958,16852.050,0.060
1757368277.286028,16854.119,0.060
1757368277.288095,16856.186,0.060
1757368277.290167,16858.258,0.060
1757368277.292236,16860.327,0.060
1757368277.294306,16862.397,0.060
1757368277.296372,16864.463,0.060
1757368277.298441,16866.532,0.060
1757368277.300508,16868.599,0.060
1757368277.302577,16870.668,0.060
1757368277.304648,16872.739,0.060
1757368277.306719,16874.810,0.060
1757368277.308787,16876.878,0.060
1757368277.310856,16878.947,0.060
1757368277.312928,16881.019,0.060
1757368277.314997,16883.088,0.060
1757368277.317066,16885.158,0.060
1757368277.319136,16887.227,0.060
1757368277.321205,16889.296,0.060
1757368277.323274,16891.365,0.060
1757368277.325343,16893.435,0.060
1757368277.327412,16895.504,0.060
1757368277.329483,16897.574,0.060
1757368277.331552,16899.643,0.060
1757368277.333621,16901.712,0.060
1757368277.335690,16903.781,0.060
1757368277.337759,16905.850,0.060
1757368277.339828,16907.919,0.060
1757368277.341898,16909.989,0.060
1757368277.343967,16912.059,0.060
1757368277.346037,16914.128,0.060
1757368277.348104,16916.195,0.060
1757368277.350174,16918.265,0.060
1757368277.352240,16920.331,0.060
1757368277.354311,16922.402,0.060
1757368277.356378,16924.469,0.060
1757368277.358447,16926.538,0.060
1757368277.360515,16928.606,0.060
1757368277.362585,16930.676,0.060
1757368277.364653,16932.745,0.060
1757368277.366723,16934.814,0.060
1757368277.368792,16936.883,0.060
1757368277.370861,16938.952,0.060
1757368277.372930,16941.021,0.060
1757368277.374999,16943.090,0.060
1757368277.377067,16945.158,0.060
1757368277.379137,16947.228,0.060
1757368277.381206,16949.297,0.060
1757368277.383527,16951.618,0.060
1757368277.385605,16953.696,0.060
1757368277.387671,16955.762,0.060
1757368277.389729,16957.820,0.060
1757368277.391787,16959.878,0.060
1757368277.393845,16961.936,0.060
1757368277.395902,16963.994,0.060
1757368277.397960,16966.051,0.060
1757368277.400008,16968.099,0.060
1757368277.402067,16970.158,0.060
1757368277.404126,16972.218,0.060
1757368277.406187,16974.278,0.060
1757368277.408245,16976.336,0.060
1757368277.410305,16978.396,0.060
1757368277.412364,16980.455,0.080
1757368277.414423,16982.514,0.080
1757368277.416483,16984.574,0.080
1757368277.418544,16986.635,0.080
1757368277.420605,16988.697,0.080
1757368277.422668,16990.760,0.080
1757368277.424730,16992.821,0.080
1757368277.426795,16994.886,0.080
1757368277.428859,16996.950,0.080
1757368277.430925,16999.016,0.080
1757368277.432989,17001.080,0.080
1757368277.435053,17003.144,0.080
1757368277.437119,17005.210,0.080
1757368277.439188,17007.279,0.080
1757368277.441254,17009.345,0.080
1757368277.443321,17011.412,0.080
1757368277.445390,17013.481,0.080
1757368277.447460,17015.551,0.080
1757368277.449533,17017.624,0.080
1757368277.451602,17019.693,0.080
1757368277.453671,17021.762,0.080
1757368277.455740,17023.832,0.080
1757368277.457810,17025.901,0.080
1757368277.459879,17027.970,0.080
1757368277.461949,17030.040,0.080
1757368277.464025,17032.117,0.080
1757368277.466095,17034.186,0.080
1757368277.468163,17036.255,0.080
1757368277.470232,17038.323,0.080
1757368277.472300,17040.391,0.080
1757368277.474369,17042.460,0.080
1757368277.476436,17044.527,0.080
1757368277.478505,17046.596,0.080
1757368277.480572,17048.663,0.080
1757368277.482641,17050.732,0.080
1757368277.484709,17052.800,0.080
1757368277.486778,17054.869,0.080
1757368277.488846,17056.937,0.080
1757368277.490915,17059.006,0.080
1757368277.492984,17061.075,0.080
1757368277.495054,17063.145,0.080
1757368277.497122,17065.213,0.080
1757368277.499191,17067.282,0.080
1757368277.501259,17069.350,0.080
1757368277.503328,17071.419,0.080
1757368277.505398,17073.489,0.080
1757368277.507467,17075.558,0.080
1757368277.509535,17077.626,0.080
1757368277.511605,17079.696,0.080
1757368277.513674,17081.765,0.080
1757368277.515743,17083.834,0.080
1757368277.517811,17085.902,0.080
1757368277.519879,17087.970,0.080
1757368277.521948,17090.039,0.080
1757368277.524019,17092.110,0.080
1757368277.526089,17094.180,0.080
1757368277.528157,17096.248,0.080
1757368277.530227,17098.318,0.080
1757368277.532295,17100.386,0.080
1757368277.534364,17102.456,0.080
1757368277.536432,17104.523,0.080
1757368277.538501,17106.592,0.080
1757368277.540569,17108.660,0.060
1757368277.542638,17110.729,0.060
1757368277.544706,17112.797,0.060
1757368277.546775,17114.866,0.060
1757368277.548844,17116.935,0.060
1757368277.550913,17119.004,0.060
1757368277.552982,17121.073,0.060
1757368277.555051,17123.142,0.060
1757368277.557120,17125.211,0.060
1757368277.559189,17127.280,0.060
1757368277.561257,17129.348,0.060
1757368277.563326,17131.417,0.060
1757368277.565441,17133.532,0.060
1757368277.567527,17135.618,0.060
1757368277.569599,17137.690,0.060
1757368277.571671,17139.762,0.060
1757368277.573740,17141.832,0.060
1757368277.575810,17143.901,0.060
1757368277.577880,17145.972,0.060
1757368277.579949,17148.040,0.060
1757368277.582019,17150.110,0.060
1757368277.584086,17152.177,0.060
1757368277.586157,17154.248,0.060
1757368277.588223,17156.314,0.060
1757368277.590293,17158.384,0.060
1757368277.592362,17160.453,0.060
1757368277.594431,17162.523,0.060
1757368277.596501,17164.593,0.060
1757368277.598572,17166.663,0.060
1757368277.600641,17168.732,0.060
1757368277.602709,17170.800,0.060
1757368277.604779,17172.870,0.060
1757368277.606849,17174.940,0.060
1757368277.608922,17177.013,0.060
1757368277.610991,17179.082,0.060
1757368277.613060,17181.151,0.060
1757368277.615131,17183.222,0.060
1757368277.617199,17185.290,0.060
1757368277.619269,17187.360,0.060
1757368277.621337,17189.428,0.060
1757368277.623406,17191.497,0.060
1757368277.625476,17193.567,0.060
1757368277.627545,17195.636,0.060
1757368277.629615,17197.706,0.060
1757368277.631684,17199.775,0.060
1757368277.633754,17201.845,0.060
1757368277.635823,17203.914,0.060
1757368277.637892,17205.983,0.060
1757368277.639961,17208.053,0.060
1757368277.642032,17210.123,0.060
1757368277.644099,17212.190,0.060
1757368277.646168,17214.259,0.060
1757368277.648237,17216.328,0.060
1757368277.650306,17218.397,0.060
1757368277.652373,17220.464,0.060
1757368277.654442,17222.533,0.060
1757368277.656511,17224.602,0.060
1757368277.658599,17226.690,0.060
1757368277.660670,17228.761,0.060
1757368277.662740,17230.831,0.060
1757368277.664813,17232.904,0.060
1757368277.666882,17234.973,0.060
1757368277.668950,17237.041,0.060
1757368277.671019,17239.110,0.060
1757368277.673091,17241.182,0.060
1757368277.675160,17243.252,0.060
1757368277.677229,17245.320,0.060
1757368277.679298,17247.389,0.060
1757368277.681366,17249.458,0.060
1757368277.683436,17251.527,0.060
1757368277.685504,17253.596,0.060
1757368277.687574,17255.665,0.060
1757368277.689645,17257.736,0.060
1757368277.691712,17259.803,0.060
1757368277.693780,17261.872,0.060
1757368277.695850,17263.941,0.060
1757368277.697919,17266.010,0.060
1757368277.699986,17268.077,0.060
1757368277.702056,17270.147,0.060
1757368277.704124,17272.215,0.060
1757368277.706194,17274.285,0.060
1757368277.708276,17276.367,0.060
1757368277.710349,17278.440,0.060
1757368277.712416,17280.508,0.060
1757368277.714486,17282.577,0.060
1757368277.716554,17284.645,0.060
1757368277.718623,17286.714,0.060
1757368277.720694,17288.785,0.060
1757368277.722764,17290.856,0.060
1757368277.724834,17292.925,0.060
1757368277.726904,17294.995,0.060
1757368277.728974,17297.065,0.060
1757368277.731043,17299.134,0.060
1757368277.733111,17301.202,0.060
1757368277.735181,17303.272,0.060
1757368277.737255,17305.346,0.060
1757368277.739324,17307.415,0.060
1757368277.741394,17309.485,0.060
1757368277.743465,17311.556,0.060
1757368277.745536,17313.627,0.060
1757368277.747606,17315.697,0.060
1757368277.749675,17317.766,0.060
1757368277.751745,17319.836,0.060
1757368277.753814,17321.905,0.060
1757368277.755883,17323.975,0.060
1757368277.757953,17326.044,0.060
1757368277.760022,17328.113,0.060
1757368277.762092,17330.183,0.060
1757368277.764161,17332.252,0.060
1757368277.766231,17334.322,0.060
1757368277.768299,17336.390,0.060
1757368277.770369,17338.460,0.060
1757368277.772437,17340.528,0.060
1757368277.774507,17342.598,0.060
1757368277.776576,17344.667,0.060
1757368277.778646,17346.737,0.060
1757368277.780713,17348.804,0.060
1757368277.782782,17350.873,0.060
1757368277.784852,17352.943,0.060
1757368277.786922,17355.013,0.060
1757368277.788991,17357.082,0.060
1757368277.791062,17359.154,0.060
1757368277.793133,17361.224,0.060
1757368277.795202,17363.293,0.060
1757368277.797272,17365.363,0.060
1757368277.799341,17367.432,0.060
1757368277.801411,17369.503,0.060
1757368277.803482,17371.573,0.060
1757368277.805551,17373.642,0.060
1757368277.807621,17375.712,0.060
1757368277.809690,17377.781,0.060
1757368277.811759,17379.850,0.060
1757368277.813828,17381.919,0.060
1757368277.815897,17383.988,0.060
1757368277.817966,17386.057,0.060
1757368277.820024,17388.115,0.060
1757368277.822093,17390.184,0.060
1757368277.824162,17392.253,0.060
1757368277.826231,17394.322,0.060
1757368277.828300,17396.392,0.060
1757368277.830371,17398.462,0.060
1757368277.832440,17400.531,0.060
1757368277.834509,17402.600,0.060
1757368277.836576,17404.667,0.060
1757368277.838646,17406.737,0.060
1757368277.840714,17408.805,0.060
1757368277.842782,17410.874,0.060
1757368277.844850,17412.941,0.060
1757368277.846919,17415.010,0.060
1757368277.848989,17417.080,0.060
1757368277.851058,17419.149,0.060
1757368277.853130,17421.221,0.060
1757368277.855201,17423.292,0.060
1757368277.857270,17425.362,0.060
1757368277.859340,17427.431,0.060
1757368277.861411,17429.502,0.060
1757368277.863480,17431.571,0.060
1757368277.865549,17433.640,0.060
1757368277.867618,17435.709,0.060
1757368277.869687,17437.778,0.060
1757368277.871757,17439.848,0.060
1757368277.873826,17441.917,0.060
1757368277.875906,17443.997,0.060
1757368277.877978,17446.069,0.060
1757368277.880025,17448.116,0.060
1757368277.882095,17450.186,0.060
1757368277.884164,17452.255,0.060
1757368277.886234,17454.325,0.060
1757368277.888301,17456.392,0.060
1757368277.890370,17458.461,0.060
1757368277.892440,17460.531,0.060
1757368277.894509,17462.600,0.060
1757368277.896576,17464.668,0.060
1757368277.898645,17466.736,0.060
1757368277.900717,17468.808,0.060
1757368277.902787,17470.878,0.060
1757368277.904855,17472.946,0.060
1757368277.906924,17475.015,0.060
1757368277.908995,17477.086,0.060
1757368277.911065,17479.156,0.060
1757368277.913132,17481.223,0.060
1757368277.915202,17483.293,0.060
1757368277.917271,17485.362,0.060
1757368277.919340,17487.431,0.060
1757368277.921410,17489.501,0.060
1757368277.923480,17491.571,0.060
1757368277.925550,17493.641,0.060
1757368277.927620,17495.712,0.060
1757368277.929689,17497.780,0.060
1757368277.931759,17499.850,0.060
1757368277.933829,17501.920,0.060
1757368277.935898,17503.989,0.060
1757368277.937968,17506.059,0.060
1757368277.940024,17508.116,0.060
1757368277.942094,17510.185,0.060
1757368277.944163,17512.254,0.060
1757368277.946233,17514.324,0.060
1757368277.948299,17516.391,0.060
1757368277.950369,17518.460,0.060
1757368277.952437,17520.528,0.060
1757368277.954506,17522.597,0.060
1757368277.956576,17524.667,0.060
1757368277.958645,17526.736,0.060
1757368277.960715,17528.806,0.060
1757368277.962784,17530.875,0.060
1757368277.964854,17532.945,0.060
1757368277.966923,17535.014,0.060
1757368277.968992,17537.083,0.060
1757368277.971062,17539.153,0.060
1757368277.973130,17541.221,0.060
1757368277.975200,17543.291,0.060
1757368277.977269,17545.360,0.060
1757368277.979338,17547.429,0.060
1757368277.981408,17549.499,0.060
1757368277.983478,17551.569,0.060
1757368277.985547,17553.638,0.060
1757368277.987617,17555.708,0.060
1757368277.989687,17557.778,0.060
1757368277.991757,17559.848,0.060
1757368277.993827,17561.918,0.060
1757368277.995896,17563.987,0.060
1757368277.997965,17566.056,0.060
1757368278.000021,17568.112,0.060
1757368278.002090,17570.181,0.060
1757368278.004161,17572.252,0.060
1757368278.006233,17574.324,0.060
1757368278.008301,17576.393,0.060
1757368278.010370,17578.462,0.060
1757368278.012442,17580.533,0.060
1757368278.014511,17582.602,0.060
1757368278.016580,17584.671,0.060
1757368278.018649,17586.740,0.060
1757368278.020718,17588.809,0.060
1757368278.022788,17590.879,0.060
1757368278.024856,17592.947,0.060
1757368278.026925,17595.016,0.060
1757368278.028994,17597.085,0.060
1757368278.031066,17599.157,0.060
1757368278.033134,17601.225,0.060
1757368278.035203,17603.294,0.060
1757368278.037272,17605.363,0.060
1757368278.039341,17607.433,0.060
1757368278.041411,17609.502,0.060
1757368278.043480,17611.571,0.060
1757368278.045552,17613.643,0.060
1757368278.047622,17615.713,0.060
1757368278.049691,17617.783,0.060
1757368278.051766,17619.857,0.060
1757368278.053840,17621.931,0.060
1757368278.055910,17624.001,0.060
1757368278.057979,17626.070,0.060
1757368278.060019,17628.110,0.060
1757368278.062088,17630.180,0.060
1757368278.064161,17632.252,0.060
1757368278.066230,17634.321,0.060
1757368278.068297,17636.388,0.060
1757368278.070366,17638.458,0.060
1757368278.072434,17640.525,0.060
1757368278.074503,17642.594,0.060
1757368278.076571,17644.662,0.060
1757368278.078639,17646.730,0.060
1757368278.080709,17648.800,0.060
1757368278.082778,17650.869,0.060
1757368278.084845,17652.936,0.060
1757368278.086915,17655.006,0.060
1757368278.088983,17657.074,0.060
1757368278.091052,17659.143,0.060
1757368278.093121,17661.212,0.060
1757368278.095190,17663.281,0.060
1757368278.097259,17665.350,0.060
1757368278.099328,17667.419,0.060
1757368278.101399,17669.490,0.060
1757368278.103469,17671.560,0.060
1757368278.105538,17673.629,0.060
1757368278.107608,17675.699,0.060
1757368278.109678,17677.769,0.060
1757368278.111748,17679.839,0.060
1757368278.113818,17681.909,0.060
1757368278.115888,17683.979,0.060
1757368278.117958,17686.049,0.060
1757368278.120020,17688.112,0.060
1757368278.122089,17690.180,0.060
1757368278.124158,17692.249,0.060
1757368278.126226,17694.318,0.060
1757368278.128294,17696.385,0.060
1757368278.130363,17698.454,0.060
1757368278.132431,17700.522,0.060
1757368278.134501,17702.592,0.060
1757368278.136568,17704.659,0.060
1757368278.138638,17706.729,0.060
1757368278.140707,17708.798,0.060
1757368278.142786,17710.877,0.060
1757368278.144855,17712.946,0.060
1757368278.146924,17715.015,0.060
1757368278.148995,17717.086,0.060
1757368278.151063,17719.154,0.060
1757368278.153132,17721.223,0.060
1757368278.155202,17723.294,0.060
1757368278.157271,17725.363,0.060
1757368278.159341,17727.432,0.060
1757368278.161412,17729.503,0.060
1757368278.163482,17731.573,0.060
1757368278.165552,17733.643,0.060
1757368278.167622,17735.713,0.060
1757368278.169690,17737.781,0.060
1757368278.171760,17739.851,0.060
1757368278.173830,17741.921,0.060
1757368278.175900,17743.991,0.060
1757368278.177969,17746.060,0.060
1757368278.180029,17748.120,0.060
1757368278.182098,17750.189,0.060
1757368278.184167,17752.259,0.060
1757368278.186236,17754.327,0.060
1757368278.188304,17756.395,0.060
1757368278.190373,17758.465,0.060
1757368278.192453,17760.544,0.060
1757368278.194546,17762.638,0.060
1757368278.196616,17764.708,0.060
1757368278.198687,17766.778,0.060
1757368278.200758,17768.849,0.060
1757368278.202827,17770.918,0.060
1757368278.204897,17772.988,0.060
1757368278.206967,17775.058,0.060
1757368278.209035,17777.126,0.060
1757368278.211106,17779.197,0.060
1757368278.213174,17781.265,0.060
1757368278.215244,17783.335,0.060
1757368278.217314,17785.405,0.060
1757368278.219383,17787.475,0.060
1757368278.221452,17789.544,0.060
1757368278.223523,17791.614,0.060
1757368278.225592,17793.683,0.060
1757368278.227662,17795.753,0.060
1757368278.229732,17797.823,0.060
1757368278.231802,17799.893,0.060
1757368278.233871,17801.962,0.060
1757368278.235942,17804.033,0.060
1757368278.238011,17806.102,0.060
1757368278.240079,17808.170,0.060
1757368278.242151,17810.242,0.060
1757368278.244220,17812.311,0.060
1757368278.246290,17814.382,0.060
1757368278.248358,17816.450,0.060
1757368278.250428,17818.520,0.060
1757368278.252495,17820.586,0.060
1757368278.254565,17822.656,0.060
1757368278.256633,17824.724,0.060
1757368278.258703,17826.794,0.060
1757368278.260772,17828.864,0.060
1757368278.262842,17830.934,0.060
1757368278.264912,17833.003,0.060
1757368278.266981,17835.072,0.060
1757368278.269356,17837.447,0.060
1757368278.271437,17839.528,0.060
1757368278.273510,17841.602,0.060
1757368278.275582,17843.673,0.060
1757368278.277657,17845.748,0.060
1757368278.279727,17847.819,0.060
1757368278.281797,17849.888,0.060
1757368278.283867,17851.958,0.060
1757368278.285936,17854.028,0.060
1757368278.288016,17856.107,0.060
1757368278.290085,17858.176,0.060
1757368278.292152,17860.243,0.060
1757368278.294221,17862.312,0.060
1757368278.296288,17864.379,0.060
1757368278.298358,17866.449,0.060
1757368278.300424,17868.515,0.060
1757368278.302492,17870.584,0.060
1757368278.304561,17872.652,0.060
1757368278.306630,17874.721,0.060
1757368278.308699,17876.790,0.060
1757368278.310769,17878.860,0.060
1757368278.312840,17880.931,0.060
1757368278.314910,17883.001,0.060
1757368278.316980,17885.071,0.060
1757368278.319049,17887.140,0.060
1757368278.321116,17889.208,0.060
1757368278.323185,17891.277,0.060
1757368278.325255,17893.346,0.060
1757368278.327325,17895.416,0.060
1757368278.329393,17897.485,0.060
1757368278.331463,17899.554,0.060
1757368278.333533,17901.624,0.060
1757368278.335602,17903.693,0.060
1757368278.337671,17905.762,0.060
1757368278.339740,17907.831,0.060
1757368278.341810,17909.901,0.060
1757368278.343879,17911.970,0.060
1757368278.345949,17914.040,0.060
1757368278.348022,17916.113,0.060
1757368278.350092,17918.183,0.060
1757368278.352161,17920.252,0.060
1757368278.354229,17922.320,0.060
1757368278.356296,17924.387,0.060
1757368278.358364,17926.455,0.060
1757368278.360433,17928.524,0.060
1757368278.362502,17930.593,0.060
1757368278.364571,17932.662,0.060
1757368278.366641,17934.732,0.060
1757368278.368708,17936.800,0.060
1757368278.370777,17938.869,0.060
1757368278.372848,17940.939,0.060
1757368278.374918,17943.009,0.060
1757368278.376986,17945.077,0.060
1757368278.379055,17947.146,0.060
1757368278.381123,17949.214,0.060
1757368278.383192,17951.283,0.060
1757368278.385259,17953.350,0.060
1757368278.387326,17955.417,0.060
1757368278.389394,17957.485,0.060
1757368278.391473,17959.564,0.060
1757368278.393536,17961.627,0.060
1757368278.395594,17963.685,0.060
1757368278.397651,17965.742,0.060
1757368278.399708,17967.799,0.060
1757368278.401766,17969.857,0.060
1757368278.403823,17971.914,0.060
1757368278.405880,17973.971,0.060
1757368278.407937,17976.028,0.060
1757368278.409995,17978.086,0.060
1757368278.412052,17980.143,0.060
1757368278.414109,17982.200,0.060
1757368278.416166,17984.257,0.060
1757368278.418223,17986.314,0.060
1757368278.420280,17988.371,0.060
1757368278.422338,17990.429,0.060
1757368278.424396,17992.487,0.060
1757368278.426454,17994.545,0.060
1757368278.428513,17996.604,0.060
1757368278.430573,17998.664,0.060
1757368278.432631,18000.722,0.060
1757368278.434690,18002.781,0.060
1757368278.436749,18004.840,0.060
1757368278.438810,18006.901,0.060
1757368278.440871,18008.962,0.060
1757368278.442932,18011.023,0.060
1757368278.444993,18013.084,0.060
1757368278.447057,18015.149,0.060
1757368278.449120,18017.211,0.060
1757368278.451181,18019.272,0.060
1757368278.453243,18021.334,0.060
1757368278.455305,18023.396,0.060
1757368278.457368,18025.460,0.060
1757368278.459435,18027.526,0.060
1757368278.461500,18029.591,0.060
1757368278.463565,18031.657,0.060
1757368278.465631,18033.722,0.080
1757368278.467697,18035.789,0.080
1757368278.469764,18037.856,0.080
1757368278.471834,18039.925,0.080
1757368278.473903,18041.994,0.080
1757368278.475972,18044.063,0.080
1757368278.478041,18046.132,0.080
1757368278.480108,18048.199,0.080
1757368278.482178,18050.269,0.080
1757368278.484248,18052.339,0.080
1757368278.486317,18054.408,0.060
1757368278.488384,18056.475,0.060
1757368278.490453,18058.544,0.060
1757368278.492521,18060.612,0.060
1757368278.494590,18062.681,0.060
1757368278.496657,18064.749,0.060
1757368278.498726,18066.818,0.060
1757368278.500795,18068.887,0.060
1757368278.502864,18070.956,0.060
1757368278.504934,18073.025,0.060
1757368278.507003,18075.094,0.060
1757368278.509071,18077.162,0.060
1757368278.511140,18079.231,0.060
1757368278.513234,18081.325,0.060
1757368278.515307,18083.399,0.060
1757368278.517379,18085.470,0.060
1757368278.519450,18087.542,0.060
1757368278.521520,18089.612,0.060
1757368278.523590,18091.681,0.060
1757368278.525661,18093.752,0.060
1757368278.527731,18095.822,0.060
1757368278.529801,18097.892,0.060
1757368278.531872,18099.963,0.060
1757368278.533950,18102.041,0.060
1757368278.536039,18104.130,0.060
1757368278.538111,18106.203,0.060
1757368278.540179,18108.270,0.060
1757368278.542248,18110.340,0.060
1757368278.544317,18112.408,0.060
1757368278.546386,18114.478,0.060
1757368278.548456,18116.547,0.060
1757368278.550526,18118.617,0.060
1757368278.552595,18120.686,0.060
1757368278.554663,18122.755,0.060
1757368278.556734,18124.825,0.060
1757368278.558803,18126.894,0.060
1757368278.560872,18128.963,0.060
1757368278.562941,18131.032,0.060
1757368278.565008,18133.099,0.060
1757368278.567076,18135.167,0.060
1757368278.569148,18137.239,0.060
1757368278.571217,18139.308,0.060
1757368278.573288,18141.379,0.060
1757368278.575356,18143.448,0.060
1757368278.577426,18145.518,0.060
1757368278.579495,18147.586,0.060
1757368278.581573,18149.664,0.060
1757368278.583646,18151.737,0.060
1757368278.585716,18153.807,0.060
1757368278.587788,18155.879,0.060
1757368278.589858,18157.949,0.060
1757368278.591927,18160.018,0.060
1757368278.593998,18162.089,0.060
1757368278.596066,18164.157,0.060
1757368278.598134,18166.225,0.060
1757368278.600201,18168.292,0.060
1757368278.602271,18170.362,0.060
1757368278.604351,18172.442,0.060
1757368278.606421,18174.512,0.060
1757368278.608489,18176.580,0.060
1757368278.610558,18178.649,0.060
1757368278.612625,18180.716,0.060
1757368278.614694,18182.786,0.060
1757368278.616765,18184.856,0.060
1757368278.618834,18186.925,0.060
1757368278.620903,18188.994,0.060
1757368278.622973,18191.064,0.060
1757368278.625044,18193.135,0.060
1757368278.627130,18195.221,0.060
1757368278.629201,18197.292,0.060
1757368278.631273,18199.364,0.060
1757368278.633342,18201.433,0.060
1757368278.635412,18203.503,0.060
1757368278.637481,18205.572,0.060
1757368278.639550,18207.641,0.060
1757368278.641619,18209.710,0.060
1757368278.643689,18211.780,0.060
1757368278.645758,18213.849,0.060
1757368278.647830,18215.921,0.060
1757368278.649899,18217.990,0.060
1757368278.651967,18220.058,0.060
1757368278.654039,18222.131,0.060
1757368278.656106,18224.197,0.060
1757368278.658174,18226.265,0.060
1757368278.660242,18228.333,0.060
1757368278.662311,18230.402,0.060
1757368278.664378,18232.469,0.060
1757368278.666449,18234.540,0.060
1757368278.668518,18236.609,0.060
1757368278.670588,18238.679,0.060
1757368278.672657,18240.748,0.060
1757368278.674726,18242.817,0.060
1757368278.676805,18244.896,0.060
1757368278.678880,18246.971,0.060
1757368278.680949,18249.040,0.060
1757368278.683019,18251.110,0.060
1757368278.685087,18253.178,0.060
1757368278.687156,18255.248,0.060
1757368278.689224,18257.315,0.060
1757368278.691293,18259.384,0.060
1757368278.693362,18261.453,0.060
1757368278.695431,18263.523,0.060
1757368278.697501,18265.592,0.060
1757368278.699570,18267.661,0.060
1757368278.701638,18269.730,0.060
1757368278.703707,18271.799,0.060
1757368278.705777,18273.868,0.060
1757368278.707846,18275.937,0.060
1757368278.709915,18278.006,0.060
1757368278.711984,18280.075,0.060
1757368278.714054,18282.145,0.060
1757368278.716120,18284.211,0.060
1757368278.718189,18286.280,0.060
1757368278.720256,18288.347,0.060
1757368278.722324,18290.415,0.060
1757368278.724392,18292.483,0.060
1757368278.726461,18294.552,0.060
1757368278.728530,18296.621,0.060
1757368278.730599,18298.690,0.060
1757368278.732668,18300.759,0.060
1757368278.734737,18302.828,0.060
1757368278.736806,18304.898,0.060
1757368278.738876,18306.967,0.060
1757368278.740943,18309.034,0.060
1757368278.743012,18311.103,0.060
1757368278.745080,18313.171,0.060
1757368278.747149,18315.240,0.060
1757368278.749217,18317.308,0.060
1757368278.751286,18319.377,0.060
1757368278.753371,18321.462,0.060
1757368278.755440,18323.532,0.060
1757368278.757509,18325.601,0.060
1757368278.759579,18327.670,0.060
1757368278.761648,18329.739,0.060
1757368278.763717,18331.809,0.060
1757368278.765786,18333.877,0.060
1757368278.767856,18335.947,0.060
1757368278.769925,18338.017,0.060
1757368278.771994,18340.085,0.060
1757368278.774063,18342.155,0.060
1757368278.776129,18344.220,0.060
1757368278.778198,18346.289,0.060
1757368278.780266,18348.357,0.060
1757368278.782336,18350.427,0.060
1757368278.784404,18352.495,0.060
1757368278.786474,18354.565,0.060
1757368278.788543,18356.634,0.060
1757368278.790612,18358.703,0.060
1757368278.792680,18360.771,0.060
1757368278.794750,18362.841,0.060
1757368278.796817,18364.908,0.060
1757368278.798886,18366.977,0.060
1757368278.800953,18369.045,0.060
1757368278.803023,18371.114,0.060
1757368278.805092,18373.183,0.060
1757368278.807160,18375.251,0.060
1757368278.809229,18377.320,0.060
1757368278.811298,18379.389,0.060
1757368278.813378,18381.469,0.060
1757368278.815448,18383.539,0.060
1757368278.817517,18385.608,0.060
1757368278.819586,18387.677,0.060
1757368278.821654,18389.745,0.060
1757368278.823723,18391.814,0.080
1757368278.825792,18393.883,0.080
1757368278.827862,18395.953,0.080
1757368278.829930,18398.021,0.080
1757368278.832015,18400.106,0.080
1757368278.834083,18402.174,0.080
1757368278.836149,18404.241,0.080
1757368278.838219,18406.311,0.080
1757368278.840287,18408.378,0.080
1757368278.842356,18410.448,0.080
1757368278.844425,18412.516,0.080
1757368278.846494,18414.585,0.080
1757368278.848564,18416.655,0.080
1757368278.850633,18418.724,0.080
1757368278.852699,18420.790,0.080
1757368278.854768,18422.859,0.080
1757368278.856837,18424.928,0.080
1757368278.858906,18426.997,0.080
1757368278.860975,18429.066,0.080
1757368278.863044,18431.135,0.080
1757368278.865112,18433.203,0.080
1757368278.867181,18435.272,0.080
1757368278.869249,18437.340,0.080
1757368278.871318,18439.409,0.080
1757368278.873388,18441.479,0.080
1757368278.875458,18443.549,0.080
1757368278.877526,18445.617,0.080
1757368278.879596,18447.687,0.080
1757368278.881664,18449.755,0.080
1757368278.883734,18451.825,0.080
1757368278.885803,18453.894,0.080
1757368278.887872,18455.963,0.080
1757368278.889941,18458.032,0.080
1757368278.892026,18460.117,0.080
1757368278.894095,18462.186,0.080
1757368278.896163,18464.254,0.080
1757368278.898232,18466.323,0.080
1757368278.900299,18468.390,0.080
1757368278.902369,18470.460,0.080
1757368278.904438,18472.529,0.080
1757368278.906508,18474.599,0.080
1757368278.908574,18476.665,0.080
1757368278.910644,18478.735,0.080
1757368278.912711,18480.802,0.080
1757368278.914780,18482.871,0.080
1757368278.916849,18484.940,0.080
1757368278.918917,18487.009,0.060
1757368278.920986,18489.077,0.060
1757368278.923055,18491.146,0.060
1757368278.925122,18493.214,0.060
1757368278.927192,18495.283,0.060
1757368278.929259,18497.350,0.060
1757368278.931327,18499.418,0.060
1757368278.933396,18501.487,0.060
1757368278.935465,18503.556,0.060
1757368278.937534,18505.625,0.060
1757368278.939603,18507.694,0.060
1757368278.941672,18509.763,0.060
1757368278.943741,18511.832,0.060
1757368278.945810,18513.901,0.060
1757368278.947879,18515.970,0.060
1757368278.949947,18518.039,0.060
1757368278.952020,18520.111,0.060
1757368278.954089,18522.180,0.060
1757368278.956158,18524.249,0.060
1757368278.958226,18526.318,0.060
1757368278.960293,18528.384,0.060
1757368278.962362,18530.453,0.060
1757368278.964432,18532.523,0.060
1757368278.966501,18534.592,0.060
1757368278.968569,18536.660,0.060
1757368278.970638,18538.729,0.060
1757368278.972706,18540.797,0.060
1757368278.974776,18542.867,0.060
1757368278.976844,18544.935,0.060
1757368278.978912,18547.004,0.060
1757368278.980985,18549.076,0.060
1757368278.983054,18551.145,0.060
1757368278.985122,18553.214,0.060
1757368278.987191,18555.282,0.060
1757368278.989263,18557.354,0.060
1757368278.991332,18559.423,0.060
1757368278.993401,18561.492,0.060
1757368278.995470,18563.561,0.060
1757368278.997540,18565.631,0.060
1757368278.999609,18567.700,0.060
1757368279.001677,18569.768,0.060
1757368279.003746,18571.837,0.060
1757368279.005815,18573.906,0.060
1757368279.007885,18575.976,0.060
1757368279.009954,18578.045,0.060
1757368279.012024,18580.116,0.060
1757368279.014094,18582.185,0.060
1757368279.016164,18584.255,0.060
1757368279.018232,18586.323,0.060
1757368279.020756,18588.847,0.060
1757368279.022836,18590.928,0.060
1757368279.024906,18592.997,0.060
1757368279.026977,18595.068,0.060
1757368279.029045,18597.136,0.060
1757368279.031115,18599.206,0.060
1757368279.033183,18601.274,0.060
1757368279.035253,18603.344,0.060
1757368279.037319,18605.411,0.060
1757368279.039388,18607.479,0.060
1757368279.041457,18609.548,0.060
1757368279.043527,18611.618,0.060
1757368279.045598,18613.689,0.060
1757368279.047667,18615.758,0.060
1757368279.049737,18617.828,0.060
1757368279.051806,18619.897,0.060
1757368279.053875,18621.967,0.060
1757368279.055945,18624.036,0.060
1757368279.058014,18626.106,0.060
1757368279.060081,18628.172,0.060
1757368279.062154,18630.245,0.060
1757368279.064222,18632.313,0.060
1757368279.066292,18634.383,0.060
1757368279.068360,18636.451,0.060
1757368279.070429,18638.520,0.060
1757368279.072498,18640.589,0.060
1757368279.074566,18642.658,0.060
1757368279.076634,18644.725,0.060
1757368279.078703,18646.795,0.060
1757368279.080771,18648.863,0.060
1757368279.082841,18650.932,0.060
1757368279.084909,18653.000,0.060
1757368279.086979,18655.070,0.060
1757368279.089046,18657.138,0.060
1757368279.091115,18659.207,0.060
1757368279.093185,18661.276,0.060
1757368279.095254,18663.345,0.060
1757368279.097323,18665.414,0.060
1757368279.099392,18667.484,0.060
1757368279.101462,18669.554,0.060
1757368279.103531,18671.622,0.060
1757368279.105602,18673.693,0.060
1757368279.107671,18675.762,0.060
1757368279.109742,18677.833,0.060
1757368279.111815,18679.906,0.060
1757368279.113885,18681.976,0.060
1757368279.115955,18684.046,0.060
1757368279.118025,18686.116,0.060
1757368279.120091,18688.183,0.060
1757368279.122163,18690.254,0.060
1757368279.124232,18692.323,0.060
1757368279.126301,18694.392,0.060
1757368279.128367,18696.458,0.060
1757368279.130437,18698.529,0.060
1757368279.132504,18700.595,0.060
1757368279.134573,18702.665,0.060
1757368279.136641,18704.732,0.060
1757368279.138710,18706.801,0.060
1757368279.140779,18708.870,0.060
1757368279.142848,18710.939,0.060
1757368279.144915,18713.006,0.060
1757368279.146984,18715.075,0.060
1757368279.149053,18717.144,0.060
1757368279.151138,18719.229,0.060
1757368279.153207,18721.298,0.060
1757368279.155277,18723.368,0.060
1757368279.157367,18725.459,0.060
1757368279.159439,18727.530,0.060
1757368279.161509,18729.600,0.060
1757368279.163583,18731.674,0.060
1757368279.165656,18733.747,0.060
1757368279.167726,18735.817,0.060
1757368279.169796,18737.887,0.060
1757368279.171866,18739.957,0.060
1757368279.173935,18742.026,0.060
1757368279.176025,18744.116,0.060
1757368279.178093,18746.184,0.060
1757368279.180159,18748.250,0.060
1757368279.182228,18750.319,0.060
1757368279.184294,18752.385,0.060
1757368279.186363,18754.454,0.060
1757368279.188432,18756.523,0.060
1757368279.190500,18758.592,0.060
1757368279.192569,18760.660,0.060
1757368279.194638,18762.729,0.060
1757368279.196706,18764.797,0.060
1757368279.198776,18766.867,0.060
1757368279.200844,18768.935,0.060
1757368279.202914,18771.005,0.060
1757368279.204980,18773.071,0.060
1757368279.207048,18775.139,0.060
1757368279.209116,18777.208,0.060
1757368279.211186,18779.277,0.060
1757368279.213253,18781.344,0.060
1757368279.215322,18783.413,0.060
1757368279.217392,18785.483,0.060
1757368279.219461,18787.552,0.060
1757368279.221531,18789.622,0.060
1757368279.223600,18791.691,0.060
1757368279.225668,18793.760,0.060
1757368279.227738,18795.829,0.060
1757368279.229807,18797.898,0.060
1757368279.231877,18799.968,0.060
1757368279.233946,18802.037,0.060
1757368279.236022,18804.113,0.060
1757368279.238091,18806.182,0.060
1757368279.240159,18808.250,0.060
1757368279.242229,18810.321,0.060
1757368279.244300,18812.391,0.060
1757368279.246370,18814.461,0.060
1757368279.248440,18816.531,0.060
1757368279.250509,18818.600,0.060
1757368279.252576,18820.667,0.060
1757368279.254646,18822.737,0.060
1757368279.256717,18824.808,0.060
1757368279.258786,18826.877,0.060
1757368279.260854,18828.946,0.060
1757368279.262924,18831.015,0.060
1757368279.264993,18833.084,0.060
1757368279.267062,18835.153,0.060
1757368279.269131,18837.222,0.060
1757368279.271200,18839.292,0.060
1757368279.273271,18841.362,0.060
1757368279.275340,18843.431,0.060
1757368279.277412,18845.503,0.060
1757368279.279482,18847.573,0.060
1757368279.281551,18849.642,0.060
1757368279.283620,18851.712,0.060
1757368279.285689,18853.780,0.060
1757368279.287759,18855.850,0.060
1757368279.289828,18857.919,0.060
1757368279.291896,18859.987,0.060
1757368279.293965,18862.056,0.060
1757368279.296021,18864.112,0.060
1757368279.298090,18866.181,0.060
1757368279.300159,18868.250,0.060
1757368279.302228,18870.319,0.060
1757368279.304294,18872.385,0.060
1757368279.306364,18874.455,0.060
1757368279.308433,18876.524,0.060
1757368279.310502,18878.593,0.060
1757368279.312571,18880.662,0.060
1757368279.314640,18882.731,0.060
1757368279.316708,18884.799,0.060
1757368279.318777,18886.868,0.060
1757368279.320846,18888.937,0.060
1757368279.322915,18891.006,0.060
1757368279.324984,18893.075,0.060
1757368279.327053,18895.144,0.060
1757368279.329123,18897.214,0.060
1757368279.331192,18899.284,0.060
1757368279.333261,18901.352,0.060
1757368279.335329,18903.420,0.060
1757368279.337401,18905.492,0.060
1757368279.339471,18907.562,0.060
1757368279.341541,18909.632,0.060
1757368279.343610,18911.701,0.060
1757368279.345679,18913.770,0.060
1757368279.347749,18915.840,0.060
1757368279.349819,18917.911,0.060
1757368279.351889,18919.981,0.060
1757368279.353959,18922.050,0.060
1757368279.356020,18924.111,0.060
1757368279.358090,18926.181,0.060
1757368279.360159,18928.250,0.060
1757368279.362228,18930.319,0.060
1757368279.364294,18932.385,0.060
1757368279.366364,18934.455,0.060
1757368279.368433,18936.524,0.060
1757368279.370502,18938.593,0.060
1757368279.372571,18940.662,0.060
1757368279.374640,18942.731,0.060
1757368279.376708,18944.799,0.060
1757368279.378777,18946.868,0.060
1757368279.380843,18948.934,0.060
1757368279.382913,18951.004,0.060
1757368279.384982,18953.073,0.060
1757368279.387051,18955.142,0.060
1757368279.389119,18957.211,0.060
1757368279.391188,18959.280,0.060
1757368279.393263,18961.354,0.060
1757368279.395347,18963.438,0.060
1757368279.397419,18965.510,0.060
1757368279.399477,18967.568,0.060
1757368279.401534,18969.625,0.060
1757368279.403590,18971.682,0.060
1757368279.405648,18973.739,0.060
1757368279.407706,18975.797,0.060
1757368279.409764,18977.855,0.060
1757368279.411822,18979.913,0.060
1757368279.413881,18981.972,0.060
1757368279.415940,18984.031,0.060
1757368279.417999,18986.090,0.060
1757368279.420059,18988.150,0.060
1757368279.422119,18990.210,0.060
1757368279.424178,18992.269,0.060
1757368279.426240,18994.331,0.060
1757368279.428302,18996.393,0.060
1757368279.430363,18998.454,0.060
1757368279.432423,19000.515,0.060
1757368279.434488,19002.579,0.060
1757368279.436549,19004.640,0.060
1757368279.438612,19006.703,0.080
1757368279.440673,19008.765,0.080
1757368279.442737,19010.828,0.080
1757368279.444803,19012.894,0.080
1757368279.446870,19014.961,0.080
1757368279.448934,19017.025,0.080
1757368279.451002,19019.093,0.080
1757368279.453067,19021.158,0.080
1757368279.455135,19023.226,0.080
1757368279.457200,19025.291,0.080
1757368279.459297,19027.388,0.080
1757368279.461379,19029.470,0.080
1757368279.463452,19031.543,0.080
1757368279.465532,19033.623,0.080
1757368279.467606,19035.697,0.080
1757368279.469678,19037.769,0.080
1757368279.471748,19039.840,0.080
1757368279.473819,19041.910,0.080
1757368279.475889,19043.980,0.080
1757368279.477959,19046.051,0.080
1757368279.480022,19048.113,0.080
1757368279.482092,19050.183,0.080
1757368279.484161,19052.252,0.080
1757368279.486232,19054.323,0.080
1757368279.488299,19056.390,0.080
1757368279.490368,19058.460,0.060
1757368279.492437,19060.528,0.080
1757368279.494507,19062.598,0.060
1757368279.496575,19064.666,0.060
1757368279.498645,19066.736,0.060
1757368279.500714,19068.805,0.060
1757368279.502783,19070.874,0.060
1757368279.504857,19072.948,0.080
1757368279.506935,19075.026,0.080
1757368279.509003,19077.094,0.080
1757368279.511074,19079.165,0.080
1757368279.513148,19081.239,0.080
1757368279.515220,19083.311,0.080
1757368279.517288,19085.379,0.060
1757368279.519356,19087.448,0.060
1757368279.521427,19089.518,0.060
1757368279.523496,19091.587,0.060
1757368279.525565,19093.656,0.060
1757368279.527636,19095.727,0.060
1757368279.529706,19097.797,0.060
1757368279.531775,19099.867,0.060
1757368279.533844,19101.935,0.060
1757368279.535913,19104.004,0.060
1757368279.537982,19106.073,0.060
1757368279.540020,19108.112,0.060
1757368279.542091,19110.183,0.060
1757368279.544161,19112.252,0.060
1757368279.546231,19114.322,0.060
1757368279.548299,19116.390,0.060
1757368279.550368,19118.459,0.060
1757368279.552435,19120.526,0.060
1757368279.554505,19122.596,0.060
1757368279.556572,19124.663,0.060
1757368279.558641,19126.732,0.060
1757368279.560710,19128.802,0.060
1757368279.562779,19130.871,0.060
1757368279.564848,19132.940,0.060
1757368279.566917,19135.009,0.060
1757368279.568987,19137.078,0.060
1757368279.571056,19139.147,0.060
1757368279.573124,19141.215,0.060
1757368279.575193,19143.284,0.060
1757368279.577262,19145.353,0.060
1757368279.579331,19147.422,0.060
1757368279.581403,19149.494,0.060
1757368279.583472,19151.564,0.060
1757368279.585542,19153.633,0.060
1757368279.587612,19155.703,0.060
1757368279.589682,19157.773,0.060
1757368279.591751,19159.842,0.060
1757368279.593821,19161.912,0.060
1757368279.595907,19163.998,0.060
1757368279.597979,19166.070,0.060
1757368279.600032,19168.123,0.060
1757368279.602103,19170.194,0.060
1757368279.604172,19172.263,0.060
1757368279.606242,19174.333,0.060
1757368279.608308,19176.399,0.060
1757368279.610378,19178.469,0.060
1757368279.612446,19180.537,0.060
1757368279.614514,19182.606,0.060
1757368279.616584,19184.675,0.060
1757368279.618653,19186.744,0.060
1757368279.620722,19188.813,0.060
1757368279.622791,19190.882,0.060
1757368279.624860,19192.951,0.060
1757368279.626929,19195.020,0.060
1757368279.628998,19197.089,0.060
1757368279.631067,19199.158,0.060
1757368279.633136,19201.227,0.060
1757368279.635205,19203.296,0.060
1757368279.637274,19205.365,0.060
1757368279.639342,19207.433,0.060
1757368279.641412,19209.503,0.060
1757368279.643481,19211.572,0.060
1757368279.645562,19213.654,0.060
1757368279.647635,19215.726,0.060
1757368279.649704,19217.796,0.060
1757368279.651774,19219.865,0.060
1757368279.653843,19221.935,0.060
1757368279.655914,19224.005,0.060
1757368279.657984,19226.075,0.060
1757368279.660033,19228.124,0.060
1757368279.662102,19230.193,0.060
1757368279.664173,19232.264,0.060
1757368279.666242,19234.333,0.060
1757368279.668308,19236.399,0.060
1757368279.670377,19238.468,0.060
1757368279.672444,19240.535,0.060
1757368279.674514,19242.605,0.060
1757368279.676582,19244.673,0.060
1757368279.678651,19246.742,0.060
1757368279.680720,19248.811,0.060
1757368279.682789,19250.880,0.060
1757368279.684857,19252.948,0.060
1757368279.686926,19255.017,0.060
1757368279.688996,19257.087,0.060
1757368279.691065,19259.156,0.060
1757368279.693133,19261.224,0.060
1757368279.695203,19263.294,0.060
1757368279.697271,19265.362,0.060
1757368279.699340,19267.431,0.060
1757368279.701411,19269.502,0.060
1757368279.703480,19271.571,0.060
1757368279.705549,19273.640,0.060
1757368279.707620,19275.711,0.060
1757368279.709689,19277.781,0.060
1757368279.711758,19279.849,0.060
1757368279.713827,19281.918,0.060
1757368279.715897,19283.988,0.060
1757368279.717966,19286.057,0.060
1757368279.720027,19288.118,0.060
1757368279.722096,19290.187,0.060
1757368279.724166,19292.257,0.060
1757368279.726234,19294.326,0.060
1757368279.728302,19296.393,0.060
1757368279.730370,19298.461,0.060
1757368279.732438,19300.529,0.060
1757368279.734507,19302.598,0.060
1757368279.736576,19304.667,0.060
1757368279.738647,19306.738,0.060
1757368279.740716,19308.807,0.060
1757368279.742785,19310.876,0.060
1757368279.744854,19312.945,0.060
1757368279.746923,19315.015,0.060
1757368279.748992,19317.083,0.060
1757368279.751061,19319.153,0.060
1757368279.753129,19321.220,0.060
1757368279.755198,19323.290,0.060
1757368279.757267,19325.359,0.060
1757368279.759336,19327.428,0.060
1757368279.761407,19329.498,0.060
1757368279.763475,19331.567,0.060
1757368279.765544,19333.635,0.060
1757368279.767614,19335.705,0.060
1757368279.769682,19337.774,0.060
1757368279.771752,19339.843,0.060
1757368279.773821,19341.912,0.060
1757368279.775890,19343.981,0.060
1757368279.777959,19346.050,0.060
1757368279.780020,19348.111,0.060
1757368279.782090,19350.181,0.060
1757368279.784159,19352.250,0.060
1757368279.786228,19354.319,0.060
1757368279.788296,19356.387,0.060
1757368279.790365,19358.456,0.060
1757368279.792434,19360.525,0.060
1757368279.794503,19362.595,0.060
1757368279.796572,19364.663,0.060
1757368279.798641,19366.733,0.060
1757368279.800711,19368.802,0.060
1757368279.802780,19370.872,0.060
1757368279.804849,19372.940,0.060
1757368279.806919,19375.010,0.060
1757368279.808987,19377.078,0.060
1757368279.811056,19379.148,0.060
1757368279.813125,19381.217,0.060
1757368279.815195,19383.286,0.060
1757368279.817264,19385.355,0.060
1757368279.819333,19387.424,0.060
1757368279.821403,19389.494,0.060
1757368279.823472,19391.564,0.060
1757368279.825542,19393.634,0.060
1757368279.827613,19395.704,0.060
1757368279.829682,19397.773,0.060
1757368279.831751,19399.843,0.060
1757368279.833821,19401.912,0.060
1757368279.835891,19403.982,0.060
1757368279.837961,19406.052,0.060
1757368279.840035,19408.126,0.060
1757368279.842104,19410.196,0.060
1757368279.844174,19412.265,0.060
1757368279.846244,19414.335,0.060
1757368279.848312,19416.403,0.060
1757368279.850382,19418.473,0.060
1757368279.852451,19420.542,0.060
1757368279.854520,19422.611,0.060
1757368279.856588,19424.679,0.060
1757368279.858657,19426.748,0.060
1757368279.860727,19428.818,0.060
1757368279.862797,19430.888,0.060
1757368279.864864,19432.955,0.060
1757368279.866933,19435.024,0.060
1757368279.869007,19437.098,0.060
1757368279.871076,19439.167,0.060
1757368279.873145,19441.236,0.060
1757368279.875215,19443.306,0.060
1757368279.877288,19445.379,0.060
1757368279.879357,19447.448,0.060
1757368279.881427,19449.518,0.060
1757368279.883496,19451.587,0.060
1757368279.885565,19453.656,0.060
1757368279.887634,19455.725,0.060
1757368279.889704,19457.795,0.060
1757368279.891774,19459.865,0.060
1757368279.893843,19461.934,0.060
1757368279.895912,19464.003,0.060
1757368279.897981,19466.072,0.060
1757368279.900026,19468.117,0.060
1757368279.902095,19470.186,0.060
1757368279.904164,19472.255,0.060
1757368279.906233,19474.324,0.060
1757368279.908301,19476.392,0.060
1757368279.910370,19478.461,0.060
1757368279.912436,19480.527,0.060
1757368279.914506,19482.597,0.060
1757368279.916574,19484.665,0.060
1757368279.918643,19486.734,0.060
1757368279.920712,19488.803,0.060
1757368279.922781,19490.872,0.060
1757368279.924850,19492.941,0.060
1757368279.926919,19495.010,0.060
1757368279.928988,19497.079,0.060
1757368279.931057,19499.149,0.060
1757368279.933127,19501.219,0.060
1757368279.935197,19503.288,0.060
1757368279.937269,19505.360,0.060
1757368279.939337,19507.429,0.060
1757368279.941406,19509.497,0.060
1757368279.943475,19511.566,0.060
1757368279.945545,19513.636,0.060
1757368279.947614,19515.706,0.060
1757368279.949682,19517.774,0.060
1757368279.951752,19519.844,0.060
1757368279.953822,19521.913,0.060
1757368279.955892,19523.983,0.060
1757368279.957962,19526.053,0.060
1757368279.960021,19528.112,0.060
1757368279.962090,19530.181,0.060
1757368279.964158,19532.249,0.060
1757368279.966228,19534.319,0.060
1757368279.968295,19536.386,0.060
1757368279.970364,19538.455,0.060
1757368279.972432,19540.524,0.060
1757368279.974502,19542.593,0.060
1757368279.976568,19544.659,0.060
1757368279.978637,19546.728,0.060
1757368279.980705,19548.797,0.060
1757368279.982774,19550.865,0.060
1757368279.984844,19552.935,0.060
1757368279.986914,19555.005,0.060
1757368279.989057,19557.148,0.060
1757368279.991141,19559.232,0.060
1757368279.993212,19561.303,0.060
1757368279.995282,19563.374,0.060
1757368279.997355,19565.446,0.060
1757368279.999426,19567.517,0.060
1757368280.001496,19569.587,0.060
1757368280.003566,19571.657,0.060
1757368280.005635,19573.726,0.060
1757368280.007704,19575.795,0.060
1757368280.009774,19577.865,0.060
1757368280.011844,19579.935,0.060
1757368280.013914,19582.005,0.060
1757368280.015983,19584.074,0.060
1757368280.018055,19586.146,0.060
1757368280.020122,19588.213,0.060
1757368280.022191,19590.282,0.060
1757368280.024260,19592.351,0.060
1757368280.026329,19594.420,0.060
1757368280.028396,19596.488,0.060
1757368280.030466,19598.557,0.060
1757368280.032538,19600.629,0.060
1757368280.034608,19602.699,0.060
1757368280.036678,19604.769,0.060
1757368280.038747,19606.838,0.060
1757368280.040817,19608.908,0.060
1757368280.042886,19610.977,0.060
1757368280.044955,19613.046,0.060
1757368280.047024,19615.115,0.060
1757368280.049106,19617.197,0.060
1757368280.051178,19619.270,0.060
1757368280.053250,19621.341,0.060
1757368280.055319,19623.410,0.060
1757368280.057390,19625.481,0.060
1757368280.059460,19627.552,0.060
1757368280.061530,19629.621,0.060
1757368280.063599,19631.690,0.060
1757368280.065668,19633.759,0.060
1757368280.067737,19635.828,0.060
1757368280.069806,19637.897,0.060
1757368280.071875,19639.966,0.060
1757368280.073944,19642.035,0.060
1757368280.076023,19644.114,0.060
1757368280.078092,19646.183,0.060
1757368280.080171,19648.262,0.060
1757368280.082244,19650.335,0.060
1757368280.084311,19652.402,0.060
1757368280.086381,19654.472,0.060
1757368280.088451,19656.542,0.060
1757368280.090520,19658.611,0.060
1757368280.092591,19660.682,0.060
1757368280.094662,19662.753,0.060
1757368280.096731,19664.822,0.060
1757368280.098800,19666.891,0.060
1757368280.100868,19668.959,0.060
1757368280.102937,19671.028,0.060
1757368280.105006,19673.097,0.060
1757368280.107075,19675.166,0.060
1757368280.109143,19677.234,0.060
1757368280.111212,19679.303,0.060
1757368280.113282,19681.373,0.060
1757368280.115352,19683.444,0.060
1757368280.117423,19685.514,0.060
1757368280.119492,19687.583,0.060
1757368280.121561,19689.652,0.060
1757368280.123631,19691.722,0.060
1757368280.125700,19693.791,0.060
1757368280.127769,19695.860,0.060
1757368280.129852,19697.943,0.060
1757368280.131926,19700.017,0.060
1757368280.133996,19702.087,0.060
1757368280.136064,19704.155,0.060
1757368280.138133,19706.224,0.060
1757368280.140202,19708.293,0.060
1757368280.142271,19710.362,0.060
1757368280.144337,19712.428,0.060
1757368280.146407,19714.498,0.060
1757368280.148473,19716.564,0.060
1757368280.150542,19718.633,0.060
1757368280.152609,19720.701,0.060
1757368280.154678,19722.769,0.060
1757368280.156750,19724.841,0.060
1757368280.158819,19726.910,0.060
1757368280.160888,19728.979,0.060
1757368280.162957,19731.048,0.060
1757368280.165025,19733.116,0.060
1757368280.167095,19735.186,0.060
1757368280.169163,19737.254,0.060
1757368280.171232,19739.323,0.060
1757368280.173301,19741.392,0.060
1757368280.175370,19743.461,0.060
1757368280.177439,19745.530,0.060
1757368280.179509,19747.600,0.060
1757368280.181579,19749.670,0.060
1757368280.183649,19751.740,0.060
1757368280.185718,19753.809,0.060
1757368280.187787,19755.878,0.060
1757368280.189856,19757.947,0.060
1757368280.191926,19760.017,0.060
1757368280.193995,19762.086,0.060
1757368280.196063,19764.154,0.060
1757368280.198133,19766.224,0.060
1757368280.200201,19768.292,0.060
1757368280.202270,19770.361,0.060
1757368280.204337,19772.428,0.060
1757368280.206406,19774.497,0.060
1757368280.208474,19776.565,0.060
1757368280.210543,19778.635,0.060
1757368280.212612,19780.703,0.060
1757368280.214681,19782.772,0.060
1757368280.216750,19784.841,0.060
1757368280.218820,19786.911,0.060
1757368280.220887,19788.978,0.060
1757368280.222956,19791.047,0.060
1757368280.225024,19793.115,0.060
1757368280.227094,19795.185,0.060
1757368280.229163,19797.254,0.060
1757368280.231231,19799.323,0.060
1757368280.233300,19801.391,0.060
1757368280.235369,19803.460,0.060
1757368280.237439,19805.530,0.060
1757368280.239508,19807.599,0.060
1757368280.241577,19809.668,0.060
1757368280.243647,19811.738,0.060
1757368280.245717,19813.808,0.060
1757368280.247786,19815.877,0.060
1757368280.249856,19817.947,0.060
1757368280.251925,19820.016,0.060
1757368280.253994,19822.085,0.060
1757368280.256027,19824.119,0.060
1757368280.258097,19826.188,0.060
1757368280.260165,19828.256,0.060
1757368280.262235,19830.326,0.060
1757368280.264301,19832.392,0.060
1757368280.266371,19834.462,0.060
1757368280.268438,19836.529,0.060
1757368280.270509,19838.601,0.060
1757368280.272578,19840.669,0.060
1757368280.274647,19842.738,0.060
1757368280.276715,19844.806,0.060
1757368280.278785,19846.876,0.060
1757368280.280852,19848.943,0.060
1757368280.282922,19851.013,0.060
1757368280.284990,19853.081,0.060
1757368280.287058,19855.150,0.060
1757368280.289126,19857.217,0.060
1757368280.291196,19859.287,0.060
1757368280.293266,19861.357,0.060
1757368280.295335,19863.426,0.060
1757368280.297404,19865.495,0.060
1757368280.299474,19867.565,0.060
1757368280.301542,19869.633,0.060
1757368280.303611,19871.702,0.060
1757368280.305680,19873.771,0.060
1757368280.307750,19875.841,0.060
1757368280.309819,19877.910,0.060
1757368280.311889,19879.980,0.060
1757368280.313958,19882.049,0.060
1757368280.316022,19884.113,0.060
1757368280.318091,19886.182,0.060
1757368280.320160,19888.251,0.060
1757368280.322229,19890.320,0.060
1757368280.324296,19892.388,0.060
1757368280.326365,19894.456,0.060
1757368280.328434,19896.525,0.060
1757368280.330503,19898.594,0.060
1757368280.332569,19900.661,0.060
1757368280.334639,19902.730,0.060
1757368280.336707,19904.799,0.060
1757368280.338777,19906.868,0.060
1757368280.340845,19908.936,0.060
1757368280.342914,19911.005,0.060
1757368280.344982,19913.073,0.060
1757368280.347051,19915.142,0.060
1757368280.349119,19917.210,0.060
1757368280.351193,19919.284,0.060
1757368280.353263,19921.355,0.060
1757368280.355332,19923.424,0.060
1757368280.357403,19925.494,0.060
1757368280.359472,19927.563,0.060
1757368280.361542,19929.633,0.060
1757368280.363612,19931.703,0.060
1757368280.365682,19933.773,0.060
1757368280.367752,19935.843,0.060
1757368280.369821,19937.912,0.060
1757368280.371891,19939.982,0.060
1757368280.373960,19942.051,0.060
1757368280.376027,19944.118,0.060
1757368280.378096,19946.187,0.060
1757368280.380165,19948.256,0.060
1757368280.382234,19950.325,0.060
1757368280.384302,19952.393,0.060
1757368280.386371,19954.462,0.060
1757368280.388440,19956.531,0.060
1757368280.390509,19958.600,0.060
1757368280.392575,19960.666,0.060
1757368280.394645,19962.736,0.060
1757368280.396714,19964.805,0.060
1757368280.398794,19966.885,0.060
1757368280.400861,19968.952,0.060
1757368280.402920,19971.012,0.060
1757368280.404978,19973.069,0.060
1757368280.407037,19975.128,0.060
1757368280.409094,19977.185,0.060
1757368280.411152,19979.244,0.060
1757368280.413211,19981.302,0.060
1757368280.415269,19983.360,0.060
1757368280.417328,19985.419,0.060
1757368280.419387,19987.478,0.060
1757368280.421447,19989.538,0.060
1757368280.423506,19991.597,0.060
1757368280.425565,19993.656,0.060
1757368280.427625,19995.716,0.060
1757368280.429687,19997.778,0.060
1757368280.431748,19999.840,0.060
1757368280.433811,20001.902,0.060
1757368280.435873,20003.964,0.060
1757368280.437936,20006.027,0.060
1757368280.440009,20008.100,0.060
1757368280.442073,20010.164,0.060
1757368280.444135,20012.227,0.060
1757368280.446199,20014.290,0.060
1757368280.448265,20016.356,0.060
1757368280.450332,20018.423,0.060
1757368280.452397,20020.488,0.060
1757368280.454462,20022.553,0.060
1757368280.456529,20024.621,0.060
1757368280.458600,20026.691,0.060
1757368280.460669,20028.760,0.060
1757368280.462738,20030.829,0.060
1757368280.464809,20032.901,0.060
1757368280.466878,20034.969,0.060
1757368280.468946,20037.037,0.060
1757368280.471023,20039.114,0.060
1757368280.473140,20041.231,0.060
1757368280.475213,20043.304,0.060
1757368280.477293,20045.384,0.060
1757368280.479364,20047.456,0.060
1757368280.481435,20049.526,0.060
1757368280.483505,20051.596,0.060
1757368280.485575,20053.666,0.060
1757368280.487645,20055.736,0.060
1757368280.489714,20057.805,0.060
1757368280.491783,20059.875,0.060
1757368280.493854,20061.945,0.060
1757368280.495924,20064.015,0.060
1757368280.497994,20066.085,0.060
1757368280.500023,20068.114,0.060
1757368280.502091,20070.183,0.060
1757368280.504158,20072.249,0.060
1757368280.506227,20074.318,0.060
1757368280.508296,20076.387,0.060
1757368280.510365,20078.456,0.060
1757368280.512434,20080.525,0.060
1757368280.514503,20082.594,0.060
1757368280.516570,20084.661,0.060
1757368280.518639,20086.730,0.060
1757368280.520708,20088.799,0.060
1757368280.522778,20090.869,0.060
1757368280.524847,20092.938,0.060
1757368280.526915,20095.006,0.060
1757368280.528984,20097.075,0.060
1757368280.531054,20099.145,0.060
1757368280.533124,20101.215,0.060
1757368280.535193,20103.285,0.060
1757368280.537262,20105.353,0.060
1757368280.539332,20107.423,0.060
1757368280.541403,20109.494,0.060
1757368280.543472,20111.563,0.060
1757368280.545542,20113.633,0.060
1757368280.547612,20115.703,0.060
1757368280.549680,20117.772,0.060
1757368280.551750,20119.842,0.060
1757368280.553821,20121.912,0.060
1757368280.555891,20123.982,0.060
1757368280.557960,20126.051,0.060
1757368280.560022,20128.113,0.060
1757368280.562093,20130.184,0.060
1757368280.564165,20132.257,0.060
1757368280.566238,20134.330,0.060
1757368280.568305,20136.396,0.060
1757368280.570375,20138.466,0.060
1757368280.572444,20140.535,0.060
1757368280.574513,20142.604,0.060
1757368280.576581,20144.672,0.060
1757368280.578650,20146.742,0.060
1757368280.580719,20148.811,0.060
1757368280.582789,20150.880,0.060
1757368280.584858,20152.949,0.060
1757368280.586928,20155.019,0.060
1757368280.588995,20157.086,0.060
1757368280.591065,20159.157,0.060
1757368280.593133,20161.224,0.060
1757368280.595203,20163.294,0.060
1757368280.597272,20165.364,0.060
1757368280.599342,20167.433,0.060
1757368280.601413,20169.504,0.060
1757368280.603483,20171.574,0.060
1757368280.605554,20173.645,0.060
1757368280.607623,20175.714,0.060
1757368280.609694,20177.785,0.060
1757368280.611764,20179.855,0.060
1757368280.613834,20181.925,0.060
1757368280.615906,20183.997,0.060
1757368280.617976,20186.067,0.060
1757368280.620027,20188.118,0.060
1757368280.622099,20190.190,0.060
1757368280.624167,20192.258,0.060
1757368280.626236,20194.328,0.060
1757368280.628304,20196.396,0.060
1757368280.630373,20198.465,0.060
1757368280.632442,20200.533,0.060
1757368280.634512,20202.603,0.060
1757368280.636581,20204.673,0.060
1757368280.638651,20206.742,0.060
1757368280.640720,20208.811,0.060
1757368280.642789,20210.881,0.060
1757368280.644857,20212.948,0.060
1757368280.646927,20215.018,0.060
1757368280.648994,20217.086,0.060
1757368280.651064,20219.155,0.060
1757368280.653132,20221.223,0.060
1757368280.655201,20223.292,0.060
1757368280.657269,20225.361,0.060
1757368280.659338,20227.429,0.060
1757368280.661409,20229.501,0.060
1757368280.663479,20231.570,0.060
1757368280.665551,20233.642,0.060
1757368280.667621,20235.712,0.060
1757368280.669690,20237.781,0.060
1757368280.671760,20239.851,0.060
1757368280.673829,20241.920,0.060
1757368280.675898,20243.989,0.060
1757368280.677966,20246.058,0.060
1757368280.680022,20248.113,0.060
1757368280.682091,20250.182,0.060
1757368280.684159,20252.250,0.060
1757368280.686229,20254.320,0.060
1757368280.688295,20256.386,0.060
1757368280.690365,20258.456,0.060
1757368280.692437,20260.529,0.060
1757368280.694507,20262.598,0.060
1757368280.696575,20264.666,0.060
1757368280.698644,20266.735,0.060
1757368280.700713,20268.804,0.060
1757368280.702782,20270.873,0.060
1757368280.704849,20272.941,0.060
1757368280.706919,20275.010,0.060
1757368280.708991,20277.082,0.060
1757368280.711060,20279.151,0.060
1757368280.713129,20281.220,0.060
1757368280.715198,20283.289,0.060
1757368280.717274,20285.365,0.060
1757368280.719343,20287.434,0.060
1757368280.721413,20289.504,0.060
1757368280.723482,20291.574,0.060
1757368280.725552,20293.643,0.060
1757368280.727621,20295.712,0.060
1757368280.729690,20297.781,0.060
1757368280.731759,20299.850,0.060
1757368280.733828,20301.919,0.060
1757368280.735899,20303.990,0.060
1757368280.737967,20306.058,0.060
1757368280.740027,20308.118,0.060
1757368280.742096,20310.187,0.060
1757368280.744164,20312.255,0.060
1757368280.746233,20314.324,0.060
1757368280.748301,20316.392,0.060
1757368280.750370,20318.461,0.060
1757368280.752437,20320.528,0.060
1757368280.754506,20322.598,0.060
1757368280.756574,20324.666,0.060
1757368280.758644,20326.735,0.060
1757368280.760712,20328.803,0.060
1757368280.762781,20330.872,0.060
1757368280.764849,20332.940,0.060
1757368280.766918,20335.009,0.060
1757368280.768988,20337.079,0.060
1757368280.771059,20339.150,0.060
1757368280.773127,20341.218,0.060
1757368280.775196,20343.287,0.060
1757368280.777264,20345.355,0.060
1757368280.779334,20347.425,0.060
1757368280.781404,20349.495,0.060
1757368280.783473,20351.564,0.060
1757368280.785543,20353.634,0.060
1757368280.787612,20355.704,0.060
1757368280.789681,20357.772,0.060
1757368280.791750,20359.842,0.060
1757368280.793820,20361.911,0.060
1757368280.795890,20363.981,0.060
1757368280.797960,20366.051,0.060
1757368280.800022,20368.113,0.060
1757368280.802092,20370.183,0.060
1757368280.804161,20372.252,0.060
1757368280.806230,20374.321,0.060
1757368280.808297,20376.388,0.060
1757368280.810366,20378.457,0.060
1757368280.812435,20380.526,0.060
1757368280.814504,20382.595,0.060
1757368280.816572,20384.663,0.060
1757368280.818641,20386.732,0.060
1757368280.820710,20388.801,0.060
1757368280.822780,20390.871,0.060
1757368280.824848,20392.939,0.060
1757368280.826917,20395.009,0.060
1757368280.828988,20397.079,0.060
1757368280.831058,20399.149,0.060
1757368280.833129,20401.220,0.060
1757368280.835198,20403.289,0.060
1757368280.837266,20405.357,0.060
1757368280.839335,20407.427,0.060
1757368280.841406,20409.497,0.060
1757368280.843475,20411.566,0.060
1757368280.845543,20413.635,0.060
1757368280.847613,20415.704,0.060
1757368280.849682,20417.773,0.060
1757368280.851752,20419.843,0.060
1757368280.853822,20421.913,0.060
1757368280.855892,20423.983,0.060
1757368280.857960,20426.051,0.060
1757368280.860023,20428.114,0.060
1757368280.862093,20430.184,0.060
1757368280.864162,20432.254,0.060
1757368280.866231,20434.322,0.060
1757368280.868299,20436.390,0.060
1757368280.870369,20438.460,0.060
1757368280.872436,20440.527,0.060
1757368280.874507,20442.598,0.060
1757368280.876574,20444.665,0.060
1757368280.878644,20446.735,0.060
1757368280.880712,20448.803,0.060
1757368280.882785,20450.876,0.060
1757368280.884853,20452.944,0.060
1757368280.886922,20455.013,0.060
1757368280.888993,20457.084,0.060
1757368280.891062,20459.154,0.060
1757368280.893131,20461.222,0.060
1757368280.895199,20463.290,0.060
1757368280.897269,20465.360,0.060
1757368280.899338,20467.429,0.060
1757368280.901407,20469.498,0.060
1757368280.903476,20471.567,0.060
1757368280.905546,20473.637,0.060
1757368280.907615,20475.706,0.060
1757368280.909685,20477.776,0.060
1757368280.911755,20479.846,0.060
1757368280.913824,20481.915,0.060
1757368280.915893,20483.984,0.060
1757368280.917963,20486.054,0.060
1757368280.920028,20488.119,0.060
1757368280.922097,20490.188,0.060
1757368280.924166,20492.258,0.060
1757368280.926235,20494.326,0.060
1757368280.928303,20496.394,0.060
1757368280.930372,20498.463,0.060
1757368280.932442,20500.533,0.060
1757368280.934511,20502.602,0.060
1757368280.936579,20504.670,0.060
1757368280.938649,20506.740,0.060
1757368280.940717,20508.808,0.060
1757368280.942786,20510.877,0.060
1757368280.944855,20512.946,0.060
1757368280.946925,20515.016,0.060
1757368280.948993,20517.085,0.060
1757368280.951063,20519.154,0.060
1757368280.953131,20521.222,0.060
1757368280.955201,20523.292,0.060
1757368280.957273,20525.364,0.060
1757368280.959349,20527.440,0.060
1757368280.961419,20529.510,0.060
1757368280.963490,20531.581,0.060
1757368280.965559,20533.650,0.060
1757368280.967629,20535.720,0.060
1757368280.969698,20537.789,0.060
1757368280.971767,20539.858,0.060
1757368280.973835,20541.927,0.060
1757368280.975907,20543.998,0.060
1757368280.977976,20546.067,0.060
1757368280.980021,20548.112,0.060
1757368280.982089,20550.180,0.060
1757368280.984160,20552.251,0.060
1757368280.986229,20554.320,0.060
1757368280.988296,20556.387,0.060
1757368280.990365,20558.456,0.060
1757368280.992435,20560.526,0.060
1757368280.994504,20562.595,0.060
1757368280.996572,20564.663,0.060
1757368280.998641,20566.732,0.060
1757368281.000712,20568.803,0.060
1757368281.002780,20570.872,0.060
1757368281.004849,20572.940,0.060
1757368281.006918,20575.010,0.060
1757368281.008987,20577.078,0.060
1757368281.011056,20579.147,0.060
1757368281.013125,20581.217,0.060
1757368281.015194,20583.286,0.060
1757368281.017263,20585.355,0.060
1757368281.019333,20587.425,0.060
1757368281.021404,20589.495,0.060
1757368281.023473,20591.564,0.060
1757368281.025542,20593.633,0.060
1757368281.027611,20595.702,0.060
1757368281.029679,20597.770,0.060
1757368281.031748,20599.839,0.060
1757368281.033816,20601.907,0.060
1757368281.035886,20603.977,0.060
1757368281.037955,20606.046,0.060
1757368281.040023,20608.114,0.060
1757368281.042092,20610.183,0.060
1757368281.044160,20612.252,0.060
1757368281.046230,20614.321,0.060
1757368281.048301,20616.392,0.060
1757368281.050370,20618.461,0.060
1757368281.052438,20620.529,0.060
1757368281.054507,20622.598,0.060
1757368281.056574,20624.665,0.060
1757368281.058643,20626.734,0.060
1757368281.060715,20628.807,0.060
1757368281.062785,20630.876,0.060
1757368281.064852,20632.943,0.060
1757368281.066921,20635.012,0.060
1757368281.068989,20637.080,0.060
1757368281.071057,20639.148,0.060
1757368281.073125,20641.217,0.060
1757368281.075194,20643.286,0.060
1757368281.077265,20645.356,0.060
1757368281.079334,20647.425,0.060
1757368281.081405,20649.497,0.060
1757368281.083475,20651.566,0.060
1757368281.085544,20653.635,0.060
1757368281.087614,20655.705,0.060
1757368281.089683,20657.774,0.060
1757368281.091753,20659.844,0.060
1757368281.093822,20661.913,0.060
1757368281.095891,20663.982,0.060
1757368281.097959,20666.050,0.060
1757368281.100026,20668.117,0.060
1757368281.102095,20670.186,0.060
1757368281.104163,20672.254,0.060
1757368281.106233,20674.325,0.060
1757368281.108300,20676.392,0.060
1757368281.110369,20678.460,0.060
1757368281.112437,20680.528,0.060
1757368281.114506,20682.597,0.060
1757368281.116574,20684.665,0.060
1757368281.118643,20686.734,0.060
1757368281.120713,20688.804,0.060
1757368281.122782,20690.874,0.060
1757368281.124851,20692.942,0.060
1757368281.126920,20695.011,0.060
1757368281.128989,20697.080,0.060
1757368281.131057,20699.148,0.060
1757368281.133125,20701.216,0.060
1757368281.135193,20703.285,0.060
1757368281.137263,20705.354,0.060
1757368281.139332,20707.423,0.060
1757368281.141403,20709.494,0.060
1757368281.143472,20711.563,0.060
1757368281.145542,20713.633,0.060
1757368281.147611,20715.703,0.060
1757368281.149680,20717.771,0.060
1757368281.151750,20719.841,0.060
1757368281.153819,20721.910,0.060
1757368281.155889,20723.980,0.060
1757368281.157958,20726.049,0.060
1757368281.160026,20728.117,0.060
1757368281.162095,20730.186,0.060
1757368281.164164,20732.255,0.060
1757368281.166233,20734.324,0.060
1757368281.168301,20736.392,0.060
1757368281.170370,20738.461,0.060
1757368281.172437,20740.528,0.060
1757368281.174506,20742.597,0.060
1757368281.176573,20744.664,0.060
1757368281.178646,20746.737,0.060
1757368281.180714,20748.805,0.060
1757368281.182783,20750.874,0.060
1757368281.184854,20752.945,0.060
1757368281.186923,20755.014,0.060
1757368281.188993,20757.084,0.060
1757368281.191064,20759.155,0.060
1757368281.193134,20761.225,0.060
1757368281.195203,20763.294,0.060
1757368281.197272,20765.363,0.060
1757368281.199342,20767.433,0.060
1757368281.201411,20769.502,0.060
1757368281.203480,20771.571,0.060
1757368281.205549,20773.640,0.060
1757368281.207618,20775.709,0.060
1757368281.209687,20777.778,0.060
1757368281.211756,20779.848,0.060
1757368281.213826,20781.918,0.060
1757368281.215896,20783.987,0.060
1757368281.217965,20786.056,0.060
1757368281.220026,20788.117,0.060
1757368281.222095,20790.186,0.060
1757368281.224163,20792.254,0.060
1757368281.226231,20794.322,0.060
1757368281.228298,20796.390,0.060
1757368281.230368,20798.459,0.060
1757368281.232434,20800.525,0.060
1757368281.234503,20802.594,0.060
1757368281.236569,20804.660,0.060
1757368281.238639,20806.731,0.060
1757368281.240708,20808.799,0.060
1757368281.242777,20810.868,0.060
1757368281.244846,20812.937,0.060
1757368281.246915,20815.006,0.060
1757368281.248982,20817.073,0.060
1757368281.251052,20819.143,0.060
1757368281.253121,20821.212,0.060
1757368281.255190,20823.281,0.060
1757368281.257257,20825.349,0.060
1757368281.259327,20827.418,0.060
1757368281.261396,20829.488,0.060
1757368281.263465,20831.556,0.060
1757368281.265535,20833.626,0.060
1757368281.267603,20835.695,0.060
1757368281.269672,20837.763,0.060
1757368281.271743,20839.834,0.060
1757368281.273811,20841.902,0.060
1757368281.275881,20843.972,0.060
1757368281.277950,20846.041,0.060
1757368281.280030,20848.122,0.060
1757368281.282100,20850.191,0.060
1757368281.284170,20852.261,0.060
1757368281.286239,20854.330,0.060
1757368281.288305,20856.396,0.060
1757368281.290374,20858.465,0.060
1757368281.292443,20860.534,0.060
1757368281.294512,20862.603,0.060
1757368281.296582,20864.673,0.060
1757368281.298652,20866.743,0.060
1757368281.300721,20868.812,0.060
1757368281.302790,20870.881,0.060
1757368281.304858,20872.949,0.060
1757368281.306927,20875.019,0.060
1757368281.308996,20877.087,0.060
1757368281.311066,20879.157,0.060
1757368281.313133,20881.224,0.060
1757368281.315202,20883.293,0.060
1757368281.317272,20885.363,0.060
1757368281.319342,20887.433,0.060
1757368281.321413,20889.504,0.060
1757368281.323483,20891.574,0.060
1757368281.325551,20893.642,0.060
1757368281.327621,20895.713,0.060
1757368281.329690,20897.781,0.060
1757368281.331759,20899.850,0.060
1757368281.333828,20901.919,0.060
1757368281.335896,20903.988,0.060
1757368281.337965,20906.057,0.060
1757368281.340029,20908.120,0.060
1757368281.342098,20910.189,0.060
1757368281.344167,20912.258,0.060
1757368281.346236,20914.328,0.060
1757368281.348303,20916.394,0.060
1757368281.350373,20918.464,0.060
1757368281.352439,20920.530,0.060
1757368281.354509,20922.600,0.060
1757368281.356577,20924.669,0.060
1757368281.358648,20926.739,0.060
1757368281.360717,20928.808,0.060
1757368281.362785,20930.876,0.060
1757368281.364851,20932.943,0.060
1757368281.366921,20935.012,0.060
1757368281.368989,20937.081,0.060
1757368281.371059,20939.150,0.060
1757368281.373128,20941.219,0.060
1757368281.375197,20943.288,0.060
1757368281.377266,20945.358,0.060
1757368281.379336,20947.427,0.060
1757368281.381407,20949.498,0.060
1757368281.383476,20951.568,0.060
1757368281.385550,20953.641,0.060
1757368281.387619,20955.710,0.060
1757368281.389688,20957.779,0.060
1757368281.391757,20959.848,0.060
1757368281.393827,20961.918,0.060
1757368281.395896,20963.987,0.060
1757368281.397964,20966.055,0.060
1757368281.400019,20968.110,0.060
1757368281.402092,20970.184,0.060
1757368281.404161,20972.252,0.060
1757368281.406233,20974.324,0.060
1757368281.408292,20976.383,0.060
1757368281.410349,20978.441,0.060
1757368281.412407,20980.499,0.060
1757368281.414464,20982.555,0.060
1757368281.416521,20984.612,0.060
1757368281.418578,20986.669,0.060
1757368281.420635,20988.726,0.060
1757368281.422695,20990.786,0.060
1757368281.424753,20992.844,0.060
1757368281.426812,20994.903,0.060
1757368281.428872,20996.963,0.060
1757368281.430932,20999.023,0.060
1757368281.432991,21001.082,0.060
1757368281.435053,21003.145,0.060
1757368281.437115,21005.207,0.060
1757368281.439178,21007.269,0.060
1757368281.441242,21009.333,0.060
1757368281.443304,21011.395,0.060
1757368281.445366,21013.457,0.060
1757368281.447428,21015.519,0.060
1757368281.449492,21017.584,0.060
1757368281.451558,21019.649,0.060
1757368281.453623,21021.714,0.060
1757368281.455688,21023.779,0.060
1757368281.457752,21025.844,0.060
1757368281.459819,21027.910,0.060
1757368281.461888,21029.979,0.060
1757368281.463955,21032.046,0.060
1757368281.466027,21034.118,0.060
1757368281.468092,21036.183,0.060
1757368281.470162,21038.254,0.060
1757368281.472231,21040.323,0.060
1757368281.474300,21042.392,0.060
1757368281.476365,21044.456,0.060
1757368281.478435,21046.526,0.060
1757368281.480504,21048.595,0.060
1757368281.482573,21050.664,0.060
1757368281.484639,21052.730,0.060
1757368281.486709,21054.800,0.060
1757368281.488777,21056.868,0.060
1757368281.490846,21058.937,0.060
1757368281.492913,21061.004,0.060
1757368281.494982,21063.073,0.060
1757368281.497051,21065.143,0.060
1757368281.499121,21067.212,0.060
1757368281.501188,21069.279,0.060
1757368281.503256,21071.347,0.060
1757368281.505326,21073.417,0.060
1757368281.507395,21075.486,0.060
1757368281.509465,21077.556,0.060
1757368281.511534,21079.625,0.060
1757368281.513603,21081.694,0.060
1757368281.515672,21083.763,0.060
1757368281.517741,21085.832,0.060
1757368281.519810,21087.901,0.060
1757368281.521879,21089.970,0.060
1757368281.523948,21092.040,0.060
1757368281.526017,21094.109,0.060
1757368281.528083,21096.174,0.060
1757368281.530154,21098.245,0.060
1757368281.532223,21100.315,0.060
1757368281.534294,21102.385,0.060
1757368281.536360,21104.451,0.060
1757368281.538431,21106.522,0.060
1757368281.540500,21108.591,0.060
1757368281.542569,21110.660,0.060
1757368281.544640,21112.731,0.060
1757368281.546710,21114.802,0.060
1757368281.548780,21116.871,0.060
1757368281.550850,21118.941,0.060
1757368281.552916,21121.007,0.060
1757368281.554985,21123.076,0.060
1757368281.557055,21125.146,0.060
1757368281.559123,21127.214,0.060
1757368281.561191,21129.282,0.060
1757368281.563261,21131.352,0.060
1757368281.565330,21133.421,0.060
1757368281.567399,21135.490,0.060
1757368281.569470,21137.561,0.060
1757368281.571539,21139.630,0.060
1757368281.573608,21141.699,0.060
1757368281.575678,21143.769,0.060
1757368281.577748,21145.839,0.060
1757368281.579817,21147.908,0.060
1757368281.581886,21149.977,0.060
1757368281.583966,21152.057,0.060
1757368281.586037,21154.128,0.060
1757368281.588106,21156.198,0.060
1757368281.590179,21158.271,0.060
1757368281.592250,21160.341,0.060
1757368281.594320,21162.411,0.060
1757368281.596388,21164.479,0.060
1757368281.598458,21166.549,0.060
1757368281.600529,21168.620,0.060
1757368281.602598,21170.689,0.060
1757368281.604666,21172.757,0.060
1757368281.606735,21174.826,0.060
1757368281.608804,21176.895,0.060
1757368281.610873,21178.965,0.060
1757368281.612942,21181.033,0.060
1757368281.615011,21183.102,0.060
1757368281.617080,21185.171,0.060
1757368281.619150,21187.241,0.060
1757368281.621220,21189.311,0.060
1757368281.623290,21191.381,0.060
1757368281.625362,21193.453,0.060
1757368281.627431,21195.523,0.060
1757368281.629501,21197.592,0.060
1757368281.631571,21199.662,0.060
1757368281.633641,21201.732,0.060
1757368281.635709,21203.800,0.060
1757368281.637779,21205.870,0.060
1757368281.639848,21207.940,0.060
1757368281.641917,21210.009,0.060
1757368281.643987,21212.078,0.060
1757368281.646056,21214.148,0.060
1757368281.648124,21216.215,0.060
1757368281.650193,21218.284,0.060
1757368281.652262,21220.354,0.060
1757368281.654332,21222.424,0.060
1757368281.656399,21224.490,0.060
1757368281.658485,21226.577,0.060
1757368281.660874,21228.965,0.060
1757368281.662959,21231.050,0.060
1757368281.665030,21233.121,0.060
1757368281.667102,21235.193,0.060
1757368281.669171,21237.262,0.060
1757368281.671242,21239.333,0.060
1757368281.673311,21241.402,0.060
1757368281.675382,21243.473,0.060
1757368281.677452,21245.543,0.060
1757368281.679521,21247.612,0.060
1757368281.681593,21249.684,0.060
1757368281.683661,21251.753,0.060
1757368281.685731,21253.822,0.060
1757368281.687800,21255.891,0.060
1757368281.689869,21257.960,0.060
1757368281.691938,21260.029,0.060
1757368281.694007,21262.099,0.060
1757368281.696074,21264.165,0.060
1757368281.698143,21266.234,0.060
1757368281.700213,21268.304,0.060
1757368281.702282,21270.373,0.060
1757368281.704350,21272.441,0.060
1757368281.706418,21274.509,0.060
1757368281.708486,21276.577,0.060
1757368281.710555,21278.646,0.060
1757368281.712622,21280.713,0.060
1757368281.714691,21282.782,0.060
1757368281.716761,21284.852,0.060
1757368281.718829,21286.920,0.060
1757368281.720898,21288.989,0.060
1757368281.722967,21291.059,0.060
1757368281.725036,21293.128,0.060
1757368281.727106,21295.197,0.060
1757368281.729174,21297.265,0.060
1757368281.731242,21299.333,0.060
1757368281.733309,21301.400,0.060
1757368281.735379,21303.470,0.060
1757368281.737449,21305.540,0.060
1757368281.739518,21307.609,0.060
1757368281.741586,21309.677,0.060
1757368281.743655,21311.747,0.060
1757368281.745725,21313.816,0.060
1757368281.747794,21315.886,0.060
1757368281.749863,21317.955,0.060
1757368281.751933,21320.024,0.060
1757368281.754002,21322.093,0.060
1757368281.756069,21324.160,0.060
1757368281.758138,21326.230,0.060
1757368281.760206,21328.297,0.060
1757368281.762275,21330.366,0.060
1757368281.764341,21332.432,0.060
1757368281.766410,21334.501,0.060
1757368281.768478,21336.569,0.060
1757368281.770547,21338.638,0.060
1757368281.772616,21340.707,0.060
1757368281.774684,21342.775,0.060
1757368281.776753,21344.844,0.060
1757368281.778822,21346.913,0.060
1757368281.780889,21348.980,0.060
1757368281.782958,21351.049,0.060
1757368281.785024,21353.116,0.060
1757368281.787093,21355.185,0.060
1757368281.789160,21357.252,0.060
1757368281.791229,21359.320,0.060
1757368281.793299,21361.390,0.060
1757368281.795368,21363.460,0.060
1757368281.797438,21365.530,0.060
1757368281.799508,21367.599,0.060
1757368281.801577,21369.668,0.060
1757368281.803646,21371.737,0.060
1757368281.805715,21373.806,0.060
1757368281.807784,21375.875,0.060
1757368281.809853,21377.944,0.060
1757368281.811922,21380.013,0.060
1757368281.813992,21382.083,0.060
1757368281.816022,21384.113,0.060
1757368281.818091,21386.182,0.060
1757368281.820160,21388.251,0.060
1757368281.822229,21390.320,0.060
1757368281.824295,21392.386,0.060
1757368281.826364,21394.455,0.060
1757368281.828432,21396.523,0.060
1757368281.830501,21398.592,0.060
1757368281.832568,21400.660,0.060
1757368281.834637,21402.728,0.060
1757368281.836704,21404.795,0.060
1757368281.838773,21406.865,0.060
1757368281.840840,21408.931,0.060
1757368281.842909,21411.000,0.060
1757368281.844977,21413.068,0.060
1757368281.847046,21415.137,0.060
1757368281.849115,21417.206,0.060
1757368281.851184,21419.275,0.060
1757368281.853254,21421.345,0.060
1757368281.855322,21423.414,0.060
1757368281.857391,21425.483,0.060
1757368281.859460,21427.551,0.060
1757368281.861528,21429.620,0.060
1757368281.863597,21431.689,0.060
1757368281.865666,21433.757,0.060
1757368281.867736,21435.827,0.060
1757368281.869804,21437.895,0.060
1757368281.871873,21439.964,0.060
1757368281.873942,21442.033,0.060
1757368281.876029,21444.120,0.060
1757368281.878098,21446.189,0.060
1757368281.880167,21448.258,0.060
1757368281.882236,21450.327,0.060
1757368281.884303,21452.394,0.060
1757368281.886371,21454.463,0.060
1757368281.888443,21456.534,0.060
1757368281.890511,21458.602,0.060
1757368281.892578,21460.669,0.060
1757368281.894646,21462.737,0.060
1757368281.896714,21464.805,0.060
1757368281.898783,21466.874,0.060
1757368281.900850,21468.941,0.060
1757368281.902919,21471.010,0.060
1757368281.904987,21473.078,0.060
1757368281.907056,21475.147,0.060
1757368281.909127,21477.218,0.060
1757368281.911197,21479.288,0.060
1757368281.913272,21481.363,0.060
1757368281.915341,21483.432,0.060
1757368281.917412,21485.503,0.060
1757368281.919482,21487.573,0.060
1757368281.921552,21489.643,0.060
1757368281.923620,21491.712,0.060
1757368281.925690,21493.781,0.060
1757368281.927760,21495.851,0.060
1757368281.929830,21497.921,0.060
1757368281.931900,21499.991,0.060
1757368281.933968,21502.059,0.060
1757368281.936024,21504.115,0.060
1757368281.938094,21506.185,0.060
1757368281.940163,21508.254,0.060
1757368281.942233,21510.324,0.060
1757368281.944299,21512.390,0.060
1757368281.946369,21514.460,0.060
1757368281.948438,21516.529,0.060
1757368281.950506,21518.597,0.060
1757368281.952572,21520.663,0.060
1757368281.954641,21522.732,0.060
1757368281.956711,21524.802,0.060
1757368281.958780,21526.871,0.060
1757368281.960848,21528.939,0.060
1757368281.962916,21531.007,0.060
1757368281.964985,21533.076,0.060
1757368281.967055,21535.146,0.060
1757368281.969123,21537.214,0.060
1757368281.971192,21539.283,0.060
1757368281.973260,21541.351,0.060
1757368281.975329,21543.420,0.060
1757368281.977399,21545.491,0.060
1757368281.979468,21547.559,0.060
1757368281.981537,21549.628,0.060
1757368281.983607,21551.698,0.060
1757368281.985676,21553.767,0.060
1757368281.987745,21555.836,0.060
1757368281.989815,21557.906,0.060
1757368281.991884,21559.975,0.060
1757368281.993953,21562.044,0.060
1757368281.996023,21564.114,0.060
1757368281.998092,21566.183,0.060
1757368282.000160,21568.252,0.060
1757368282.002231,21570.322,0.060
1757368282.004298,21572.389,0.060
1757368282.006367,21574.459,0.060
1757368282.008434,21576.525,0.060
1757368282.010504,21578.595,0.060
1757368282.012570,21580.661,0.060
1757368282.014639,21582.730,0.060
1757368282.016708,21584.799,0.060
1757368282.018778,21586.869,0.060
1757368282.020848,21588.939,0.060
1757368282.022917,21591.008,0.060
1757368282.024990,21593.081,0.060
1757368282.027060,21595.151,0.060
1757368282.029128,21597.219,0.060
1757368282.031197,21599.288,0.060
1757368282.033265,21601.356,0.060
1757368282.035335,21603.426,0.060
1757368282.037406,21605.497,0.060
1757368282.039476,21607.567,0.060
1757368282.041544,21609.636,0.060
1757368282.043614,21611.705,0.060
1757368282.045683,21613.774,0.060
1757368282.047752,21615.844,0.060
1757368282.049821,21617.913,0.060
1757368282.051893,21619.984,0.060
1757368282.053963,21622.054,0.060
1757368282.056025,21624.116,0.060
1757368282.058094,21626.185,0.060
1757368282.060163,21628.254,0.060
1757368282.062232,21630.323,0.060
1757368282.064299,21632.390,0.060
1757368282.066672,21634.763,0.060
1757368282.068750,21636.841,0.060
1757368282.070822,21638.914,0.060
1757368282.072895,21640.986,0.060
1757368282.074966,21643.057,0.060
1757368282.077035,21645.126,0.060
1757368282.079105,21647.196,0.060
1757368282.081177,21649.268,0.060
1757368282.083246,21651.337,0.060
1757368282.085315,21653.406,0.060
1757368282.087384,21655.475,0.060
1757368282.089455,21657.547,0.060
1757368282.091525,21659.616,0.060
1757368282.093594,21661.685,0.060
1757368282.095665,21663.756,0.060
1757368282.097733,21665.824,0.060
1757368282.099803,21667.894,0.060
1757368282.101874,21669.965,0.060
1757368282.103944,21672.035,0.060
1757368282.106015,21674.106,0.060
1757368282.108083,21676.174,0.060
1757368282.110152,21678.243,0.060
1757368282.112219,21680.310,0.060
1757368282.114288,21682.379,0.060
1757368282.116355,21684.446,0.060
1757368282.118423,21686.514,0.060
1757368282.120491,21688.582,0.060
1757368282.122561,21690.652,0.060
1757368282.124627,21692.719,0.060
1757368282.126699,21694.790,0.060
1757368282.128767,21696.858,0.060
1757368282.130836,21698.927,0.060
1757368282.132905,21700.997,0.060
1757368282.134975,21703.066,0.060
1757368282.137044,21705.135,0.060
1757368282.139113,21707.204,0.060
1757368282.141181,21709.272,0.060
1757368282.143559,21711.650,0.060
1757368282.145647,21713.738,0.060
1757368282.147722,21715.813,0.060
1757368282.149797,21717.888,0.060
1757368282.151867,21719.958,0.060
1757368282.153938,21722.029,0.060
1757368282.156023,21724.114,0.060
1757368282.158092,21726.184,0.060
1757368282.160159,21728.250,0.060
1757368282.162228,21730.319,0.060
1757368282.164296,21732.388,0.060
1757368282.166366,21734.457,0.060
1757368282.168432,21736.523,0.060
1757368282.170501,21738.593,0.060
1757368282.172568,21740.659,0.060
1757368282.174637,21742.728,0.060
1757368282.176706,21744.797,0.060
1757368282.178774,21746.865,0.060
1757368282.180842,21748.934,0.060
1757368282.182911,21751.002,0.060
1757368282.184978,21753.069,0.060
1757368282.187047,21755.138,0.060
1757368282.189116,21757.207,0.060
1757368282.191185,21759.276,0.060
1757368282.193253,21761.344,0.060
1757368282.195322,21763.413,0.060
1757368282.197392,21765.484,0.060
1757368282.199461,21767.553,0.060
1757368282.201530,21769.622,0.060
1757368282.203600,21771.691,0.060
1757368282.205669,21773.760,0.060
1757368282.207739,21775.830,0.060
1757368282.209807,21777.898,0.060
1757368282.211876,21779.967,0.060
1757368282.213944,21782.036,0.060
1757368282.216023,21784.115,0.060
1757368282.218093,21786.185,0.060
1757368282.220162,21788.253,0.060
1757368282.222230,21790.322,0.060
1757368282.224296,21792.387,0.060
1757368282.226365,21794.456,0.060
1757368282.228435,21796.526,0.060
1757368282.230503,21798.594,0.060
1757368282.232571,21800.662,0.060
1757368282.234640,21802.731,0.060
1757368282.236708,21804.800,0.060
1757368282.238777,21806.869,0.060
1757368282.240845,21808.936,0.060
1757368282.242914,21811.005,0.060
1757368282.244985,21813.076,0.060
1757368282.247053,21815.145,0.060
1757368282.249121,21817.212,0.060
1757368282.251190,21819.281,0.060
1757368282.253258,21821.349,0.060
1757368282.255327,21823.418,0.060
1757368282.257397,21825.488,0.060
1757368282.259466,21827.557,0.060
1757368282.261535,21829.626,0.060
1757368282.263603,21831.695,0.060
1757368282.265673,21833.764,0.060
1757368282.267743,21835.834,0.060
1757368282.269812,21837.903,0.060
1757368282.271880,21839.972,0.060
1757368282.273949,21842.040,0.060
1757368282.276030,21844.121,0.060
1757368282.278100,21846.191,0.060
1757368282.280169,21848.260,0.060
1757368282.282237,21850.328,0.060
1757368282.284304,21852.395,0.060
1757368282.286373,21854.464,0.060
1757368282.288442,21856.533,0.060
1757368282.290511,21858.602,0.060
1757368282.292579,21860.670,0.060
1757368282.294648,21862.739,0.060
1757368282.296716,21864.807,0.060
1757368282.298785,21866.877,0.060
1757368282.300852,21868.943,0.060
1757368282.302921,21871.012,0.060
1757368282.304991,21873.083,0.060
1757368282.307061,21875.153,0.060
1757368282.309130,21877.221,0.060
1757368282.311199,21879.291,0.060
1757368282.313269,21881.360,0.060
1757368282.315339,21883.430,0.060
1757368282.317409,21885.500,0.060
1757368282.319478,21887.569,0.060
1757368282.321547,21889.638,0.060
1757368282.323617,21891.708,0.060
1757368282.325685,21893.776,0.060
1757368282.327754,21895.845,0.060
1757368282.329824,21897.915,0.060
1757368282.331894,21899.985,0.060
1757368282.333963,21902.054,0.060
1757368282.336021,21904.112,0.060
1757368282.338090,21906.181,0.060
1757368282.340159,21908.250,0.060
1757368282.342227,21910.318,0.060
1757368282.344293,21912.384,0.060
1757368282.346363,21914.454,0.060
1757368282.348432,21916.523,0.060
1757368282.350502,21918.593,0.060
1757368282.352568,21920.660,0.060
1757368282.354638,21922.729,0.060
1757368282.356707,21924.798,0.060
1757368282.358778,21926.869,0.060
1757368282.360845,21928.936,0.060
1757368282.362914,21931.005,0.060
1757368282.364985,21933.076,0.060
1757368282.367054,21935.145,0.060
1757368282.369124,21937.215,0.060
1757368282.371193,21939.284,0.060
1757368282.373262,21941.353,0.060
1757368282.375330,21943.421,0.060
1757368282.377400,21945.491,0.060
1757368282.379469,21947.561,0.060
1757368282.381538,21949.629,0.060
1757368282.383607,21951.698,0.060
1757368282.385675,21953.766,0.060
1757368282.387744,21955.835,0.060
1757368282.389813,21957.904,0.060
1757368282.391882,21959.973,0.060
1757368282.393952,21962.043,0.060
1757368282.396023,21964.114,0.060
1757368282.398091,21966.182,0.060
1757368282.400160,21968.251,0.060
1757368282.402229,21970.320,0.060
1757368282.404295,21972.386,0.060
1757368282.406375,21974.466,0.060
1757368282.408484,21976.575,0.060
1757368282.410561,21978.652,0.060
1757368282.412620,21980.711,0.060
1757368282.414677,21982.768,0.060
1757368282.416734,21984.825,0.060
1757368282.418791,21986.882,0.060
1757368282.420848,21988.939,0.060
1757368282.422907,21990.999,0.060
1757368282.424966,21993.057,0.060
1757368282.427024,21995.116,0.060
1757368282.429083,21997.174,0.060
1757368282.431144,21999.235,0.060
1757368282.433203,22001.294,0.060
1757368282.435263,22003.354,0.060
1757368282.437322,22005.414,0.060
1757368282.439384,22007.475,0.060
1757368282.441446,22009.537,0.060
1757368282.443508,22011.600,0.060
1757368282.445570,22013.662,0.060
1757368282.447633,22015.724,0.060
1757368282.449696,22017.787,0.060
1757368282.451761,22019.852,0.060
1757368282.453825,22021.916,0.060
1757368282.455889,22023.980,0.060
1757368282.457953,22026.044,0.060
1757368282.460016,22028.107,0.060
1757368282.462085,22030.176,0.060
1757368282.464152,22032.243,0.060
1757368282.466223,22034.314,0.060
1757368282.468291,22036.382,0.060
1757368282.470360,22038.451,0.060
1757368282.472429,22040.520,0.060
1757368282.474499,22042.590,0.060
1757368282.476566,22044.657,0.060
1757368282.478634,22046.725,0.060
1757368282.480702,22048.793,0.060
1757368282.482771,22050.862,0.060
1757368282.484840,22052.931,0.060
1757368282.486909,22055.000,0.060
1757368282.488979,22057.070,0.060
1757368282.491047,22059.138,0.060
1757368282.493116,22061.207,0.060
1757368282.495185,22063.277,0.060
1757368282.497254,22065.346,0.060
1757368282.499323,22067.414,0.060
1757368282.501394,22069.485,0.060
1757368282.503464,22071.555,0.060
1757368282.505533,22073.625,0.060
1757368282.507602,22075.694,0.060
1757368282.509671,22077.763,0.060
1757368282.511741,22079.832,0.060
1757368282.513810,22081.902,0.060
1757368282.515881,22083.972,0.060
1757368282.517950,22086.041,0.060
1757368282.520024,22088.115,0.060
1757368282.522093,22090.184,0.060
1757368282.524162,22092.253,0.060
1757368282.526231,22094.322,0.060
1757368282.528297,22096.389,0.060
1757368282.530367,22098.458,0.060
1757368282.532437,22100.528,0.060
1757368282.534506,22102.597,0.060
1757368282.536576,22104.667,0.060
1757368282.538646,22106.737,0.060
1757368282.540731,22108.822,0.060
1757368282.542803,22110.894,0.060
1757368282.544871,22112.962,0.060
1757368282.546939,22115.031,0.060
1757368282.549009,22117.100,0.060
1757368282.551095,22119.186,0.060
1757368282.553168,22121.259,0.060
1757368282.555238,22123.329,0.060
1757368282.557307,22125.398,0.060
1757368282.559376,22127.467,0.060
1757368282.561445,22129.536,0.060
1757368282.563514,22131.605,0.060
1757368282.565583,22133.675,0.060
1757368282.567653,22135.744,0.060
1757368282.569723,22137.814,0.060
1757368282.571792,22139.883,0.060
1757368282.573863,22141.954,0.060
1757368282.575933,22144.024,0.060
1757368282.578002,22146.093,0.060
1757368282.580069,22148.160,0.060
1757368282.582138,22150.229,0.060
1757368282.584207,22152.298,0.060
1757368282.586276,22154.367,0.060
1757368282.588343,22156.435,0.060
1757368282.590413,22158.504,0.060
1757368282.592481,22160.572,0.060
1757368282.594550,22162.641,0.060
1757368282.596618,22164.709,0.060
1757368282.598687,22166.778,0.060
1757368282.600761,22168.853,0.060
1757368282.602831,22170.922,0.060
1757368282.604899,22172.990,0.060
1757368282.606971,22175.062,0.060
1757368282.609039,22177.130,0.060
1757368282.611109,22179.200,0.060
1757368282.613178,22181.269,0.060
1757368282.615247,22183.338,0.060
1757368282.617315,22185.406,0.060
1757368282.619384,22187.475,0.060
1757368282.621453,22189.544,0.060
1757368282.623522,22191.613,0.060
1757368282.625591,22193.682,0.060
1757368282.627662,22195.753,0.060
1757368282.629736,22197.827,0.060
1757368282.631805,22199.897,0.060
1757368282.633875,22201.966,0.060
1757368282.635945,22204.036,0.060
1757368282.638016,22206.107,0.060
1757368282.640084,22208.175,0.060
1757368282.642153,22210.244,0.060
1757368282.644221,22212.312,0.060
1757368282.646290,22214.381,0.060
1757368282.648357,22216.448,0.060
1757368282.650426,22218.517,0.060
1757368282.652493,22220.584,0.060
1757368282.654563,22222.654,0.060
1757368282.656629,22224.720,0.060
1757368282.658698,22226.789,0.060
1757368282.660767,22228.858,0.060
1757368282.662837,22230.928,0.060
1757368282.664907,22232.998,0.060
1757368282.666975,22235.066,0.060
1757368282.669044,22237.135,0.060
1757368282.671113,22239.204,0.060
1757368282.673182,22241.273,0.060
1757368282.675251,22243.342,0.060
1757368282.677319,22245.410,0.060
1757368282.679388,22247.479,0.060
1757368282.681456,22249.547,0.060
1757368282.683525,22251.616,0.060
1757368282.685597,22253.688,0.060
1757368282.687667,22255.758,0.060
1757368282.689735,22257.827,0.060
1757368282.691805,22259.896,0.060
1757368282.693874,22261.965,0.060
1757368282.695943,22264.035,0.060
1757368282.698013,22266.104,0.060
1757368282.700081,22268.172,0.060
1757368282.702150,22270.241,0.060
1757368282.704221,22272.312,0.060
1757368282.706290,22274.381,0.060
1757368282.708357,22276.448,0.060
1757368282.710426,22278.517,0.060
1757368282.712495,22280.586,0.060
1757368282.714564,22282.655,0.060
1757368282.716631,22284.722,0.060
1757368282.718701,22286.792,0.060
1757368282.720769,22288.860,0.060
1757368282.722838,22290.929,0.060
1757368282.724905,22292.996,0.060
1757368282.726974,22295.065,0.060
1757368282.729043,22297.134,0.060
1757368282.731113,22299.204,0.060
1757368282.733182,22301.273,0.060
1757368282.735252,22303.343,0.060
1757368282.737320,22305.411,0.060
1757368282.739389,22307.481,0.060
1757368282.741459,22309.550,0.060
1757368282.743528,22311.619,0.060
1757368282.745597,22313.689,0.060
1757368282.747666,22315.757,0.060
1757368282.749735,22317.826,0.060
1757368282.751804,22319.895,0.060
1757368282.753873,22321.964,0.060
1757368282.755944,22324.035,0.060
1757368282.758014,22326.105,0.060
1757368282.760081,22328.172,0.060
1757368282.762149,22330.240,0.060
1757368282.764219,22332.310,0.060
1757368282.766288,22334.379,0.060
1757368282.768355,22336.446,0.060
1757368282.770425,22338.516,0.060
1757368282.772492,22340.583,0.060
1757368282.774560,22342.652,0.060
1757368282.776629,22344.720,0.060
1757368282.778698,22346.790,0.060
1757368282.780766,22348.857,0.060
1757368282.782835,22350.927,0.060
1757368282.784904,22352.995,0.060
1757368282.786973,22355.064,0.060
1757368282.789042,22357.133,0.060
1757368282.791112,22359.203,0.060
1757368282.793180,22361.271,0.060
1757368282.795250,22363.341,0.060
1757368282.797318,22365.410,0.060
1757368282.799387,22367.479,0.060
1757368282.801458,22369.550,0.060
1757368282.803527,22371.619,0.060
1757368282.805597,22373.688,0.060
1757368282.807666,22375.757,0.060
1757368282.809735,22377.826,0.060
1757368282.811805,22379.896,0.060
1757368282.813873,22381.964,0.060
1757368282.815942,22384.033,0.060
1757368282.818012,22386.103,0.060
1757368282.820078,22388.169,0.060
1757368282.822147,22390.238,0.060
1757368282.824218,22392.309,0.060
1757368282.826287,22394.378,0.060
1757368282.828354,22396.445,0.060
1757368282.830423,22398.515,0.060
1757368282.832493,22400.584,0.060
1757368282.834562,22402.653,0.060
1757368282.836631,22404.722,0.060
1757368282.838700,22406.791,0.060
1757368282.840769,22408.860,0.060
1757368282.842839,22410.930,0.060
1757368282.844906,22412.997,0.060
1757368282.846975,22415.066,0.060
1757368282.849044,22417.135,0.060
1757368282.851113,22419.204,0.060
1757368282.853186,22421.277,0.060
1757368282.855254,22423.345,0.060
1757368282.857324,22425.415,0.060
1757368282.859393,22427.485,0.060
1757368282.861463,22429.554,0.060
1757368282.863532,22431.623,0.060
1757368282.865601,22433.692,0.060
1757368282.867671,22435.762,0.060
1757368282.869740,22437.832,0.060
1757368282.871810,22439.901,0.060
1757368282.873880,22441.971,0.060
1757368282.875950,22444.041,0.060
1757368282.878018,22446.109,0.060
1757368282.880085,22448.176,0.060
1757368282.882154,22450.245,0.060
1757368282.884223,22452.314,0.060
1757368282.886292,22454.383,0.060
1757368282.888359,22456.450,0.060
1757368282.890429,22458.520,0.060
1757368282.892498,22460.590,0.060
1757368282.894568,22462.659,0.060
1757368282.896637,22464.728,0.060
1757368282.898709,22466.800,0.060
1757368282.900776,22468.867,0.060
1757368282.902845,22470.936,0.060
1757368282.904914,22473.006,0.060
1757368282.906983,22475.075,0.060
1757368282.909052,22477.143,0.060
1757368282.911121,22479.212,0.060
1757368282.913189,22481.280,0.060
1757368282.915258,22483.349,0.060
1757368282.917327,22485.418,0.060
1757368282.919397,22487.488,0.060
1757368282.921468,22489.559,0.060
1757368282.923538,22491.630,0.060
1757368282.925607,22493.698,0.060
1757368282.927676,22495.767,0.060
1757368282.929744,22497.836,0.060
1757368282.931814,22499.905,0.060
1757368282.933882,22501.974,0.060
1757368282.935952,22504.043,0.060
1757368282.938020,22506.112,0.060
1757368282.940087,22508.178,0.060
1757368282.942156,22510.247,0.060
1757368282.944225,22512.316,0.060
1757368282.946294,22514.385,0.060
1757368282.948362,22516.453,0.060
1757368282.950431,22518.522,0.060
1757368282.952502,22520.593,0.060
1757368282.954571,22522.662,0.060
1757368282.956638,22524.729,0.060
1757368282.958708,22526.799,0.060
1757368282.960776,22528.867,0.060
1757368282.962845,22530.936,0.060
1757368282.964914,22533.005,0.060
1757368282.966983,22535.074,0.060
1757368282.969051,22537.142,0.060
1757368282.971120,22539.211,0.060
1757368282.973188,22541.280,0.060
1757368282.975258,22543.349,0.060
1757368282.977326,22545.417,0.060
1757368282.979395,22547.486,0.060
1757368282.981465,22549.556,0.060
1757368282.983534,22551.625,0.060
1757368282.985612,22553.704,0.060
1757368282.987685,22555.776,0.060
1757368282.989769,22557.860,0.060
1757368282.991838,22559.930,0.060
1757368282.993907,22561.999,0.060
1757368282.995977,22564.068,0.060
1757368282.998046,22566.138,0.060
1757368283.000113,22568.204,0.060
1757368283.002183,22570.275,0.060
1757368283.004252,22572.344,0.060
1757368283.006322,22574.413,0.060
1757368283.008389,22576.480,0.060
1757368283.010458,22578.549,0.060
1757368283.012526,22580.617,0.060
1757368283.014596,22582.687,0.060
1757368283.016662,22584.753,0.060
1757368283.018731,22586.823,0.060
1757368283.020801,22588.892,0.060
1757368283.022871,22590.962,0.060
1757368283.024941,22593.032,0.060
1757368283.027011,22595.102,0.060
1757368283.029079,22597.171,0.060
1757368283.031148,22599.239,0.060
1757368283.033216,22601.307,0.060
1757368283.035296,22603.387,0.060
1757368283.037366,22605.458,0.060
1757368283.039436,22607.527,0.060
1757368283.041508,22609.600,0.060
1757368283.043578,22611.670,0.060
1757368283.045647,22613.739,0.060
1757368283.047717,22615.808,0.060
1757368283.049787,22617.878,0.060
1757368283.051856,22619.947,0.060
1757368283.053925,22622.016,0.060
1757368283.055994,22624.085,0.060
1757368283.058064,22626.155,0.060
1757368283.060131,22628.222,0.060
1757368283.062200,22630.291,0.060
1757368283.064267,22632.358,0.060
1757368283.066336,22634.427,0.060
1757368283.068403,22636.494,0.060
1757368283.070473,22638.564,0.060
1757368283.072542,22640.633,0.060
1757368283.074611,22642.702,0.060
1757368283.076678,22644.769,0.060
1757368283.078747,22646.838,0.060
1757368283.080816,22648.907,0.060
1757368283.082884,22650.975,0.060
1757368283.084954,22653.045,0.060
1757368283.087023,22655.114,0.060
1757368283.089092,22657.183,0.060
1757368283.091161,22659.252,0.060
1757368283.093228,22661.319,0.060
1757368283.095297,22663.388,0.060
1757368283.097367,22665.458,0.060
1757368283.099437,22667.528,0.060
1757368283.101506,22669.597,0.060
1757368283.103575,22671.666,0.060
1757368283.105644,22673.735,0.060
1757368283.107715,22675.806,0.060
1757368283.109783,22677.874,0.060
1757368283.111855,22679.946,0.060
1757368283.113925,22682.016,0.060
1757368283.115994,22684.085,0.060
1757368283.118063,22686.154,0.060
1757368283.120130,22688.221,0.060
1757368283.122199,22690.290,0.060
1757368283.124268,22692.359,0.060
1757368283.126337,22694.428,0.060
1757368283.128404,22696.495,0.060
1757368283.130473,22698.564,0.060
1757368283.132542,22700.633,0.060
1757368283.134611,22702.702,0.060
1757368283.136680,22704.771,0.060
1757368283.138748,22706.839,0.060
1757368283.140817,22708.908,0.060
1757368283.142886,22710.978,0.060
1757368283.144954,22713.046,0.060
1757368283.147023,22715.115,0.060
1757368283.149093,22717.184,0.060
1757368283.151162,22719.253,0.060
1757368283.153231,22721.322,0.060
1757368283.155300,22723.391,0.060
1757368283.157368,22725.459,0.060
1757368283.159437,22727.529,0.060
1757368283.161512,22729.603,0.060
1757368283.163581,22731.672,0.060
1757368283.165650,22733.741,0.060
1757368283.167720,22735.811,0.060
1757368283.169789,22737.880,0.060
1757368283.171859,22739.950,0.060
1757368283.173928,22742.019,0.060
1757368283.176011,22744.102,0.060
1757368283.178080,22746.171,0.060
1757368283.180146,22748.237,0.060
1757368283.182215,22750.306,0.060
1757368283.184284,22752.375,0.060
1757368283.186353,22754.444,0.060
1757368283.188420,22756.511,0.060
1757368283.190492,22758.583,0.060
1757368283.192560,22760.651,0.060
1757368283.194628,22762.719,0.060
1757368283.196695,22764.786,0.060
1757368283.198764,22766.855,0.060
1757368283.200832,22768.923,0.060
1757368283.202902,22770.993,0.060
1757368283.204969,22773.060,0.060
1757368283.207038,22775.129,0.060
1757368283.209105,22777.197,0.060
1757368283.211174,22779.266,0.060
1757368283.213242,22781.333,0.060
1757368283.215311,22783.402,0.060
1757368283.217380,22785.471,0.060
1757368283.219449,22787.540,0.060
1757368283.221519,22789.611,0.060
1757368283.223589,22791.680,0.060
1757368283.225658,22793.749,0.060
1757368283.227727,22795.818,0.060
1757368283.229796,22797.888,0.060
1757368283.231866,22799.957,0.060
1757368283.233934,22802.025,0.060
1757368283.236018,22804.110,0.060
1757368283.238088,22806.179,0.060
1757368283.240154,22808.245,0.060
1757368283.242223,22810.314,0.060
1757368283.244292,22812.383,0.060
1757368283.246361,22814.452,0.060
1757368283.248428,22816.519,0.060
1757368283.250498,22818.589,0.060
1757368283.252566,22820.657,0.060
1757368283.254635,22822.726,0.060
1757368283.256703,22824.794,0.060
1757368283.258772,22826.864,0.060
1757368283.260841,22828.932,0.060
1757368283.262911,22831.002,0.060
1757368283.264980,22833.071,0.060
1757368283.267049,22835.140,0.060
1757368283.269120,22837.211,0.060
1757368283.271189,22839.280,0.060
1757368283.273258,22841.350,0.060
1757368283.275328,22843.419,0.060
1757368283.277397,22845.488,0.060
1757368283.279468,22847.559,0.060
1757368283.281537,22849.628,0.060
1757368283.283606,22851.697,0.060
1757368283.285675,22853.766,0.060
1757368283.287744,22855.835,0.060
1757368283.289816,22857.907,0.060
1757368283.291885,22859.976,0.060
1757368283.293954,22862.046,0.060
1757368283.296027,22864.119,0.060
1757368283.298097,22866.188,0.060
1757368283.300166,22868.258,0.060
1757368283.302235,22870.327,0.060
1757368283.304304,22872.396,0.060
1757368283.306374,22874.465,0.060
1757368283.308442,22876.534,0.060
1757368283.310511,22878.602,0.060
1757368283.312579,22880.670,0.060
1757368283.314649,22882.740,0.060
1757368283.316717,22884.808,0.060
1757368283.318786,22886.878,0.060
1757368283.320858,22888.949,0.060
1757368283.322926,22891.017,0.060
1757368283.324995,22893.086,0.060
1757368283.327064,22895.155,0.060
1757368283.329137,22897.228,0.060
1757368283.331207,22899.298,0.060
1757368283.333277,22901.368,0.060
1757368283.335346,22903.438,0.060
1757368283.337416,22905.507,0.060
1757368283.339485,22907.577,0.060
1757368283.341555,22909.646,0.060
1757368283.343624,22911.716,0.060
1757368283.345693,22913.784,0.060
1757368283.347762,22915.854,0.060
1757368283.349832,22917.923,0.060
1757368283.351900,22919.991,0.060
1757368283.353969,22922.060,0.060
1757368283.356025,22924.117,0.060
1757368283.358095,22926.186,0.060
1757368283.360165,22928.256,0.060
1757368283.362235,22930.326,0.060
1757368283.364301,22932.392,0.060
1757368283.366370,22934.461,0.060
1757368283.368435,22936.526,0.060
1757368283.370504,22938.595,0.060
1757368283.372570,22940.661,0.060
1757368283.374639,22942.730,0.060
1757368283.376710,22944.801,0.060
1757368283.378784,22946.875,0.060
1757368283.380853,22948.944,0.060
1757368283.382922,22951.013,0.060
1757368283.384991,22953.083,0.060
1757368283.387061,22955.152,0.060
1757368283.389129,22957.220,0.060
1757368283.391198,22959.289,0.060
1757368283.393267,22961.358,0.060
1757368283.395336,22963.427,0.060
1757368283.397406,22965.497,0.060
1757368283.399474,22967.565,0.060
1757368283.401544,22969.635,0.060
1757368283.403614,22971.705,0.060
1757368283.405683,22973.774,0.060
1757368283.407753,22975.844,0.060
1757368283.409822,22977.914,0.060
1757368283.411916,22980.008,0.060
1757368283.413986,22982.077,0.060
1757368283.416014,22984.105,0.060
1757368283.418072,22986.163,0.060
1757368283.420131,22988.222,0.060
1757368283.422189,22990.280,0.060
1757368283.424249,22992.340,0.060
1757368283.426314,22994.405,0.060
1757368283.428375,22996.466,0.060
1757368283.430440,22998.531,0.060
1757368283.432504,23000.595,0.060
1757368283.434571,23002.662,0.060
1757368283.436635,23004.726,0.060
1757368283.438700,23006.792,0.060
1757368283.440765,23008.857,0.060
1757368283.442832,23010.924,0.060
1757368283.444898,23012.989,0.060
1757368283.446966,23015.057,0.060
1757368283.449034,23017.126,0.060
1757368283.451103,23019.194,0.060
1757368283.453169,23021.260,0.060
1757368283.455238,23023.329,0.060
1757368283.457307,23025.398,0.060
1757368283.459376,23027.467,0.060
1757368283.461446,23029.537,0.060
1757368283.463515,23031.606,0.060
1757368283.465586,23033.677,0.060
1757368283.467656,23035.747,0.060
1757368283.469736,23037.827,0.060
1757368283.471808,23039.900,0.060
1757368283.473882,23041.974,0.060
1757368283.475951,23044.042,0.060
1757368283.478021,23046.112,0.060
1757368283.480088,23048.179,0.060
1757368283.482157,23050.248,0.060
1757368283.484224,23052.315,0.060
1757368283.486293,23054.384,0.060
1757368283.488360,23056.452,0.060
1757368283.490429,23058.520,0.060
1757368283.492498,23060.589,0.060
1757368283.494567,23062.658,0.060
1757368283.496636,23064.727,0.060
1757368283.498705,23066.797,0.060
1757368283.500774,23068.865,0.060
1757368283.502842,23070.934,0.060
1757368283.504910,23073.001,0.060
1757368283.506978,23075.069,0.060
1757368283.509047,23077.138,0.060
1757368283.511116,23079.207,0.060
1757368283.513182,23081.273,0.060
1757368283.515251,23083.342,0.060
1757368283.517320,23085.412,0.060
1757368283.519398,23087.489,0.060
1757368283.521469,23089.561,0.060
1757368283.523539,23091.630,0.060
1757368283.525608,23093.699,0.060
1757368283.527677,23095.768,0.060
1757368283.529747,23097.839,0.060
1757368283.531817,23099.908,0.060
1757368283.533886,23101.977,0.060
1757368283.535956,23104.047,0.060
1757368283.538026,23106.117,0.060
1757368283.540091,23108.182,0.060
1757368283.542161,23110.252,0.060
1757368283.544229,23112.320,0.060
1757368283.546298,23114.389,0.060
1757368283.548367,23116.458,0.060
1757368283.550436,23118.527,0.060
1757368283.552504,23120.595,0.060
1757368283.554573,23122.664,0.060
1757368283.556641,23124.732,0.060
1757368283.558710,23126.801,0.060
1757368283.560779,23128.870,0.060
1757368283.562849,23130.940,0.060
1757368283.564916,23133.007,0.060
1757368283.566985,23135.076,0.060
1757368283.569054,23137.145,0.060
1757368283.571123,23139.214,0.060
1757368283.573192,23141.283,0.060
1757368283.575262,23143.353,0.060
1757368283.577333,23145.424,0.060
1757368283.579402,23147.493,0.060
1757368283.581471,23149.562,0.060
1757368283.583540,23151.631,0.060
1757368283.585610,23153.701,0.060
1757368283.587678,23155.770,0.060
1757368283.589748,23157.839,0.060
1757368283.591817,23159.908,0.060
1757368283.593886,23161.977,0.060
1757368283.595955,23164.046,0.060
1757368283.598031,23166.122,0.060
1757368283.600099,23168.190,0.060
1757368283.602169,23170.260,0.060
1757368283.604237,23172.328,0.060
1757368283.606306,23174.397,0.060
1757368283.608373,23176.464,0.060
1757368283.610443,23178.534,0.060
1757368283.612513,23180.604,0.060
1757368283.614582,23182.673,0.060
1757368283.616650,23184.741,0.060
1757368283.618720,23186.811,0.060
1757368283.620788,23188.879,0.060
1757368283.622856,23190.948,0.060
1757368283.624927,23193.018,0.060
1757368283.626997,23195.088,0.060
1757368283.629066,23197.157,0.060
1757368283.631135,23199.226,0.060
1757368283.633204,23201.295,0.060
1757368283.635273,23203.365,0.060
1757368283.637342,23205.434,0.060
1757368283.639412,23207.503,0.060
1757368283.641481,23209.572,0.060
1757368283.643550,23211.641,0.060
1757368283.645619,23213.710,0.060
1757368283.647687,23215.779,0.060
1757368283.649756,23217.847,0.060
1757368283.651825,23219.917,0.060
1757368283.653897,23221.988,0.060
1757368283.655965,23224.056,0.060
1757368283.658034,23226.125,0.060
1757368283.660102,23228.193,0.060
1757368283.662171,23230.262,0.060
1757368283.664240,23232.332,0.060
1757368283.666309,23234.401,0.060
1757368283.668376,23236.467,0.060
1757368283.670445,23238.536,0.060
1757368283.672513,23240.605,0.060
1757368283.674582,23242.673,0.060
1757368283.676649,23244.740,0.060
1757368283.678718,23246.809,0.060
1757368283.680790,23248.881,0.060
1757368283.682859,23250.950,0.060
1757368283.684931,23253.022,0.060
1757368283.687000,23255.091,0.060
1757368283.689068,23257.159,0.060
1757368283.691136,23259.228,0.060
1757368283.693204,23261.295,0.060
1757368283.695273,23263.365,0.060
1757368283.697341,23265.432,0.060
1757368283.699409,23267.501,0.060
1757368283.701478,23269.570,0.060
1757368283.703547,23271.639,0.060
1757368283.705616,23273.707,0.060
1757368283.707686,23275.777,0.060
1757368283.709755,23277.846,0.060
1757368283.711824,23279.916,0.060
1757368283.713893,23281.984,0.060
1757368283.715963,23284.054,0.060
1757368283.718032,23286.123,0.060
1757368283.720098,23288.189,0.060
1757368283.722167,23290.259,0.060
1757368283.724234,23292.325,0.060
1757368283.726302,23294.393,0.060
1757368283.728369,23296.461,0.060
1757368283.730439,23298.530,0.060
1757368283.732507,23300.598,0.060
1757368283.734576,23302.667,0.060
1757368283.736644,23304.735,0.060
1757368283.738712,23306.803,0.060
1757368283.740781,23308.872,0.060
1757368283.742850,23310.941,0.060
1757368283.744918,23313.010,0.060
1757368283.746988,23315.079,0.060
1757368283.749055,23317.146,0.060
1757368283.751124,23319.215,0.060
1757368283.753192,23321.283,0.060
1757368283.755262,23323.353,0.060
1757368283.757331,23325.422,0.060
1757368283.759400,23327.491,0.060
1757368283.761469,23329.560,0.060
1757368283.763538,23331.629,0.060
1757368283.765607,23333.698,0.060
1757368283.767677,23335.768,0.060
1757368283.769746,23337.837,0.060
1757368283.771815,23339.906,0.060
1757368283.773884,23341.975,0.060
1757368283.775953,23344.044,0.060
1757368283.778023,23346.114,0.060
1757368283.780091,23348.182,0.060
1757368283.782160,23350.251,0.060
1757368283.784228,23352.319,0.060
1757368283.786297,23354.388,0.060
1757368283.788365,23356.456,0.060
1757368283.790434,23358.525,0.060
1757368283.792502,23360.593,0.060
1757368283.794570,23362.662,0.060
1757368283.796638,23364.730,0.060
1757368283.798708,23366.799,0.060
1757368283.800776,23368.867,0.060
1757368283.802846,23370.937,0.060
1757368283.804914,23373.005,0.060
1757368283.806984,23375.075,0.060
1757368283.809051,23377.142,0.060
1757368283.811120,23379.211,0.060
1757368283.813189,23381.280,0.060
1757368283.815259,23383.350,0.060
1757368283.817331,23385.422,0.060
1757368283.819401,23387.492,0.060
1757368283.821474,23389.565,0.060
1757368283.823544,23391.635,0.060
1757368283.825613,23393.704,0.060
1757368283.827682,23395.773,0.060
1757368283.829751,23397.842,0.060
1757368283.831821,23399.912,0.060
1757368283.833890,23401.981,0.060
1757368283.835958,23404.049,0.060
1757368283.838027,23406.119,0.060
1757368283.840094,23408.185,0.060
1757368283.842164,23410.255,0.060
1757368283.844233,23412.324,0.060
1757368283.846303,23414.394,0.060
1757368283.848371,23416.462,0.060
1757368283.850441,23418.532,0.060
1757368283.852510,23420.601,0.060
1757368283.854579,23422.670,0.060
1757368283.856647,23424.738,0.060
1757368283.858716,23426.807,0.060
1757368283.860785,23428.876,0.060
1757368283.862857,23430.948,0.060
1757368283.864929,23433.020,0.060
1757368283.866998,23435.089,0.060
1757368283.869066,23437.157,0.060
1757368283.871134,23439.225,0.060
1757368283.873203,23441.294,0.060
1757368283.875273,23443.365,0.060
1757368283.877344,23445.435,0.060
1757368283.879412,23447.504,0.060
1757368283.881482,23449.573,0.060
1757368283.883552,23451.643,0.060
1757368283.885620,23453.711,0.060
1757368283.887689,23455.780,0.060
1757368283.889757,23457.849,0.060
1757368283.891826,23459.917,0.060
1757368283.893895,23461.986,0.060
1757368283.895964,23464.055,0.060
1757368283.898033,23466.124,0.060
1757368283.900100,23468.191,0.060
1757368283.902170,23470.261,0.060
1757368283.904238,23472.329,0.060
1757368283.906306,23474.397,0.060
1757368283.908374,23476.465,0.060
1757368283.910443,23478.534,0.060
1757368283.912512,23480.603,0.060
1757368283.914582,23482.673,0.060
1757368283.916651,23484.742,0.060
1757368283.918720,23486.812,0.060
1757368283.920789,23488.880,0.060
1757368283.922859,23490.950,0.060
1757368283.924927,23493.019,0.060
1757368283.926996,23495.088,0.060
1757368283.929065,23497.156,0.060
1757368283.931134,23499.225,0.060
1757368283.933203,23501.294,0.060
1757368283.935273,23503.364,0.060
1757368283.937342,23505.433,0.060
1757368283.939411,23507.502,0.060
1757368283.941480,23509.571,0.060
1757368283.943549,23511.641,0.060
1757368283.945620,23513.711,0.060
1757368283.947690,23515.781,0.060
1757368283.949759,23517.850,0.060
1757368283.951829,23519.920,0.060
1757368283.953915,23522.006,0.060
1757368283.955986,23524.077,0.060
1757368283.958055,23526.146,0.060
1757368283.960124,23528.215,0.060
1757368283.962195,23530.286,0.060
1757368283.964262,23532.353,0.060
1757368283.966331,23534.422,0.060
1757368283.968398,23536.489,0.060
1757368283.970468,23538.559,0.060
1757368283.972539,23540.630,0.060
1757368283.974608,23542.699,0.060
1757368283.976675,23544.766,0.060
1757368283.978744,23546.835,0.060
1757368283.980812,23548.903,0.060
1757368283.982882,23550.973,0.060
1757368283.984950,23553.041,0.060
1757368283.987019,23555.110,0.060
1757368283.989087,23557.178,0.060
1757368283.991158,23559.249,0.060
1757368283.993227,23561.318,0.060
1757368283.995296,23563.387,0.060
1757368283.997366,23565.457,0.060
1757368283.999434,23567.526,0.060
1757368284.001504,23569.595,0.060
1757368284.003582,23571.674,0.060
1757368284.005652,23573.744,0.060
1757368284.007721,23575.812,0.060
1757368284.009791,23577.882,0.060
1757368284.011859,23579.950,0.060
1757368284.013928,23582.020,0.060
1757368284.016015,23584.106,0.060
1757368284.018084,23586.175,0.060
1757368284.020151,23588.243,0.060
1757368284.022221,23590.312,0.060
1757368284.024289,23592.380,0.060
1757368284.026359,23594.450,0.060
1757368284.028427,23596.518,0.060
1757368284.030495,23598.586,0.060
1757368284.032564,23600.655,0.060
1757368284.034633,23602.724,0.060
1757368284.036700,23604.792,0.060
1757368284.038770,23606.861,0.060
1757368284.040839,23608.930,0.060
1757368284.042908,23611.000,0.060
1757368284.044977,23613.068,0.060
1757368284.047046,23615.137,0.060
1757368284.049115,23617.206,0.060
1757368284.051184,23619.275,0.060
1757368284.053256,23621.347,0.060
1757368284.055326,23623.417,0.060
1757368284.057395,23625.486,0.060
1757368284.059465,23627.556,0.060
1757368284.061533,23629.624,0.060
1757368284.063602,23631.693,0.060
1757368284.065671,23633.762,0.060
1757368284.067740,23635.831,0.060
1757368284.069810,23637.901,0.060
1757368284.071880,23639.971,0.060
1757368284.073948,23642.040,0.060
1757368284.076023,23644.114,0.060
1757368284.078092,23646.183,0.060
1757368284.080161,23648.252,0.060
1757368284.082231,23650.322,0.060
1757368284.084299,23652.390,0.060
1757368284.086368,23654.459,0.060
1757368284.088437,23656.528,0.060
1757368284.090507,23658.598,0.060
1757368284.092577,23660.668,0.060
1757368284.094646,23662.737,0.060
1757368284.096714,23664.805,0.060
1757368284.098783,23666.874,0.060
1757368284.100852,23668.943,0.060
1757368284.102921,23671.013,0.060
1757368284.104990,23673.081,0.060
1757368284.107060,23675.152,0.060
1757368284.109130,23677.221,0.060
1757368284.111198,23679.289,0.060
1757368284.113266,23681.358,0.060
1757368284.115336,23683.427,0.060
1757368284.117407,23685.498,0.060
1757368284.119476,23687.567,0.060
1757368284.121546,23689.637,0.060
1757368284.123618,23691.709,0.060
1757368284.125690,23693.782,0.060
1757368284.127760,23695.851,0.060
1757368284.129829,23697.921,0.060
1757368284.131898,23699.990,0.060
1757368284.133967,23702.058,0.060
1757368284.136026,23704.118,0.060
1757368284.138097,23706.188,0.060
1757368284.140167,23708.258,0.060
1757368284.142236,23710.327,0.060
1757368284.144303,23712.394,0.060
1757368284.146371,23714.463,0.060
1757368284.148440,23716.531,0.060
1757368284.150510,23718.601,0.060
1757368284.152579,23720.670,0.060
1757368284.154648,23722.739,0.060
1757368284.156719,23724.810,0.060
1757368284.158788,23726.879,0.060
1757368284.160855,23728.946,0.060
1757368284.162924,23731.015,0.060
1757368284.164992,23733.083,0.060
1757368284.167061,23735.152,0.060
1757368284.169130,23737.221,0.060
1757368284.171198,23739.290,0.060
1757368284.173267,23741.359,0.060
1757368284.175336,23743.428,0.060
1757368284.177408,23745.499,0.060
1757368284.179477,23747.569,0.060
1757368284.181546,23749.637,0.060
1757368284.183615,23751.707,0.060
1757368284.185684,23753.776,0.060
1757368284.187753,23755.845,0.060
1757368284.189822,23757.914,0.060
1757368284.191892,23759.983,0.060
1757368284.193961,23762.052,0.060
1757368284.196024,23764.116,0.060
1757368284.198094,23766.185,0.060
1757368284.200163,23768.254,0.060
1757368284.202232,23770.323,0.060
1757368284.204298,23772.389,0.060
1757368284.206367,23774.458,0.060
1757368284.208436,23776.527,0.060
1757368284.210505,23778.596,0.060
1757368284.212574,23780.665,0.060
1757368284.214643,23782.734,0.060
1757368284.216715,23784.806,0.060
1757368284.218784,23786.875,0.060
1757368284.220851,23788.942,0.060
1757368284.222920,23791.011,0.060
1757368284.224990,23793.081,0.060
1757368284.227059,23795.150,0.060
1757368284.229127,23797.219,0.060
1757368284.231196,23799.287,0.060
1757368284.233266,23801.358,0.060
1757368284.235335,23803.426,0.060
1757368284.237407,23805.498,0.060
1757368284.239478,23807.569,0.060
1757368284.241548,23809.639,0.060
1757368284.243617,23811.708,0.060
1757368284.245687,23813.778,0.060
1757368284.247756,23815.847,0.060
1757368284.249825,23817.916,0.060
1757368284.251894,23819.985,0.060
1757368284.253964,23822.055,0.060
1757368284.256023,23824.115,0.060
1757368284.258093,23826.185,0.060
1757368284.260163,23828.254,0.060
1757368284.262231,23830.322,0.060
1757368284.264299,23832.390,0.060
1757368284.266368,23834.459,0.060
1757368284.268435,23836.526,0.060
1757368284.270504,23838.596,0.060
1757368284.272571,23840.662,0.060
1757368284.274640,23842.731,0.060
1757368284.276712,23844.804,0.060
1757368284.278782,23846.873,0.060
1757368284.280851,23848.942,0.060
1757368284.282921,23851.012,0.060
1757368284.284989,23853.080,0.060
1757368284.287059,23855.150,0.060
1757368284.289127,23857.218,0.060
1757368284.291195,23859.287,0.060
1757368284.293265,23861.356,0.060
1757368284.295334,23863.425,0.060
1757368284.297405,23865.497,0.060
1757368284.299474,23867.565,0.060
1757368284.301545,23869.636,0.060
1757368284.303614,23871.705,0.060
1757368284.305682,23873.774,0.060
1757368284.307752,23875.843,0.060
1757368284.309823,23877.914,0.060
1757368284.311892,23879.983,0.060
1757368284.313961,23882.052,0.060
1757368284.316027,23884.118,0.060
1757368284.318096,23886.187,0.060
1757368284.320166,23888.257,0.060
1757368284.322236,23890.327,0.060
1757368284.324302,23892.393,0.060
1757368284.326371,23894.463,0.060
1757368284.328440,23896.531,0.060
1757368284.330509,23898.600,0.060
1757368284.332576,23900.667,0.060
1757368284.334647,23902.738,0.060
1757368284.336715,23904.806,0.060
1757368284.338784,23906.875,0.060
1757368284.340852,23908.943,0.060
1757368284.342922,23911.013,0.060
1757368284.344991,23913.082,0.060
1757368284.347061,23915.153,0.060
1757368284.349131,23917.222,0.060
1757368284.351200,23919.291,0.060
1757368284.353270,23921.361,0.060
1757368284.355339,23923.430,0.060
1757368284.357412,23925.503,0.060
1757368284.359481,23927.572,0.060
1757368284.361550,23929.641,0.060
1757368284.363619,23931.710,0.060
1757368284.365694,23933.785,0.060
1757368284.367764,23935.855,0.060
1757368284.369833,23937.924,0.060
1757368284.371902,23939.993,0.060
1757368284.373971,23942.062,0.060
1757368284.376022,23944.113,0.060
1757368284.378091,23946.182,0.060
1757368284.380162,23948.253,0.060
1757368284.382231,23950.322,0.060
1757368284.384298,23952.389,0.060
1757368284.386367,23954.458,0.060
1757368284.388435,23956.527,0.060
1757368284.390504,23958.596,0.060
1757368284.392572,23960.663,0.060
1757368284.394642,23962.733,0.060
1757368284.396709,23964.801,0.060
1757368284.398778,23966.869,0.060
1757368284.400846,23968.937,0.060
1757368284.402916,23971.007,0.060
1757368284.404984,23973.075,0.060
1757368284.407053,23975.144,0.060
1757368284.409120,23977.211,0.060
1757368284.411190,23979.281,0.060
1757368284.413259,23981.350,0.060
1757368284.415324,23983.415,0.060
1757368284.417386,23985.477,0.060
1757368284.419463,23987.555,0.060
1757368284.421522,23989.613,0.060
1757368284.423580,23991.671,0.060
1757368284.425637,23993.728,0.060
1757368284.427694,23995.785,0.060
1757368284.429752,23997.843,0.060
1757368284.431811,23999.902,0.060
1757368284.433869,24001.961,0.060
1757368284.435928,24004.019,0.060
1757368284.437991,24006.083,0.060
1757368284.440006,24008.098,0.060
1757368284.442067,24010.158,0.060
1757368284.444126,24012.218,0.060
1757368284.446187,24014.279,0.060
1757368284.448255,24016.346,0.060
1757368284.450319,24018.410,0.060
1757368284.452381,24020.472,0.060
1757368284.454445,24022.537,0.060
1757368284.456509,24024.600,0.060
1757368284.458573,24026.664,0.060
1757368284.460636,24028.727,0.060
1757368284.462702,24030.793,0.060
1757368284.464766,24032.857,0.060
1757368284.466831,24034.923,0.060
1757368284.468897,24036.988,0.060
1757368284.470963,24039.055,0.060
1757368284.473031,24041.122,0.060
1757368284.475098,24043.189,0.060
1757368284.477167,24045.258,0.060
1757368284.479235,24047.326,0.060
1757368284.481303,24049.395,0.060
1757368284.483372,24051.464,0.060
1757368284.485442,24053.533,0.060
1757368284.487521,24055.612,0.060
1757368284.489594,24057.685,0.060
1757368284.491663,24059.754,0.060
1757368284.493732,24061.824,0.060
1757368284.495803,24063.894,0.060
1757368284.497872,24065.963,0.060
1757368284.499941,24068.033,0.060
1757368284.502011,24070.102,0.060
1757368284.504078,24072.169,0.060
1757368284.506148,24074.239,0.060
1757368284.508216,24076.307,0.060
1757368284.510285,24078.377,0.060
1757368284.512354,24080.445,0.060
1757368284.514435,24082.526,0.060
1757368284.516505,24084.596,0.060
1757368284.518574,24086.666,0.060
1757368284.520642,24088.733,0.060
1757368284.522711,24090.802,0.060
1757368284.524780,24092.871,0.060
1757368284.526849,24094.940,0.060
1757368284.528917,24097.008,0.060
1757368284.530987,24099.078,0.060
1757368284.533055,24101.146,0.060
1757368284.535123,24103.215,0.060
1757368284.537191,24105.282,0.060
1757368284.539260,24107.351,0.060
1757368284.541327,24109.419,0.060
1757368284.543396,24111.487,0.060
1757368284.545465,24113.556,0.060
1757368284.547535,24115.626,0.060
1757368284.549604,24117.695,0.060
1757368284.551672,24119.764,0.060
1757368284.553744,24121.835,0.060
1757368284.555813,24123.904,0.060
1757368284.557884,24125.975,0.060
1757368284.559954,24128.045,0.060
1757368284.562023,24130.115,0.060
1757368284.564093,24132.184,0.060
1757368284.566164,24134.255,0.060
1757368284.568234,24136.326,0.060
1757368284.570303,24138.394,0.060
1757368284.572370,24140.461,0.060
1757368284.574441,24142.532,0.060
1757368284.576509,24144.601,0.060
1757368284.578579,24146.670,0.060
1757368284.580647,24148.738,0.060
1757368284.582715,24150.806,0.060
1757368284.584784,24152.875,0.060
1757368284.586853,24154.944,0.060
1757368284.588922,24157.013,0.060
1757368284.590991,24159.082,0.060
1757368284.593059,24161.150,0.060
1757368284.595128,24163.219,0.060
1757368284.597196,24165.287,0.060
1757368284.599264,24167.355,0.060
1757368284.601332,24169.423,0.060
1757368284.603401,24171.492,0.060
1757368284.605471,24173.562,0.060
1757368284.607542,24175.633,0.060
1757368284.609611,24177.702,0.060
1757368284.611680,24179.771,0.060
1757368284.613749,24181.840,0.060
1757368284.615819,24183.910,0.060
1757368284.617889,24185.980,0.060
1757368284.619959,24188.051,0.060
1757368284.622029,24190.120,0.060
1757368284.624095,24192.187,0.060
1757368284.626164,24194.255,0.060
1757368284.628231,24196.322,0.060
1757368284.630300,24198.391,0.060
1757368284.632367,24200.459,0.060
1757368284.634436,24202.527,0.060
1757368284.636505,24204.596,0.060
1757368284.638573,24206.664,0.060
1757368284.640642,24208.733,0.060
1757368284.642710,24210.801,0.060
1757368284.644778,24212.869,0.060
1757368284.646847,24214.938,0.060
1757368284.648916,24217.007,0.060
1757368284.650985,24219.076,0.060
1757368284.653053,24221.144,0.060
1757368284.655121,24223.212,0.060
1757368284.657188,24225.280,0.060
1757368284.659257,24227.348,0.060
1757368284.661326,24229.417,0.060
1757368284.663396,24231.487,0.060
1757368284.665464,24233.556,0.060
1757368284.667535,24235.626,0.060
1757368284.669604,24237.695,0.060
1757368284.671674,24239.765,0.060
1757368284.673743,24241.834,0.060
1757368284.675812,24243.903,0.060
1757368284.677882,24245.973,0.060
1757368284.679951,24248.043,0.060
1757368284.682021,24250.112,0.060
1757368284.684088,24252.179,0.060
1757368284.686157,24254.248,0.060
1757368284.688226,24256.317,0.060
1757368284.690295,24258.386,0.060
1757368284.692361,24260.452,0.060
1757368284.694430,24262.521,0.060
1757368284.696499,24264.590,0.060
1757368284.698567,24266.659,0.060
1757368284.700635,24268.727,0.060
1757368284.702705,24270.796,0.060
1757368284.704774,24272.865,0.060
1757368284.706843,24274.935,0.060
1757368284.708911,24277.002,0.060
1757368284.710980,24279.071,0.060
1757368284.713049,24281.140,0.060
1757368284.715118,24283.209,0.060
1757368284.717186,24285.277,0.060
1757368284.719255,24287.346,0.060
1757368284.721324,24289.415,0.060
1757368284.723392,24291.483,0.060
1757368284.725461,24293.552,0.060
1757368284.727530,24295.621,0.060
1757368284.729602,24297.693,0.060
1757368284.731671,24299.762,0.060
1757368284.733739,24301.831,0.060
1757368284.735809,24303.900,0.060
1757368284.737878,24305.969,0.060
1757368284.739948,24308.039,0.060
1757368284.742017,24310.108,0.060
1757368284.744082,24312.173,0.060
1757368284.746151,24314.243,0.060
1757368284.748217,24316.308,0.060
1757368284.750286,24318.377,0.060
1757368284.752352,24320.444,0.060
1757368284.754422,24322.513,0.060
1757368284.756490,24324.581,0.060
1757368284.758560,24326.651,0.060
1757368284.760628,24328.719,0.060
1757368284.762698,24330.789,0.060
1757368284.764767,24332.858,0.060
1757368284.766837,24334.928,0.060
1757368284.768904,24336.995,0.060
1757368284.770972,24339.064,0.060
1757368284.773041,24341.132,0.060
1757368284.775110,24343.201,0.060
1757368284.777178,24345.269,0.060
1757368284.779247,24347.338,0.060
1757368284.781317,24349.408,0.060
1757368284.783387,24351.478,0.060
1757368284.785457,24353.548,0.060
1757368284.787525,24355.616,0.060
1757368284.789594,24357.685,0.060
1757368284.791663,24359.754,0.060
1757368284.793731,24361.822,0.060
1757368284.795801,24363.892,0.060
1757368284.797869,24365.960,0.060
1757368284.799939,24368.030,0.060
1757368284.802008,24370.099,0.060
1757368284.804075,24372.166,0.060
1757368284.806144,24374.235,0.060
1757368284.808212,24376.303,0.060
1757368284.810282,24378.373,0.060
1757368284.812350,24380.441,0.060
1757368284.814418,24382.509,0.060
1757368284.816486,24384.578,0.060
1757368284.818555,24386.646,0.060
1757368284.820622,24388.713,0.060
1757368284.822691,24390.782,0.060
1757368284.824759,24392.851,0.060
1757368284.826828,24394.919,0.060
1757368284.828896,24396.987,0.060
1757368284.830967,24399.058,0.060
1757368284.833037,24401.129,0.060
1757368284.835108,24403.199,0.060
1757368284.837177,24405.268,0.060
1757368284.839246,24407.337,0.060
1757368284.841314,24409.405,0.060
1757368284.843384,24411.475,0.060
1757368284.845454,24413.545,0.060
1757368284.847523,24415.614,0.060
1757368284.849591,24417.683,0.060
1757368284.851661,24419.752,0.060
1757368284.853731,24421.822,0.060
1757368284.855800,24423.891,0.060
1757368284.857868,24425.960,0.060
1757368284.859936,24428.028,0.060
1757368284.862005,24430.097,0.060
1757368284.864072,24432.163,0.060
1757368284.866142,24434.233,0.060
1757368284.868210,24436.301,0.060
1757368284.870279,24438.370,0.060
1757368284.872346,24440.437,0.060
1757368284.874414,24442.506,0.060
1757368284.876484,24444.575,0.060
1757368284.878553,24446.644,0.060
1757368284.880620,24448.711,0.060
1757368284.882688,24450.779,0.060
1757368284.884758,24452.849,0.060
1757368284.886826,24454.917,0.060
1757368284.888894,24456.985,0.060
1757368284.890963,24459.054,0.060
1757368284.893035,24461.126,0.060
1757368284.895104,24463.196,0.060
1757368284.897172,24465.264,0.060
1757368284.899241,24467.333,0.060
1757368284.901310,24469.401,0.060
1757368284.903379,24471.470,0.060
1757368284.905450,24473.541,0.060
1757368284.907520,24475.611,0.060
1757368284.909588,24477.679,0.060
1757368284.911658,24479.749,0.060
1757368284.913727,24481.818,0.060
1757368284.915797,24483.888,0.060
1757368284.917866,24485.958,0.060
1757368284.919936,24488.027,0.060
1757368284.922016,24490.107,0.060
1757368284.924086,24492.177,0.060
1757368284.926154,24494.245,0.060
1757368284.928221,24496.312,0.060
1757368284.930290,24498.381,0.060
1757368284.932356,24500.448,0.060
1757368284.934425,24502.517,0.060
1757368284.936493,24504.584,0.060
1757368284.938562,24506.653,0.060
1757368284.940629,24508.720,0.060
1757368284.942698,24510.789,0.060
1757368284.944771,24512.862,0.060
1757368284.946841,24514.932,0.060
1757368284.948910,24517.001,0.060
1757368284.950980,24519.071,0.060
1757368284.953048,24521.139,0.060
1757368284.955117,24523.208,0.060
1757368284.957185,24525.276,0.060
1757368284.959254,24527.345,0.060
1757368284.961323,24529.414,0.060
1757368284.963392,24531.483,0.060
1757368284.965462,24533.553,0.060
1757368284.967531,24535.622,0.060
1757368284.969602,24537.693,0.060
1757368284.971682,24539.773,0.060
1757368284.973759,24541.850,0.060
1757368284.975829,24543.920,0.060
1757368284.977899,24545.990,0.060
1757368284.979969,24548.060,0.060
1757368284.982038,24550.130,0.060
1757368284.984106,24552.197,0.060
1757368284.986175,24554.266,0.060
1757368284.988243,24556.334,0.060
1757368284.990312,24558.403,0.060
1757368284.992379,24560.470,0.060
1757368284.994448,24562.540,0.060
1757368284.996519,24564.610,0.060
1757368284.998587,24566.679,0.060
1757368285.000656,24568.748,0.060
1757368285.002726,24570.817,0.060
1757368285.004795,24572.886,0.060
1757368285.006863,24574.955,0.060
1757368285.008930,24577.022,0.060
1757368285.011000,24579.092,0.060
1757368285.013068,24581.159,0.060
1757368285.015137,24583.228,0.060
1757368285.017205,24585.296,0.060
1757368285.019274,24587.365,0.060
1757368285.021346,24589.437,0.060
1757368285.023416,24591.507,0.060
1757368285.025485,24593.576,0.060
1757368285.027555,24595.646,0.060
1757368285.029623,24597.714,0.060
1757368285.031692,24599.783,0.060
1757368285.033761,24601.852,0.060
1757368285.035830,24603.921,0.060
1757368285.037899,24605.990,0.060
1757368285.039969,24608.061,0.060
1757368285.042041,24610.132,0.060
1757368285.044108,24612.200,0.060
1757368285.046178,24614.269,0.060
1757368285.048247,24616.338,0.060
1757368285.050318,24618.409,0.060
1757368285.052386,24620.477,0.060
1757368285.054455,24622.546,0.060
1757368285.056524,24624.615,0.060
1757368285.058594,24626.685,0.060
1757368285.060662,24628.753,0.060
1757368285.062731,24630.822,0.060
1757368285.064800,24632.891,0.060
1757368285.066869,24634.960,0.060
1757368285.068937,24637.028,0.060
1757368285.071006,24639.097,0.060
1757368285.073074,24641.165,0.060
1757368285.075142,24643.234,0.060
1757368285.077211,24645.302,0.060
1757368285.079280,24647.372,0.060
1757368285.081348,24649.440,0.060
1757368285.083418,24651.509,0.060
1757368285.085487,24653.578,0.060
1757368285.087557,24655.648,0.060
1757368285.089626,24657.717,0.060
1757368285.091695,24659.786,0.060
1757368285.093764,24661.855,0.060
1757368285.095833,24663.924,0.060
1757368285.097902,24665.993,0.060
1757368285.099970,24668.061,0.060
1757368285.102039,24670.130,0.060
1757368285.104105,24672.197,0.060
1757368285.106175,24674.266,0.060
1757368285.108242,24676.333,0.060
1757368285.110312,24678.403,0.060
1757368285.112379,24680.470,0.060
1757368285.114448,24682.539,0.060
1757368285.116520,24684.611,0.060
1757368285.118589,24686.680,0.060
1757368285.120657,24688.748,0.060
1757368285.122726,24690.817,0.060
1757368285.124795,24692.887,0.060
1757368285.126865,24694.956,0.060
1757368285.128931,24697.022,0.060
1757368285.130999,24699.090,0.060
1757368285.133068,24701.159,0.060
1757368285.135138,24703.229,0.060
1757368285.137207,24705.298,0.060
1757368285.139276,24707.367,0.060
1757368285.141346,24709.437,0.060
1757368285.143414,24711.506,0.060
1757368285.145483,24713.574,0.060
1757368285.147553,24715.644,0.060
1757368285.149622,24717.713,0.060
1757368285.151691,24719.783,0.060
1757368285.153761,24721.853,0.060
1757368285.155831,24723.922,0.060
1757368285.157901,24725.992,0.060
1757368285.159971,24728.062,0.060
1757368285.162040,24730.131,0.060
1757368285.164106,24732.197,0.060
1757368285.166175,24734.266,0.060
1757368285.168244,24736.335,0.060
1757368285.170313,24738.404,0.060
1757368285.172381,24740.472,0.060
1757368285.174453,24742.544,0.060
1757368285.176521,24744.612,0.060
1757368285.178589,24746.680,0.060
1757368285.180657,24748.748,0.060
1757368285.182725,24750.817,0.060
1757368285.184794,24752.885,0.060
1757368285.186862,24754.953,0.060
1757368285.188931,24757.023,0.060
1757368285.191000,24759.091,0.060
1757368285.193067,24761.158,0.060
1757368285.195137,24763.228,0.060
1757368285.197205,24765.296,0.060
1757368285.199275,24767.366,0.060
1757368285.201343,24769.434,0.060
1757368285.203413,24771.504,0.060
1757368285.205482,24773.573,0.060
1757368285.207551,24775.642,0.060
1757368285.209620,24777.711,0.060
1757368285.211689,24779.780,0.060
1757368285.213759,24781.850,0.060
1757368285.215829,24783.920,0.060
1757368285.217899,24785.990,0.060
1757368285.219968,24788.059,0.060
1757368285.222038,24790.129,0.060
1757368285.224104,24792.196,0.060
1757368285.226174,24794.266,0.060
1757368285.228242,24796.334,0.060
1757368285.230311,24798.402,0.060
1757368285.232378,24800.470,0.060
1757368285.234448,24802.539,0.060
1757368285.236517,24804.608,0.060
1757368285.238586,24806.677,0.060
1757368285.240656,24808.747,0.060
1757368285.242725,24810.817,0.060
1757368285.244795,24812.886,0.060
1757368285.246864,24814.955,0.060
1757368285.248934,24817.025,0.060
1757368285.251002,24819.093,0.060
1757368285.253071,24821.162,0.060
1757368285.255139,24823.230,0.060
1757368285.257208,24825.299,0.060
1757368285.259278,24827.369,0.060
1757368285.261347,24829.438,0.060
1757368285.263416,24831.507,0.060
1757368285.265486,24833.577,0.060
1757368285.267554,24835.645,0.060
1757368285.269623,24837.714,0.060
1757368285.271691,24839.782,0.060
1757368285.273761,24841.852,0.060
1757368285.275830,24843.921,0.060
1757368285.277899,24845.990,0.060
1757368285.279969,24848.060,0.060
1757368285.282038,24850.129,0.060
1757368285.284105,24852.196,0.060
1757368285.286175,24854.266,0.060
1757368285.288244,24856.335,0.060
1757368285.290313,24858.404,0.060
1757368285.292380,24860.471,0.060
1757368285.294449,24862.540,0.060
1757368285.296516,24864.608,0.060
1757368285.298586,24866.677,0.060
1757368285.300655,24868.746,0.060
1757368285.302725,24870.816,0.060
1757368285.304793,24872.884,0.060
1757368285.306863,24874.954,0.060
1757368285.308932,24877.023,0.060
1757368285.311001,24879.092,0.060
1757368285.313070,24881.161,0.060
1757368285.315142,24883.233,0.060
1757368285.317214,24885.305,0.060
1757368285.319284,24887.375,0.060
1757368285.321353,24889.444,0.060
1757368285.323422,24891.513,0.060
1757368285.325491,24893.582,0.060
1757368285.327560,24895.651,0.060
1757368285.329630,24897.721,0.060
1757368285.331699,24899.791,0.060
1757368285.333769,24901.860,0.060
1757368285.335837,24903.929,0.060
1757368285.337907,24905.998,0.060
1757368285.339976,24908.067,0.060
1757368285.342047,24910.138,0.060
1757368285.344115,24912.206,0.060
1757368285.346184,24914.275,0.060
1757368285.348251,24916.342,0.060
1757368285.350321,24918.412,0.060
1757368285.352387,24920.478,0.060
1757368285.354456,24922.547,0.060
1757368285.356525,24924.616,0.060
1757368285.358593,24926.685,0.060
1757368285.360661,24928.752,0.060
1757368285.362730,24930.821,0.060
1757368285.364799,24932.890,0.060
1757368285.366869,24934.960,0.060
1757368285.368941,24937.032,0.060
1757368285.371011,24939.103,0.060
1757368285.373080,24941.171,0.060
1757368285.375150,24943.241,0.060
1757368285.377218,24945.309,0.060
1757368285.379288,24947.380,0.060
1757368285.381383,24949.474,0.060
1757368285.383453,24951.544,0.060
1757368285.385522,24953.613,0.060
1757368285.387593,24955.684,0.060
1757368285.389661,24957.752,0.060
1757368285.391730,24959.821,0.060
1757368285.393799,24961.890,0.060
1757368285.395868,24963.959,0.060
1757368285.397938,24966.029,0.060
1757368285.400016,24968.107,0.060
1757368285.402086,24970.177,0.060
1757368285.404156,24972.247,0.060
1757368285.406237,24974.329,0.060
1757368285.408310,24976.401,0.060
1757368285.410380,24978.471,0.060
1757368285.412448,24980.539,0.060
1757368285.414517,24982.608,0.060
1757368285.416587,24984.678,0.060
1757368285.418656,24986.748,0.060
1757368285.420717,24988.808,0.060
1757368285.422791,24990.882,0.060
1757368285.424855,24992.946,0.060
1757368285.426912,24995.003,0.060
1757368285.428970,24997.061,0.060
1757368285.431027,24999.118,0.060
1757368285.433084,25001.175,0.060
1757368285.435142,25003.233,0.060
1757368285.437200,25005.291,0.060
1757368285.439259,25007.350,0.060
1757368285.441316,25009.408,0.060
1757368285.443375,25011.467,0.060
1757368285.445434,25013.525,0.060
1757368285.447495,25015.586,0.060
1757368285.449555,25017.646,0.060
1757368285.451614,25019.706,0.060
1757368285.453674,25021.765,0.060
1757368285.455734,25023.825,0.060
1757368285.457798,25025.889,0.060
1757368285.459859,25027.951,0.060
1757368285.461920,25030.011,0.080
1757368285.463980,25032.071,0.080
1757368285.466042,25034.133,0.080
1757368285.468103,25036.194,0.080
1757368285.470173,25038.265,0.080
1757368285.472241,25040.332,0.080
1757368285.474310,25042.402,0.080
1757368285.476380,25044.471,0.080
1757368285.478448,25046.540,0.080
1757368285.480515,25048.607,0.080
1757368285.482588,25050.679,0.080
1757368285.484657,25052.748,0.080
1757368285.486727,25054.818,0.080
1757368285.488794,25056.885,0.080
1757368285.490862,25058.954,0.080
1757368285.492936,25061.027,0.080
1757368285.495006,25063.097,0.080
1757368285.497079,25065.170,0.080
1757368285.499148,25067.239,0.080
1757368285.501221,25069.312,0.080
1757368285.503291,25071.382,0.080
1757368285.505387,25073.478,0.080
1757368285.507456,25075.547,0.080
1757368285.509527,25077.618,0.080
1757368285.511596,25079.687,0.080
1757368285.513664,25081.756,0.080
1757368285.515741,25083.832,0.080
1757368285.517812,25085.904,0.080
1757368285.519882,25087.973,0.080
1757368285.521951,25090.043,0.080
1757368285.524026,25092.117,0.080
1757368285.526096,25094.187,0.080
1757368285.528163,25096.254,0.080
1757368285.530233,25098.324,0.080
1757368285.532300,25100.392,0.080
1757368285.534374,25102.465,0.080
1757368285.536440,25104.531,0.080
1757368285.538516,25106.607,0.080
1757368285.540583,25108.674,0.080
1757368285.542655,25110.746,0.080
1757368285.544721,25112.812,0.080
1757368285.546801,25114.892,0.080
1757368285.548868,25116.960,0.080
1757368285.550939,25119.030,0.080
1757368285.553006,25121.097,0.080
1757368285.555075,25123.167,0.080
1757368285.557144,25125.235,0.080
1757368285.559213,25127.305,0.080
1757368285.561280,25129.372,0.080
1757368285.563352,25131.443,0.080
1757368285.565421,25133.512,0.080
1757368285.567490,25135.581,0.080
1757368285.569561,25137.652,0.080
1757368285.571630,25139.721,0.080
1757368285.573698,25141.789,0.080
1757368285.575768,25143.859,0.080
1757368285.577836,25145.927,0.080
1757368285.579906,25147.997,0.080
1757368285.581975,25150.066,0.080
1757368285.584021,25152.112,0.080
1757368285.586089,25154.181,0.080
1757368285.588157,25156.248,0.080
1757368285.590226,25158.317,0.080
1757368285.592293,25160.384,0.080
1757368285.594362,25162.453,0.080
1757368285.596430,25164.521,0.080
1757368285.598498,25166.589,0.080
1757368285.600566,25168.657,0.080
1757368285.602635,25170.726,0.080
1757368285.604702,25172.793,0.080
1757368285.606771,25174.862,0.080
1757368285.608841,25176.932,0.080
1757368285.610909,25179.001,0.080
1757368285.612981,25181.072,0.080
1757368285.615050,25183.141,0.080
1757368285.617119,25185.210,0.080
1757368285.619188,25187.279,0.080
1757368285.621256,25189.348,0.080
1757368285.623326,25191.417,0.080
1757368285.625394,25193.485,0.080
1757368285.627462,25195.554,0.080
1757368285.629531,25197.622,0.080
1757368285.631600,25199.691,0.080
1757368285.633669,25201.760,0.060
1757368285.635739,25203.830,0.060
1757368285.637808,25205.899,0.060
1757368285.639877,25207.968,0.060
1757368285.641946,25210.037,0.060
1757368285.644028,25212.119,0.060
1757368285.646098,25214.189,0.060
1757368285.648166,25216.257,0.060
1757368285.650235,25218.326,0.060
1757368285.652302,25220.393,0.060
1757368285.654371,25222.462,0.060
1757368285.656439,25224.530,0.060
1757368285.658507,25226.599,0.060
1757368285.660576,25228.667,0.060
1757368285.662646,25230.737,0.060
1757368285.664715,25232.806,0.060
1757368285.666785,25234.876,0.060
1757368285.668853,25236.944,0.060
1757368285.670922,25239.013,0.060
1757368285.672993,25241.085,0.060
1757368285.675064,25243.155,0.060
1757368285.677132,25245.223,0.060
1757368285.679201,25247.292,0.060
1757368285.681269,25249.361,0.060
1757368285.683338,25251.429,0.060
1757368285.685406,25253.497,0.060
1757368285.687476,25255.567,0.060
1757368285.689545,25257.637,0.060
1757368285.691614,25259.705,0.060
1757368285.693684,25261.775,0.060
1757368285.695754,25263.845,0.060
1757368285.697823,25265.914,0.060
1757368285.699892,25267.983,0.060
1757368285.701962,25270.053,0.060
1757368285.704021,25272.112,0.060
1757368285.706090,25274.181,0.060
1757368285.708158,25276.249,0.060
1757368285.710228,25278.319,0.060
1757368285.712294,25280.385,0.060
1757368285.714363,25282.454,0.060
1757368285.716429,25284.521,0.060
1757368285.718498,25286.590,0.060
1757368285.720568,25288.659,0.060
1757368285.722638,25290.729,0.060
1757368285.724707,25292.799,0.060
1757368285.726777,25294.868,0.060
1757368285.728844,25296.936,0.060
1757368285.730914,25299.005,0.060
1757368285.732983,25301.074,0.060
1757368285.735052,25303.143,0.060
1757368285.737121,25305.212,0.060
1757368285.739191,25307.282,0.060
1757368285.741259,25309.350,0.060
1757368285.743328,25311.419,0.060
1757368285.745399,25313.490,0.060
1757368285.747468,25315.559,0.060
1757368285.749537,25317.628,0.060
1757368285.751606,25319.697,0.060
1757368285.753675,25321.766,0.060
1757368285.755744,25323.836,0.060
1757368285.757812,25325.903,0.060
1757368285.759881,25327.972,0.060
1757368285.761950,25330.041,0.060
1757368285.764022,25332.113,0.060
1757368285.766091,25334.182,0.060
1757368285.768160,25336.251,0.060
1757368285.770229,25338.320,0.060
1757368285.772296,25340.387,0.060
1757368285.774365,25342.457,0.060
1757368285.776434,25344.525,0.060
1757368285.778503,25346.594,0.060
1757368285.780570,25348.661,0.060
1757368285.782640,25350.731,0.060
1757368285.784708,25352.799,0.060
1757368285.786777,25354.868,0.060
1757368285.788846,25356.938,0.060
1757368285.790915,25359.006,0.060
1757368285.792984,25361.075,0.060
1757368285.795053,25363.144,0.060
1757368285.797120,25365.211,0.060
1757368285.799193,25367.285,0.060
1757368285.801263,25369.354,0.060
1757368285.803331,25371.422,0.060
1757368285.805402,25373.493,0.060
1757368285.807471,25375.562,0.060
1757368285.809540,25377.631,0.060
1757368285.811609,25379.700,0.060
1757368285.813679,25381.770,0.060
1757368285.815747,25383.839,0.060
1757368285.817817,25385.909,0.060
1757368285.819888,25387.979,0.060
1757368285.821957,25390.048,0.060
1757368285.824029,25392.120,0.060
1757368285.826097,25394.188,0.060
1757368285.828166,25396.258,0.060
1757368285.830235,25398.327,0.060
1757368285.832304,25400.395,0.060
1757368285.834374,25402.465,0.060
1757368285.836441,25404.532,0.060
1757368285.838509,25406.600,0.060
1757368285.840576,25408.667,0.060
1757368285.842644,25410.736,0.060
1757368285.844716,25412.807,0.060
1757368285.846785,25414.876,0.060
1757368285.848854,25416.945,0.060
1757368285.850923,25419.014,0.060
1757368285.852991,25421.082,0.060
1757368285.855061,25423.152,0.060
1757368285.857129,25425.220,0.060
1757368285.859197,25427.288,0.060
1757368285.861265,25429.357,0.060
1757368285.863335,25431.426,0.060
1757368285.865405,25433.496,0.060
1757368285.867473,25435.565,0.060
1757368285.869546,25437.637,0.060
1757368285.871615,25439.706,0.060
1757368285.873683,25441.774,0.060
1757368285.875752,25443.843,0.060
1757368285.877823,25445.914,0.060
1757368285.879891,25447.983,0.060
1757368285.881962,25450.053,0.060
1757368285.884022,25452.113,0.060
1757368285.886091,25454.182,0.060
1757368285.888159,25456.250,0.060
1757368285.890238,25458.329,0.060
1757368285.892306,25460.397,0.060
1757368285.894377,25462.468,0.060
1757368285.896446,25464.537,0.060
1757368285.898515,25466.606,0.060
1757368285.900581,25468.673,0.060
1757368285.902651,25470.742,0.060
1757368285.904720,25472.811,0.060
1757368285.906789,25474.880,0.060
1757368285.908860,25476.951,0.060
1757368285.910930,25479.021,0.060
1757368285.913004,25481.095,0.060
1757368285.915073,25483.165,0.060
1757368285.917145,25485.237,0.060
1757368285.919214,25487.306,0.060
1757368285.921284,25489.375,0.060
1757368285.923354,25491.445,0.060
1757368285.925425,25493.516,0.060
1757368285.927495,25495.586,0.060
1757368285.929564,25497.655,0.060
1757368285.931634,25499.725,0.060
1757368285.933703,25501.794,0.060
1757368285.935772,25503.863,0.060
1757368285.937842,25505.933,0.060
1757368285.939923,25508.014,0.060
1757368285.941999,25510.090,0.060
1757368285.944067,25512.159,0.060
1757368285.946138,25514.230,0.060
1757368285.948208,25516.299,0.060
1757368285.950279,25518.370,0.060
1757368285.952348,25520.439,0.060
1757368285.954417,25522.509,0.060
1757368285.956486,25524.577,0.060
1757368285.958556,25526.647,0.060
1757368285.960626,25528.717,0.060
1757368285.962696,25530.787,0.060
1757368285.964764,25532.855,0.060
1757368285.966833,25534.924,0.060
1757368285.968903,25536.994,0.060
1757368285.970978,25539.070,0.060
1757368285.973047,25541.138,0.060
1757368285.975116,25543.207,0.060
1757368285.977184,25545.275,0.060
1757368285.979252,25547.343,0.060
1757368285.981321,25549.412,0.060
1757368285.983391,25551.482,0.060
1757368285.985460,25553.551,0.060
1757368285.987529,25555.620,0.060
1757368285.989598,25557.689,0.060
1757368285.991667,25559.758,0.060
1757368285.993737,25561.829,0.060
1757368285.995806,25563.897,0.060
1757368285.997875,25565.966,0.060
1757368285.999944,25568.035,0.060
1757368286.002013,25570.104,0.060
1757368286.004082,25572.173,0.060
1757368286.006153,25574.244,0.060
1757368286.008224,25576.315,0.060
1757368286.010293,25578.385,0.060
1757368286.012362,25580.453,0.060
1757368286.014431,25582.522,0.060
1757368286.016519,25584.610,0.060
1757368286.018598,25586.689,0.060
1757368286.020667,25588.758,0.060
1757368286.022737,25590.828,0.060
1757368286.024807,25592.898,0.060
1757368286.026876,25594.967,0.060
1757368286.028946,25597.038,0.060
1757368286.031016,25599.107,0.060
1757368286.033085,25601.176,0.060
1757368286.035154,25603.245,0.060
1757368286.037222,25605.313,0.060
1757368286.039291,25607.382,0.060
1757368286.041373,25609.464,0.060
1757368286.043443,25611.534,0.060
1757368286.045511,25613.603,0.060
1757368286.047581,25615.672,0.060
1757368286.049650,25617.742,0.060
1757368286.051720,25619.811,0.060
1757368286.053789,25621.881,0.060
1757368286.055859,25623.950,0.060
1757368286.057929,25626.020,0.060
1757368286.060024,25628.115,0.060
1757368286.062097,25630.188,0.060
1757368286.064165,25632.257,0.060
1757368286.066237,25634.328,0.060
1757368286.068306,25636.397,0.060
1757368286.070379,25638.470,0.060
1757368286.072449,25640.541,0.060
1757368286.074518,25642.610,0.060
1757368286.076585,25644.676,0.060
1757368286.078655,25646.746,0.060
1757368286.080723,25648.814,0.060
1757368286.082791,25650.882,0.060
1757368286.084859,25652.950,0.060
1757368286.086928,25655.019,0.060
1757368286.088997,25657.088,0.060
1757368286.091066,25659.157,0.060
1757368286.093135,25661.226,0.060
1757368286.095204,25663.295,0.060
1757368286.097277,25665.369,0.060
1757368286.099346,25667.437,0.060
1757368286.101418,25669.509,0.060
1757368286.103487,25671.578,0.060
1757368286.105556,25673.647,0.060
1757368286.107626,25675.717,0.060
1757368286.109695,25677.786,0.060
1757368286.111764,25679.855,0.060
1757368286.113833,25681.924,0.060
1757368286.115902,25683.994,0.060
1757368286.117972,25686.063,0.060
1757368286.120028,25688.119,0.060
1757368286.122097,25690.188,0.060
1757368286.124168,25692.259,0.060
1757368286.126239,25694.330,0.060
1757368286.128307,25696.398,0.060
1757368286.130376,25698.467,0.060
1757368286.132444,25700.535,0.060
1757368286.134512,25702.604,0.060
1757368286.136579,25704.670,0.060
1757368286.138648,25706.739,0.060
1757368286.140716,25708.807,0.060
1757368286.142785,25710.876,0.060
1757368286.144853,25712.944,0.060
1757368286.146922,25715.013,0.060
1757368286.148991,25717.082,0.060
1757368286.151060,25719.151,0.060
1757368286.153129,25721.220,0.060
1757368286.155198,25723.289,0.060
1757368286.157267,25725.358,0.060
1757368286.159335,25727.426,0.060
1757368286.161406,25729.497,0.060
1757368286.163476,25731.567,0.060
1757368286.165545,25733.636,0.060
1757368286.167614,25735.705,0.060
1757368286.169683,25737.774,0.060
1757368286.171752,25739.843,0.060
1757368286.173820,25741.912,0.060
1757368286.175889,25743.980,0.060
1757368286.177958,25746.050,0.060
1757368286.180039,25748.130,0.060
1757368286.182108,25750.199,0.060
1757368286.184178,25752.270,0.060
1757368286.186248,25754.339,0.060
1757368286.188314,25756.405,0.060
1757368286.190383,25758.475,0.060
1757368286.192452,25760.543,0.060
1757368286.194521,25762.613,0.060
1757368286.196591,25764.682,0.060
1757368286.198660,25766.751,0.060
1757368286.200729,25768.820,0.060
1757368286.202798,25770.890,0.060
1757368286.204867,25772.958,0.060
1757368286.206937,25775.028,0.060
1757368286.209004,25777.096,0.060
1757368286.211074,25779.165,0.060
1757368286.213141,25781.232,0.060
1757368286.215209,25783.301,0.060
1757368286.217279,25785.370,0.060
1757368286.219347,25787.438,0.060
1757368286.221419,25789.510,0.060
1757368286.223488,25791.579,0.060
1757368286.225556,25793.648,0.060
1757368286.227625,25795.717,0.060
1757368286.229694,25797.785,0.060
1757368286.231764,25799.855,0.060
1757368286.233833,25801.924,0.060
1757368286.235901,25803.993,0.060
1757368286.237970,25806.062,0.060
1757368286.240025,25808.116,0.060
1757368286.242094,25810.185,0.060
1757368286.244163,25812.254,0.060
1757368286.246232,25814.323,0.060
1757368286.248298,25816.389,0.060
1757368286.250367,25818.458,0.060
1757368286.252435,25820.527,0.060
1757368286.254505,25822.596,0.060
1757368286.256573,25824.664,0.060
1757368286.258642,25826.733,0.060
1757368286.260710,25828.802,0.060
1757368286.262779,25830.871,0.060
1757368286.264847,25832.938,0.060
1757368286.266916,25835.007,0.060
1757368286.268985,25837.076,0.060
1757368286.271053,25839.144,0.060
1757368286.273121,25841.213,0.060
1757368286.275191,25843.282,0.060
1757368286.277259,25845.351,0.060
1757368286.279328,25847.420,0.060
1757368286.281402,25849.494,0.060
1757368286.283472,25851.563,0.060
1757368286.285543,25853.634,0.060
1757368286.287612,25855.704,0.060
1757368286.289682,25857.773,0.060
1757368286.291751,25859.842,0.060
1757368286.293819,25861.911,0.060
1757368286.295888,25863.980,0.060
1757368286.297957,25866.048,0.060
1757368286.300022,25868.114,0.060
1757368286.302091,25870.182,0.060
1757368286.304159,25872.250,0.060
1757368286.306227,25874.318,0.060
1757368286.308293,25876.384,0.060
1757368286.310361,25878.453,0.060
1757368286.312429,25880.520,0.060
1757368286.314498,25882.589,0.060
1757368286.316565,25884.656,0.060
1757368286.318632,25886.724,0.060
1757368286.320703,25888.794,0.060
1757368286.322771,25890.862,0.060
1757368286.324837,25892.929,0.060
1757368286.326906,25894.998,0.060
1757368286.328976,25897.067,0.060
1757368286.331044,25899.136,0.060
1757368286.333112,25901.203,0.060
1757368286.335181,25903.272,0.060
1757368286.337249,25905.340,0.060
1757368286.339319,25907.410,0.060
1757368286.341392,25909.483,0.060
1757368286.343461,25911.552,0.060
1757368286.345530,25913.621,0.060
1757368286.347599,25915.690,0.060
1757368286.349668,25917.759,0.060
1757368286.351737,25919.828,0.060
1757368286.353806,25921.897,0.060
1757368286.355875,25923.966,0.060
1757368286.357944,25926.035,0.060
1757368286.360022,25928.113,0.060
1757368286.362092,25930.183,0.060
1757368286.364161,25932.252,0.060
1757368286.366230,25934.322,0.060
1757368286.368298,25936.389,0.060
1757368286.370368,25938.459,0.060
1757368286.372437,25940.528,0.060
1757368286.374510,25942.601,0.060
1757368286.376581,25944.672,0.060
1757368286.378653,25946.744,0.060
1757368286.380722,25948.813,0.060
1757368286.382792,25950.883,0.060
1757368286.384861,25952.952,0.060
1757368286.386930,25955.022,0.060
1757368286.389000,25957.091,0.060
1757368286.391069,25959.161,0.060
1757368286.393139,25961.231,0.060
1757368286.395211,25963.302,0.060
1757368286.397280,25965.371,0.060
1757368286.399349,25967.440,0.060
1757368286.401418,25969.510,0.060
1757368286.403488,25971.579,0.060
1757368286.405557,25973.648,0.060
1757368286.407626,25975.718,0.060
1757368286.409696,25977.787,0.060
1757368286.411766,25979.857,0.060
1757368286.413834,25981.925,0.060
1757368286.415904,25983.995,0.060
1757368286.417975,25986.066,0.060
1757368286.420022,25988.113,0.060
1757368286.422091,25990.182,0.060
1757368286.424156,25992.247,0.060
1757368286.426250,25994.341,0.060
1757368286.428322,25996.413,0.060
1757368286.430386,25998.477,0.060
1757368286.432448,26000.539,0.060
1757368286.434511,26002.602,0.060
1757368286.436573,26004.664,0.060
1757368286.438636,26006.727,0.060
1757368286.440696,26008.788,0.060
1757368286.442760,26010.851,0.060
1757368286.444822,26012.913,0.060
1757368286.446884,26014.976,0.060
1757368286.448948,26017.039,0.060
1757368286.451008,26019.099,0.060
1757368286.453066,26021.157,0.060
1757368286.455124,26023.216,0.060
1757368286.457183,26025.274,0.060
1757368286.459243,26027.334,0.060
1757368286.461309,26029.400,0.060
1757368286.463372,26031.463,0.060
1757368286.465434,26033.525,0.080
1757368286.467496,26035.588,0.080
1757368286.469558,26037.649,0.080
1757368286.471622,26039.713,0.080
1757368286.473687,26041.778,0.080
1757368286.475751,26043.842,0.080
1757368286.477816,26045.907,0.080
1757368286.479881,26047.972,0.080
1757368286.481947,26050.038,0.080
1757368286.484021,26052.113,0.080
1757368286.486089,26054.180,0.080
1757368286.488158,26056.249,0.080
1757368286.490229,26058.320,0.080
1757368286.492296,26060.387,0.080
1757368286.494366,26062.457,0.080
1757368286.496435,26064.527,0.080
1757368286.498506,26066.597,0.080
1757368286.500906,26068.997,0.080
1757368286.502988,26071.079,0.080
1757368286.505061,26073.152,0.080
1757368286.507136,26075.227,0.080
1757368286.509211,26077.302,0.080
1757368286.511281,26079.372,0.080
1757368286.513378,26081.470,0.080
1757368286.515449,26083.540,0.080
1757368286.517517,26085.608,0.080
1757368286.519586,26087.677,0.080
1757368286.521655,26089.746,0.080
1757368286.523725,26091.816,0.080
1757368286.525794,26093.885,0.080
1757368286.527864,26095.955,0.080
1757368286.529933,26098.024,0.080
1757368286.532022,26100.113,0.080
1757368286.534091,26102.182,0.080
1757368286.536158,26104.249,0.080
1757368286.538228,26106.319,0.080
1757368286.540295,26108.386,0.080
1757368286.542364,26110.456,0.080
1757368286.544431,26112.523,0.080
1757368286.546500,26114.591,0.080
1757368286.548570,26116.661,0.080
1757368286.550639,26118.730,0.080
1757368286.552705,26120.796,0.080
1757368286.554774,26122.865,0.080
1757368286.556844,26124.935,0.080
1757368286.558913,26127.004,0.080
1757368286.560982,26129.073,0.080
1757368286.563050,26131.141,0.080
1757368286.565121,26133.212,0.080
1757368286.567190,26135.281,0.080
1757368286.569258,26137.349,0.080
1757368286.571328,26139.419,0.080
1757368286.573400,26141.491,0.080
1757368286.575469,26143.560,0.080
1757368286.577538,26145.630,0.080
1757368286.579608,26147.699,0.080
1757368286.581677,26149.768,0.080
1757368286.583746,26151.837,0.080
1757368286.585815,26153.906,0.080
1757368286.587884,26155.975,0.080
1757368286.589955,26158.046,0.080
1757368286.592021,26160.112,0.080
1757368286.594090,26162.181,0.080
1757368286.596159,26164.251,0.080
1757368286.598228,26166.319,0.080
1757368286.600295,26168.386,0.080
1757368286.602365,26170.456,0.080
1757368286.604436,26172.527,0.080
1757368286.606505,26174.596,0.080
1757368286.608571,26176.662,0.080
1757368286.610641,26178.732,0.080
1757368286.612708,26180.799,0.080
1757368286.614778,26182.869,0.080
1757368286.616846,26184.937,0.080
1757368286.618914,26187.005,0.080
1757368286.620985,26189.076,0.080
1757368286.623054,26191.145,0.080
1757368286.625122,26193.213,0.080
1757368286.627191,26195.282,0.080
1757368286.629261,26197.352,0.080
1757368286.631330,26199.422,0.080
1757368286.633399,26201.491,0.080
1757368286.635468,26203.559,0.080
1757368286.637538,26205.629,0.080
1757368286.639606,26207.697,0.080
1757368286.641674,26209.765,0.080
1757368286.643743,26211.834,0.080
1757368286.645814,26213.905,0.080
1757368286.647883,26215.974,0.080
1757368286.649952,26218.043,0.080
1757368286.652020,26220.111,0.080
1757368286.654089,26222.180,0.060
1757368286.656158,26224.249,0.060
1757368286.658228,26226.319,0.060
1757368286.660295,26228.387,0.060
1757368286.662364,26230.455,0.060
1757368286.664434,26232.525,0.060
1757368286.666503,26234.594,0.060
1757368286.668570,26236.661,0.060
1757368286.670641,26238.732,0.060
1757368286.672710,26240.801,0.060
1757368286.674779,26242.870,0.060
1757368286.676848,26244.940,0.060
1757368286.678918,26247.009,0.060
1757368286.680987,26249.079,0.060
1757368286.683057,26251.148,0.060
1757368286.685125,26253.216,0.060
1757368286.687194,26255.285,0.060
1757368286.689261,26257.352,0.060
1757368286.691329,26259.421,0.080
1757368286.693397,26261.488,0.080
1757368286.695465,26263.556,0.080
1757368286.697535,26265.626,0.080
1757368286.699604,26267.695,0.080
1757368286.701673,26269.764,0.080
1757368286.703743,26271.834,0.080
1757368286.705811,26273.902,0.080
1757368286.707880,26275.971,0.080
1757368286.709949,26278.040,0.080
1757368286.712027,26280.118,0.080
1757368286.714096,26282.187,0.080
1757368286.716166,26284.257,0.080
1757368286.718235,26286.326,0.080
1757368286.720302,26288.393,0.080
1757368286.722371,26290.462,0.080
1757368286.724440,26292.531,0.080
1757368286.726509,26294.600,0.080
1757368286.728577,26296.668,0.080
1757368286.730645,26298.736,0.080
1757368286.732717,26300.808,0.080
1757368286.734786,26302.877,0.080
1757368286.736854,26304.945,0.080
1757368286.738923,26307.014,0.080
1757368286.740993,26309.084,0.080
1757368286.743063,26311.154,0.080
1757368286.745131,26313.222,0.080
1757368286.747200,26315.291,0.080
1757368286.749270,26317.361,0.080
1757368286.751339,26319.430,0.080
1757368286.753409,26321.500,0.080
1757368286.755478,26323.569,0.080
1757368286.757549,26325.640,0.080
1757368286.759618,26327.709,0.080
1757368286.761686,26329.777,0.080
1757368286.763756,26331.847,0.080
1757368286.765827,26333.918,0.080
1757368286.767898,26335.989,0.080
1757368286.769969,26338.061,0.080
1757368286.772024,26340.115,0.080
1757368286.774094,26342.185,0.080
1757368286.776167,26344.258,0.080
1757368286.778236,26346.327,0.080
1757368286.780305,26348.397,0.080
1757368286.782375,26350.466,0.080
1757368286.784443,26352.534,0.080
1757368286.786512,26354.603,0.080
1757368286.788581,26356.672,0.080
1757368286.790650,26358.742,0.080
1757368286.792720,26360.811,0.080
1757368286.794789,26362.880,0.080
1757368286.796857,26364.948,0.080
1757368286.798926,26367.017,0.080
1757368286.800995,26369.087,0.080
1757368286.803066,26371.157,0.080
1757368286.805137,26373.228,0.080
1757368286.807205,26375.297,0.080
1757368286.809279,26377.370,0.080
1757368286.811348,26379.439,0.080
1757368286.813420,26381.511,0.080
1757368286.815489,26383.580,0.080
1757368286.817558,26385.649,0.080
1757368286.819628,26387.719,0.080
1757368286.821697,26389.788,0.080
1757368286.823766,26391.857,0.080
1757368286.825835,26393.926,0.080
1757368286.827905,26395.996,0.080
1757368286.829974,26398.065,0.060
1757368286.832021,26400.112,0.060
1757368286.834091,26402.182,0.060
1757368286.836159,26404.251,0.060
1757368286.838228,26406.319,0.060
1757368286.840296,26408.387,0.060
1757368286.842366,26410.457,0.060
1757368286.844435,26412.526,0.060
1757368286.846504,26414.595,0.060
1757368286.848574,26416.665,0.060
1757368286.850642,26418.734,0.060
1757368286.852711,26420.803,0.060
1757368286.854780,26422.872,0.060
1757368286.856848,26424.939,0.060
1757368286.858928,26427.019,0.060
1757368286.861001,26429.092,0.060
1757368286.863072,26431.164,0.060
1757368286.865143,26433.234,0.060
1757368286.867213,26435.304,0.060
1757368286.869285,26437.376,0.060
1757368286.871354,26439.445,0.060
1757368286.873424,26441.515,0.060
1757368286.875493,26443.584,0.060
1757368286.877570,26445.662,0.060
1757368286.879643,26447.734,0.060
1757368286.881713,26449.804,0.060
1757368286.883782,26451.873,0.060
1757368286.885850,26453.941,0.060
1757368286.887919,26456.011,0.060
1757368286.889989,26458.080,0.060
1757368286.892023,26460.114,0.060
1757368286.894092,26462.183,0.060
1757368286.896165,26464.256,0.060
1757368286.898233,26466.325,0.060
1757368286.900300,26468.391,0.060
1757368286.902369,26470.460,0.060
1757368286.904435,26472.527,0.060
1757368286.906504,26474.595,0.060
1757368286.908570,26476.661,0.060
1757368286.910642,26478.733,0.060
1757368286.912716,26480.808,0.060
1757368286.914787,26482.878,0.060
1757368286.916856,26484.947,0.060
1757368286.918925,26487.016,0.060
1757368286.920995,26489.087,0.060
1757368286.923065,26491.156,0.060
1757368286.925136,26493.227,0.060
1757368286.927205,26495.296,0.060
1757368286.929275,26497.366,0.060
1757368286.931344,26499.435,0.060
1757368286.933412,26501.503,0.060
1757368286.935482,26503.573,0.060
1757368286.937552,26505.643,0.060
1757368286.939621,26507.712,0.060
1757368286.941690,26509.781,0.060
1757368286.943759,26511.850,0.060
1757368286.945830,26513.921,0.060
1757368286.947899,26515.990,0.060
1757368286.949968,26518.059,0.060
1757368286.952024,26520.115,0.060
1757368286.954093,26522.185,0.060
1757368286.956162,26524.254,0.060
1757368286.958232,26526.323,0.060
1757368286.960300,26528.391,0.060
1757368286.962370,26530.461,0.060
1757368286.964438,26532.530,0.060
1757368286.966507,26534.599,0.060
1757368286.968575,26536.666,0.060
1757368286.970644,26538.735,0.060
1757368286.972713,26540.804,0.060
1757368286.974782,26542.873,0.060
1757368286.976851,26544.942,0.060
1757368286.978921,26547.012,0.060
1757368286.980990,26549.081,0.060
1757368286.983059,26551.150,0.060
1757368286.985128,26553.219,0.060
1757368286.987197,26555.289,0.060
1757368286.989267,26557.358,0.060
1757368286.991336,26559.427,0.060
1757368286.993407,26561.498,0.060
1757368286.995477,26563.568,0.060
1757368286.997547,26565.638,0.060
1757368286.999617,26567.708,0.060
1757368287.001686,26569.777,0.060
1757368287.003756,26571.847,0.060
1757368287.005824,26573.915,0.060
1757368287.007893,26575.984,0.060
1757368287.009961,26578.052,0.060
1757368287.012026,26580.117,0.060
1757368287.014095,26582.186,0.060
1757368287.016163,26584.254,0.060
1757368287.018231,26586.322,0.060
1757368287.020298,26588.389,0.060
1757368287.022367,26590.458,0.060
1757368287.024434,26592.525,0.060
1757368287.026502,26594.594,0.060
1757368287.028572,26596.663,0.060
1757368287.030641,26598.732,0.060
1757368287.032709,26600.801,0.060
1757368287.034779,26602.870,0.060
1757368287.036849,26604.940,0.060
1757368287.038918,26607.009,0.060
1757368287.040990,26609.081,0.060
1757368287.043059,26611.150,0.060
1757368287.045128,26613.219,0.060
1757368287.047197,26615.288,0.060
1757368287.049265,26617.356,0.060
1757368287.051333,26619.425,0.060
1757368287.053403,26621.494,0.060
1757368287.055472,26623.564,0.060
1757368287.057544,26625.635,0.060
1757368287.059614,26627.705,0.060
1757368287.061682,26629.773,0.060
1757368287.063752,26631.843,0.060
1757368287.065820,26633.912,0.060
1757368287.067890,26635.981,0.060
1757368287.069958,26638.050,0.060
1757368287.072020,26640.111,0.060
1757368287.074090,26642.181,0.060
1757368287.076159,26644.250,0.060
1757368287.078227,26646.318,0.060
1757368287.080294,26648.385,0.060
1757368287.082363,26650.455,0.060
1757368287.084431,26652.522,0.060
1757368287.086501,26654.592,0.060
1757368287.088570,26656.661,0.060
1757368287.090640,26658.731,0.060
1757368287.092708,26660.799,0.060
1757368287.094777,26662.868,0.060
1757368287.096850,26664.941,0.060
1757368287.098920,26667.011,0.060
1757368287.100988,26669.079,0.060
1757368287.103057,26671.148,0.060
1757368287.105126,26673.218,0.060
1757368287.107196,26675.287,0.060
1757368287.109265,26677.356,0.060
1757368287.111334,26679.425,0.060
1757368287.113403,26681.494,0.060
1757368287.115472,26683.563,0.060
1757368287.117542,26685.633,0.060
1757368287.119614,26687.705,0.060
1757368287.121684,26689.775,0.060
1757368287.123753,26691.844,0.060
1757368287.125821,26693.913,0.060
1757368287.127893,26695.984,0.060
1757368287.129961,26698.053,0.060
1757368287.132026,26700.117,0.060
1757368287.134094,26702.186,0.060
1757368287.136164,26704.255,0.060
1757368287.138233,26706.324,0.060
1757368287.140301,26708.392,0.060
1757368287.142370,26710.461,0.060
1757368287.144437,26712.528,0.060
1757368287.146506,26714.597,0.060
1757368287.148573,26716.665,0.060
1757368287.150642,26718.733,0.060
1757368287.152711,26720.802,0.060
1757368287.154780,26722.871,0.060
1757368287.156847,26724.938,0.060
1757368287.158916,26727.007,0.060
1757368287.160984,26729.075,0.060
1757368287.163054,26731.145,0.060
1757368287.165122,26733.213,0.060
1757368287.167192,26735.283,0.060
1757368287.169263,26737.354,0.060
1757368287.171333,26739.424,0.060
1757368287.173401,26741.492,0.060
1757368287.175470,26743.561,0.060
1757368287.177539,26745.630,0.060
1757368287.179608,26747.699,0.060
1757368287.181677,26749.768,0.060
1757368287.183747,26751.838,0.060
1757368287.185817,26753.908,0.060
1757368287.187886,26755.977,0.060
1757368287.189955,26758.046,0.060
1757368287.192024,26760.115,0.060
1757368287.194093,26762.184,0.060
1757368287.196161,26764.252,0.060
1757368287.198229,26766.320,0.060
1757368287.200296,26768.387,0.060
1757368287.202365,26770.456,0.060
1757368287.204437,26772.528,0.060
1757368287.206506,26774.597,0.060
1757368287.208573,26776.664,0.060
1757368287.210642,26778.733,0.060
1757368287.212710,26780.801,0.060
1757368287.214778,26782.870,0.060
1757368287.216847,26784.939,0.060
1757368287.218916,26787.007,0.060
1757368287.220984,26789.075,0.060
1757368287.223053,26791.144,0.060
1757368287.225120,26793.211,0.060
1757368287.227189,26795.280,0.060
1757368287.229262,26797.353,0.060
1757368287.231331,26799.422,0.060
1757368287.233402,26801.493,0.060
1757368287.235470,26803.561,0.060
1757368287.237540,26805.631,0.060
1757368287.239609,26807.700,0.060
1757368287.241677,26809.768,0.060
1757368287.243747,26811.838,0.060
1757368287.245815,26813.906,0.060
1757368287.247884,26815.975,0.060
1757368287.249956,26818.047,0.060
1757368287.252022,26820.113,0.060
1757368287.254091,26822.182,0.060
1757368287.256161,26824.252,0.060
1757368287.258231,26826.322,0.060
1757368287.260298,26828.389,0.060
1757368287.262367,26830.458,0.060
1757368287.264433,26832.524,0.060
1757368287.266503,26834.594,0.060
1757368287.268570,26836.662,0.060
1757368287.270640,26838.731,0.060
1757368287.272707,26840.798,0.060
1757368287.274776,26842.867,0.060
1757368287.276845,26844.937,0.060
1757368287.278914,26847.005,0.060
1757368287.280983,26849.074,0.060
1757368287.283051,26851.142,0.060
1757368287.285119,26853.210,0.060
1757368287.287187,26855.278,0.060
1757368287.289254,26857.345,0.060
1757368287.291323,26859.415,0.060
1757368287.293392,26861.483,0.060
1757368287.295461,26863.552,0.060
1757368287.297530,26865.621,0.060
1757368287.299599,26867.691,0.060
1757368287.301669,26869.760,0.060
1757368287.303739,26871.830,0.060
1757368287.305808,26873.899,0.060
1757368287.307877,26875.968,0.060
1757368287.309948,26878.039,0.060
1757368287.312021,26880.112,0.060
1757368287.314090,26882.181,0.060
1757368287.316157,26884.248,0.060
1757368287.318226,26886.317,0.060
1757368287.320295,26888.386,0.060
1757368287.322364,26890.455,0.060
1757368287.324430,26892.521,0.060
1757368287.326499,26894.590,0.060
1757368287.328567,26896.658,0.060
1757368287.330636,26898.727,0.060
1757368287.332707,26900.798,0.060
1757368287.334776,26902.867,0.060
1757368287.336845,26904.937,0.060
1757368287.338914,26907.005,0.060
1757368287.340983,26909.074,0.060
1757368287.343054,26911.145,0.060
1757368287.345124,26913.215,0.060
1757368287.347193,26915.284,0.060
1757368287.349262,26917.353,0.060
1757368287.351331,26919.422,0.060
1757368287.353399,26921.490,0.060
1757368287.355469,26923.560,0.060
1757368287.357538,26925.629,0.060
1757368287.359607,26927.698,0.060
1757368287.361676,26929.767,0.060
1757368287.363745,26931.836,0.060
1757368287.365814,26933.905,0.060
1757368287.367884,26935.975,0.060
1757368287.369953,26938.044,0.060
1757368287.372023,26940.114,0.060
1757368287.374092,26942.183,0.060
1757368287.376161,26944.252,0.060
1757368287.378232,26946.323,0.060
1757368287.380300,26948.391,0.060
1757368287.382369,26950.460,0.060
1757368287.384437,26952.528,0.060
1757368287.386506,26954.597,0.060
1757368287.388574,26956.665,0.060
1757368287.390643,26958.734,0.060
1757368287.392712,26960.803,0.060
1757368287.394788,26962.879,0.060
1757368287.396856,26964.947,0.060
1757368287.398927,26967.018,0.060
1757368287.400997,26969.088,0.060
1757368287.403067,26971.158,0.060
1757368287.405136,26973.227,0.060
1757368287.407206,26975.297,0.060
1757368287.409274,26977.365,0.060
1757368287.411344,26979.435,0.060
1757368287.413413,26981.504,0.060
1757368287.415483,26983.574,0.060
1757368287.417552,26985.643,0.060
1757368287.419621,26987.712,0.060
1757368287.421691,26989.782,0.060
1757368287.423761,26991.853,0.060
1757368287.425830,26993.922,0.060
1757368287.427900,26995.991,0.060
1757368287.429968,26998.059,0.060
1757368287.432064,27000.155,0.060
1757368287.434130,27002.221,0.060
1757368287.436188,27004.279,0.060
1757368287.438245,27006.336,0.060
1757368287.440302,27008.394,0.060
1757368287.442360,27010.451,0.060
1757368287.444418,27012.509,0.060
1757368287.446476,27014.567,0.060
1757368287.448535,27016.626,0.060
1757368287.450593,27018.685,0.060
1757368287.452653,27020.744,0.060
1757368287.454714,27022.805,0.060
1757368287.456772,27024.863,0.060
1757368287.458831,27026.922,0.060
1757368287.460892,27028.983,0.060
1757368287.462954,27031.045,0.060
1757368287.465015,27033.107,0.060
1757368287.467077,27035.168,0.060
1757368287.469139,27037.230,0.060
1757368287.471204,27039.295,0.060
1757368287.473268,27041.359,0.060
1757368287.475332,27043.423,0.060
1757368287.477395,27045.486,0.060
1757368287.479461,27047.552,0.080
1757368287.481527,27049.618,0.080
1757368287.483593,27051.684,0.080
1757368287.485659,27053.750,0.080
1757368287.487726,27055.818,0.060
1757368287.489794,27057.885,0.060
1757368287.491861,27059.952,0.060
1757368287.493929,27062.020,0.060
1757368287.496018,27064.110,0.060
1757368287.498087,27066.178,0.060
1757368287.500154,27068.245,0.060
1757368287.502223,27070.314,0.060
1757368287.504289,27072.380,0.060
1757368287.506358,27074.450,0.060
1757368287.508426,27076.517,0.060
1757368287.510494,27078.586,0.060
1757368287.512562,27080.653,0.060
1757368287.514632,27082.723,0.060
1757368287.516698,27084.789,0.060
1757368287.518767,27086.859,0.060
1757368287.520836,27088.927,0.060
1757368287.522904,27090.996,0.060
1757368287.524972,27093.063,0.060
1757368287.527042,27095.133,0.060
1757368287.529115,27097.206,0.060
1757368287.531184,27099.275,0.060
1757368287.533252,27101.343,0.060
1757368287.535322,27103.413,0.060
1757368287.537391,27105.483,0.060
1757368287.539460,27107.551,0.060
1757368287.541528,27109.619,0.060
1757368287.543597,27111.688,0.060
1757368287.545666,27113.757,0.060
1757368287.547735,27115.826,0.060
1757368287.549804,27117.895,0.060
1757368287.551873,27119.964,0.060
1757368287.553942,27122.034,0.060
1757368287.556021,27124.112,0.060
1757368287.558090,27126.181,0.060
1757368287.560158,27128.249,0.060
1757368287.562226,27130.317,0.060
1757368287.564292,27132.384,0.060
1757368287.566360,27134.452,0.060
1757368287.568430,27136.521,0.060
1757368287.570500,27138.591,0.060
1757368287.572566,27140.657,0.060
1757368287.574635,27142.726,0.060
1757368287.576701,27144.793,0.060
1757368287.578771,27146.862,0.060
1757368287.580838,27148.930,0.060
1757368287.582907,27150.999,0.060
1757368287.584976,27153.067,0.060
1757368287.587044,27155.135,0.060
1757368287.589113,27157.204,0.060
1757368287.591182,27159.273,0.060
1757368287.593251,27161.343,0.060
1757368287.595321,27163.412,0.060
1757368287.597390,27165.482,0.060
1757368287.599460,27167.551,0.060
1757368287.601529,27169.620,0.060
1757368287.603598,27171.689,0.060
1757368287.605666,27173.757,0.060
1757368287.607735,27175.826,0.060
1757368287.609804,27177.895,0.060
1757368287.611873,27179.965,0.060
1757368287.613942,27182.034,0.060
1757368287.616026,27184.117,0.060
1757368287.618095,27186.186,0.060
1757368287.620163,27188.255,0.060
1757368287.622233,27190.324,0.060
1757368287.624300,27192.391,0.060
1757368287.626369,27194.460,0.060
1757368287.628437,27196.528,0.060
1757368287.630507,27198.598,0.060
1757368287.632573,27200.664,0.060
1757368287.634642,27202.733,0.060
1757368287.636708,27204.799,0.060
1757368287.638777,27206.868,0.060
1757368287.640844,27208.935,0.060
1757368287.642914,27211.005,0.060
1757368287.644982,27213.073,0.060
1757368287.647051,27215.142,0.060
1757368287.649119,27217.210,0.060
1757368287.651187,27219.279,0.060
1757368287.653257,27221.348,0.060
1757368287.655325,27223.417,0.060
1757368287.657398,27225.489,0.060
1757368287.659467,27227.558,0.060
1757368287.661536,27229.627,0.060
1757368287.663605,27231.697,0.060
1757368287.665675,27233.766,0.060
1757368287.667744,27235.835,0.060
1757368287.669813,27237.905,0.060
1757368287.671883,27239.974,0.060
1757368287.673953,27242.044,0.060
1757368287.676026,27244.117,0.060
1757368287.678096,27246.187,0.060
1757368287.680164,27248.255,0.060
1757368287.682233,27250.324,0.060
1757368287.684300,27252.391,0.060
1757368287.686369,27254.461,0.060
1757368287.688438,27256.530,0.060
1757368287.690508,27258.599,0.060
1757368287.692577,27260.669,0.060
1757368287.694647,27262.738,0.060
1757368287.696714,27264.805,0.060
1757368287.698783,27266.875,0.060
1757368287.700851,27268.942,0.060
1757368287.702921,27271.012,0.060
1757368287.704993,27273.085,0.060
1757368287.707062,27275.153,0.060
1757368287.709129,27277.220,0.060
1757368287.711198,27279.289,0.060
1757368287.713266,27281.357,0.060
1757368287.715335,27283.426,0.060
1757368287.717406,27285.497,0.060
1757368287.719475,27287.566,0.060
1757368287.721546,27289.637,0.060
1757368287.723615,27291.707,0.060
1757368287.725686,27293.777,0.060
1757368287.727755,27295.846,0.060
1757368287.729828,27297.919,0.060
1757368287.731900,27299.991,0.060
1757368287.733969,27302.060,0.060
1757368287.736020,27304.111,0.060
1757368287.738089,27306.180,0.060
1757368287.740156,27308.247,0.060
1757368287.742224,27310.315,0.060
1757368287.744291,27312.382,0.060
1757368287.746360,27314.451,0.060
1757368287.748429,27316.520,0.060
1757368287.750498,27318.589,0.060
1757368287.752568,27320.659,0.060
1757368287.754637,27322.728,0.060
1757368287.756705,27324.796,0.060
1757368287.758774,27326.865,0.060
1757368287.760842,27328.933,0.060
1757368287.762912,27331.003,0.060
1757368287.764980,27333.071,0.060
1757368287.767050,27335.141,0.060
1757368287.769119,27337.210,0.060
1757368287.771189,27339.280,0.060
1757368287.773258,27341.349,0.060
1757368287.775326,27343.418,0.060
1757368287.777396,27345.487,0.060
1757368287.779465,27347.556,0.060
1757368287.781534,27349.625,0.060
1757368287.783603,27351.694,0.060
1757368287.785672,27353.763,0.060
1757368287.787741,27355.832,0.060
1757368287.789809,27357.900,0.060
1757368287.791878,27359.969,0.060
1757368287.793947,27362.039,0.060
1757368287.796027,27364.118,0.060
1757368287.798096,27366.188,0.060
1757368287.800165,27368.256,0.060
1757368287.802234,27370.325,0.060
1757368287.804301,27372.392,0.060
1757368287.806371,27374.462,0.060
1757368287.808438,27376.529,0.060
1757368287.810510,27378.601,0.060
1757368287.812577,27380.668,0.060
1757368287.814646,27382.737,0.060
1757368287.816714,27384.805,0.060
1757368287.818783,27386.874,0.060
1757368287.820850,27388.941,0.060
1757368287.822919,27391.011,0.060
1757368287.824987,27393.079,0.060
1757368287.827059,27395.150,0.060
1757368287.829128,27397.219,0.060
1757368287.831197,27399.288,0.060
1757368287.833265,27401.356,0.060
1757368287.835334,27403.425,0.060
1757368287.837402,27405.493,0.060
1757368287.839471,27407.562,0.060
1757368287.841540,27409.631,0.060
1757368287.843609,27411.700,0.060
1757368287.845679,27413.770,0.060
1757368287.847747,27415.838,0.060
1757368287.849816,27417.907,0.060
1757368287.851885,27419.976,0.060
1757368287.853954,27422.045,0.060
1757368287.856033,27424.124,0.060
1757368287.858101,27426.192,0.060
1757368287.860169,27428.260,0.060
1757368287.862237,27430.328,0.060
1757368287.864304,27432.395,0.060
1757368287.866374,27434.465,0.060
1757368287.868443,27436.534,0.060
1757368287.870511,27438.602,0.060
1757368287.872578,27440.669,0.060
1757368287.874646,27442.737,0.060
1757368287.876715,27444.806,0.060
1757368287.878793,27446.884,0.060
1757368287.880862,27448.954,0.060
1757368287.882933,27451.024,0.060
1757368287.885003,27453.094,0.060
1757368287.887073,27455.164,0.060
1757368287.889143,27457.234,0.060
1757368287.891212,27459.303,0.060
1757368287.893281,27461.372,0.060
1757368287.895351,27463.442,0.060
1757368287.897422,27465.513,0.060
1757368287.899492,27467.583,0.060
1757368287.901561,27469.652,0.060
1757368287.903630,27471.722,0.060
1757368287.905700,27473.791,0.060
1757368287.907769,27475.861,0.060
1757368287.909838,27477.930,0.060
1757368287.911908,27479.999,0.060
1757368287.913977,27482.068,0.060
1757368287.916027,27484.118,0.060
1757368287.918096,27486.187,0.060
1757368287.920164,27488.255,0.060
1757368287.922235,27490.326,0.060
1757368287.924302,27492.393,0.060
1757368287.926371,27494.462,0.060
1757368287.928438,27496.530,0.060
1757368287.930508,27498.599,0.060
1757368287.932576,27500.667,0.060
1757368287.934646,27502.737,0.060
1757368287.936713,27504.804,0.060
1757368287.938783,27506.874,0.060
1757368287.940850,27508.942,0.060
1757368287.942920,27511.011,0.060
1757368287.944988,27513.080,0.060
1757368287.947057,27515.149,0.060
1757368287.949126,27517.217,0.060
1757368287.951196,27519.287,0.060
1757368287.953264,27521.355,0.060
1757368287.955337,27523.428,0.060
1757368287.957407,27525.498,0.060
1757368287.959476,27527.567,0.060
1757368287.961546,27529.637,0.060
1757368287.963616,27531.708,0.060
1757368287.965685,27533.776,0.060
1757368287.967754,27535.845,0.060
1757368287.969823,27537.914,0.060
1757368287.971892,27539.983,0.060
1757368287.973960,27542.051,0.060
1757368287.976020,27544.111,0.060
1757368287.978089,27546.180,0.060
1757368287.980156,27548.247,0.060
1757368287.982225,27550.316,0.060
1757368287.984293,27552.385,0.060
1757368287.986362,27554.454,0.060
1757368287.988431,27556.523,0.060
1757368287.990501,27558.593,0.060
1757368287.992568,27560.659,0.060
1757368287.994637,27562.729,0.060
1757368287.996704,27564.795,0.060
1757368287.998773,27566.864,0.060
1757368288.000841,27568.933,0.060
1757368288.002911,27571.002,0.060
1757368288.004980,27573.071,0.060
1757368288.007051,27575.142,0.060
1757368288.009120,27577.211,0.060
1757368288.011189,27579.280,0.060
1757368288.013257,27581.348,0.060
1757368288.015326,27583.417,0.060
1757368288.017396,27585.487,0.060
1757368288.019465,27587.556,0.060
1757368288.021534,27589.625,0.060
1757368288.023603,27591.694,0.060
1757368288.025672,27593.763,0.060
1757368288.027742,27595.833,0.060
1757368288.029811,27597.903,0.060
1757368288.031882,27599.973,0.060
1757368288.033951,27602.042,0.060
1757368288.036026,27604.117,0.060
1757368288.038096,27606.187,0.060
1757368288.040165,27608.256,0.060
1757368288.042234,27610.325,0.060
1757368288.044301,27612.392,0.060
1757368288.046371,27614.462,0.060
1757368288.048439,27616.530,0.060
1757368288.050508,27618.599,0.060
1757368288.052578,27620.669,0.060
1757368288.054647,27622.738,0.060
1757368288.056716,27624.807,0.060
1757368288.058785,27626.876,0.060
1757368288.060854,27628.945,0.060
1757368288.062924,27631.015,0.060
1757368288.064992,27633.083,0.060
1757368288.067061,27635.153,0.060
1757368288.069130,27637.221,0.060
1757368288.071199,27639.291,0.060
1757368288.073268,27641.359,0.060
1757368288.075338,27643.429,0.060
1757368288.077407,27645.498,0.060
1757368288.079477,27647.568,0.060
1757368288.081547,27649.638,0.060
1757368288.083617,27651.708,0.060
1757368288.085686,27653.777,0.060
1757368288.087756,27655.847,0.060
1757368288.089824,27657.915,0.060
1757368288.091893,27659.984,0.060
1757368288.093962,27662.054,0.060
1757368288.096028,27664.119,0.060
1757368288.098097,27666.188,0.060
1757368288.100166,27668.257,0.060
1757368288.102235,27670.326,0.060
1757368288.104302,27672.394,0.060
1757368288.106371,27674.463,0.060
1757368288.108440,27676.531,0.060
1757368288.110512,27678.603,0.060
1757368288.112581,27680.672,0.060
1757368288.114650,27682.741,0.060
1757368288.116720,27684.811,0.060
1757368288.118790,27686.882,0.060
1757368288.120859,27688.950,0.060
1757368288.122931,27691.022,0.060
1757368288.125000,27693.092,0.060
1757368288.127070,27695.162,0.060
1757368288.129141,27697.232,0.060
1757368288.131210,27699.301,0.060
1757368288.133278,27701.369,0.060
1757368288.135347,27703.438,0.060
1757368288.137416,27705.507,0.060
1757368288.139485,27707.577,0.060
1757368288.141554,27709.645,0.060
1757368288.143624,27711.715,0.060
1757368288.145692,27713.784,0.060
1757368288.147761,27715.852,0.060
1757368288.149830,27717.921,0.060
1757368288.151899,27719.990,0.060
1757368288.153968,27722.059,0.060
1757368288.156023,27724.114,0.060
1757368288.158092,27726.183,0.060
1757368288.160160,27728.251,0.060
1757368288.162230,27730.321,0.060
1757368288.164296,27732.387,0.060
1757368288.166365,27734.456,0.060
1757368288.168432,27736.524,0.060
1757368288.170502,27738.593,0.060
1757368288.172569,27740.660,0.060
1757368288.174638,27742.729,0.060
1757368288.176707,27744.798,0.060
1757368288.178776,27746.867,0.060
1757368288.180844,27748.935,0.060
1757368288.182914,27751.005,0.060
1757368288.184982,27753.073,0.060
1757368288.187051,27755.142,0.060
1757368288.189120,27757.211,0.060
1757368288.191189,27759.280,0.060
1757368288.193258,27761.349,0.060
1757368288.195327,27763.418,0.060
1757368288.197397,27765.488,0.060
1757368288.199466,27767.557,0.060
1757368288.201535,27769.626,0.060
1757368288.203605,27771.696,0.060
1757368288.205674,27773.765,0.060
1757368288.207744,27775.835,0.060
1757368288.209813,27777.904,0.060
1757368288.211882,27779.974,0.060
1757368288.213952,27782.043,0.060
1757368288.216022,27784.113,0.060
1757368288.218091,27786.182,0.060
1757368288.220157,27788.248,0.060
1757368288.222227,27790.318,0.060
1757368288.224295,27792.386,0.060
1757368288.226364,27794.455,0.060
1757368288.228433,27796.524,0.060
1757368288.230503,27798.594,0.060
1757368288.232573,27800.664,0.060
1757368288.234642,27802.733,0.060
1757368288.236710,27804.801,0.060
1757368288.238779,27806.870,0.060
1757368288.240846,27808.937,0.060
1757368288.242916,27811.007,0.060
1757368288.244985,27813.076,0.060
1757368288.247054,27815.145,0.060
1757368288.249123,27817.214,0.060
1757368288.251192,27819.283,0.060
1757368288.253261,27821.352,0.060
1757368288.255330,27823.421,0.060
1757368288.257400,27825.491,0.060
1757368288.259469,27827.560,0.060
1757368288.261540,27829.631,0.060
1757368288.263610,27831.701,0.060
1757368288.265679,27833.770,0.060
1757368288.267748,27835.840,0.060
1757368288.269818,27837.909,0.060
1757368288.271887,27839.978,0.060
1757368288.273956,27842.047,0.060
1757368288.276021,27844.112,0.060
1757368288.278091,27846.182,0.060
1757368288.280160,27848.251,0.060
1757368288.282229,27850.320,0.060
1757368288.284297,27852.388,0.060
1757368288.286366,27854.457,0.060
1757368288.288434,27856.525,0.060
1757368288.290503,27858.594,0.060
1757368288.292570,27860.661,0.060
1757368288.294639,27862.730,0.060
1757368288.296708,27864.799,0.060
1757368288.298777,27866.868,0.060
1757368288.300844,27868.935,0.060
1757368288.302914,27871.005,0.060
1757368288.304982,27873.073,0.060
1757368288.307051,27875.142,0.060
1757368288.309119,27877.211,0.060
1757368288.311202,27879.293,0.060
1757368288.313274,27881.366,0.060
1757368288.315344,27883.435,0.060
1757368288.317414,27885.505,0.060
1757368288.319483,27887.574,0.060
1757368288.321552,27889.643,0.060
1757368288.323621,27891.712,0.060
1757368288.325690,27893.781,0.060
1757368288.327759,27895.850,0.060
1757368288.329829,27897.920,0.060
1757368288.331899,27899.990,0.060
1757368288.333968,27902.059,0.060
1757368288.336022,27904.114,0.060
1757368288.338092,27906.183,0.060
1757368288.340160,27908.252,0.060
1757368288.342230,27910.321,0.060
1757368288.344297,27912.388,0.060
1757368288.346365,27914.457,0.060
1757368288.348435,27916.526,0.060
1757368288.350504,27918.596,0.060
1757368288.352571,27920.662,0.060
1757368288.354640,27922.732,0.060
1757368288.356709,27924.800,0.060
1757368288.358778,27926.869,0.060
1757368288.360860,27928.951,0.060
1757368288.362934,27931.025,0.060
1757368288.365003,27933.095,0.060
1757368288.367073,27935.164,0.060
1757368288.369142,27937.233,0.060
1757368288.371211,27939.302,0.060
1757368288.373279,27941.370,0.060
1757368288.375348,27943.439,0.060
1757368288.377416,27945.508,0.060
1757368288.379487,27947.578,0.060
1757368288.381563,27949.654,0.060
1757368288.383633,27951.725,0.060
1757368288.385702,27953.793,0.060
1757368288.387772,27955.863,0.060
1757368288.389841,27957.932,0.060
1757368288.391910,27960.001,0.060
1757368288.393979,27962.070,0.060
1757368288.396023,27964.114,0.060
1757368288.398091,27966.182,0.060
1757368288.400160,27968.251,0.060
1757368288.402229,27970.320,0.060
1757368288.404296,27972.387,0.060
1757368288.406364,27974.456,0.060
1757368288.408433,27976.524,0.060
1757368288.410502,27978.594,0.060
1757368288.412568,27980.659,0.060
1757368288.414638,27982.729,0.060
1757368288.416707,27984.798,0.060
1757368288.418776,27986.867,0.060
1757368288.420844,27988.935,0.060
1757368288.422913,27991.004,0.060
1757368288.424982,27993.073,0.060
1757368288.427051,27995.142,0.060
1757368288.429118,27997.210,0.060
1757368288.431187,27999.278,0.060
1757368288.433538,28001.629,0.060
1757368288.435612,28003.703,0.060
1757368288.437702,28005.793,0.060
1757368288.439772,28007.863,0.060
1757368288.441830,28009.921,0.060
1757368288.443888,28011.979,0.060
1757368288.445945,28014.036,0.060
1757368288.448017,28016.109,0.060
1757368288.450084,28018.175,0.060
1757368288.452149,28020.240,0.060
1757368288.454213,28022.305,0.060
1757368288.456279,28024.370,0.060
1757368288.458347,28026.438,0.060
1757368288.460414,28028.506,0.060
1757368288.462482,28030.573,0.060
1757368288.464549,28032.640,0.060
1757368288.466616,28034.707,0.060
1757368288.468683,28036.775,0.060
1757368288.470752,28038.844,0.060
1757368288.472818,28040.909,0.060
1757368288.474886,28042.977,0.060
1757368288.476954,28045.045,0.060
1757368288.479021,28047.112,0.060
1757368288.481088,28049.179,0.060
1757368288.483155,28051.246,0.060
1757368288.485222,28053.313,0.060
1757368288.487290,28055.381,0.060
1757368288.489357,28057.448,0.060
1757368288.491425,28059.516,0.060
1757368288.493494,28061.585,0.060
1757368288.495561,28063.653,0.060
1757368288.497629,28065.720,0.060
1757368288.499697,28067.789,0.060
1757368288.501765,28069.856,0.060
1757368288.503833,28071.924,0.060
1757368288.505902,28073.993,0.060
1757368288.507970,28076.061,0.060
1757368288.510039,28078.130,0.060
1757368288.512106,28080.198,0.060
1757368288.514175,28082.266,0.060
1757368288.516243,28084.334,0.060
1757368288.518312,28086.403,0.060
1757368288.520378,28088.469,0.060
1757368288.522448,28090.539,0.060
1757368288.524517,28092.608,0.060
1757368288.526586,28094.677,0.060
1757368288.528653,28096.745,0.060
1757368288.530725,28098.816,0.060
1757368288.532794,28100.886,0.060
1757368288.534864,28102.955,0.060
1757368288.536933,28105.024,0.060
1757368288.539002,28107.094,0.060
1757368288.541071,28109.162,0.060
1757368288.543142,28111.233,0.060
1757368288.545210,28113.301,0.060
1757368288.547279,28115.370,0.060
1757368288.549348,28117.439,0.060
1757368288.551417,28119.509,0.060
1757368288.553486,28121.578,0.060
1757368288.555556,28123.647,0.060
1757368288.557625,28125.716,0.060
1757368288.559695,28127.786,0.060
1757368288.561764,28129.855,0.060
1757368288.563833,28131.924,0.060
1757368288.565902,28133.993,0.060
1757368288.567971,28136.062,0.060
1757368288.570041,28138.132,0.060
1757368288.572488,28140.579,0.060
1757368288.574564,28142.655,0.060
1757368288.576636,28144.727,0.060
1757368288.578707,28146.798,0.060
1757368288.580777,28148.868,0.060
1757368288.582847,28150.938,0.060
1757368288.584915,28153.007,0.060
1757368288.586985,28155.076,0.060
1757368288.589053,28157.145,0.060
1757368288.591123,28159.214,0.060
1757368288.593191,28161.282,0.060
1757368288.595260,28163.352,0.060
1757368288.597330,28165.421,0.060
1757368288.599400,28167.491,0.060
1757368288.601468,28169.559,0.060
1757368288.603538,28171.629,0.060
1757368288.605608,28173.699,0.060
1757368288.607677,28175.768,0.060
1757368288.609747,28177.838,0.060
1757368288.611816,28179.907,0.060
1757368288.613886,28181.977,0.060
1757368288.615955,28184.047,0.060
1757368288.618025,28186.116,0.060
1757368288.620091,28188.183,0.060
1757368288.622161,28190.252,0.060
1757368288.624229,28192.320,0.060
1757368288.626299,28194.390,0.060
1757368288.628366,28196.457,0.060
1757368288.630435,28198.526,0.060
1757368288.632504,28200.596,0.060
1757368288.634574,28202.665,0.060
1757368288.636643,28204.734,0.060
1757368288.638713,28206.804,0.060
1757368288.640782,28208.874,0.060
1757368288.642852,28210.943,0.060
1757368288.644923,28213.014,0.060
1757368288.646993,28215.084,0.060
1757368288.649060,28217.151,0.060
1757368288.651129,28219.221,0.060
1757368288.653198,28221.289,0.060
1757368288.655269,28223.360,0.060
1757368288.657337,28225.429,0.060
1757368288.659406,28227.498,0.060
1757368288.661476,28229.567,0.060
1757368288.663545,28231.637,0.060
1757368288.665615,28233.706,0.060
1757368288.667685,28235.776,0.060
1757368288.669754,28237.845,0.060
1757368288.671823,28239.914,0.060
1757368288.673891,28241.982,0.060
1757368288.675961,28244.052,0.060
1757368288.678031,28246.123,0.060
1757368288.680098,28248.189,0.060
1757368288.682167,28250.258,0.060
1757368288.684237,28252.328,0.060
1757368288.686305,28254.396,0.060
1757368288.688372,28256.464,0.060
1757368288.690442,28258.533,0.060
1757368288.692510,28260.602,0.060
1757368288.694579,28262.671,0.060
1757368288.696647,28264.738,0.060
1757368288.698716,28266.807,0.060
1757368288.700786,28268.877,0.060
1757368288.702854,28270.945,0.060
1757368288.704921,28273.012,0.060
1757368288.706990,28275.081,0.060
1757368288.709059,28277.150,0.060
1757368288.711128,28279.220,0.060
1757368288.713197,28281.289,0.060
1757368288.715268,28283.359,0.060
1757368288.717337,28285.428,0.060
1757368288.719407,28287.498,0.060
1757368288.721477,28289.568,0.060
1757368288.723546,28291.637,0.060
1757368288.725615,28293.706,0.060
1757368288.727684,28295.775,0.060
1757368288.729753,28297.844,0.060
1757368288.731822,28299.914,0.060
1757368288.733891,28301.982,0.060
1757368288.735960,28304.051,0.060
1757368288.738029,28306.121,0.060
1757368288.740097,28308.188,0.060
1757368288.742166,28310.257,0.060
1757368288.744234,28312.325,0.060
1757368288.746304,28314.395,0.060
1757368288.748371,28316.463,0.060
1757368288.750441,28318.532,0.060
1757368288.752509,28320.600,0.060
1757368288.754578,28322.670,0.060
1757368288.756645,28324.737,0.060
1757368288.758715,28326.806,0.060
1757368288.760783,28328.875,0.060
1757368288.762853,28330.944,0.060
1757368288.764922,28333.013,0.060
1757368288.766992,28335.083,0.060
1757368288.769061,28337.152,0.060
1757368288.771130,28339.221,0.060
1757368288.773199,28341.290,0.060
1757368288.775268,28343.359,0.060
1757368288.777335,28345.426,0.060
1757368288.779404,28347.495,0.060
1757368288.781475,28349.566,0.060
1757368288.783544,28351.635,0.060
1757368288.785613,28353.704,0.060
1757368288.787682,28355.773,0.060
1757368288.789751,28357.842,0.060
1757368288.791820,28359.911,0.060
1757368288.793889,28361.980,0.060
1757368288.795974,28364.066,0.060
1757368288.798049,28366.140,0.060
1757368288.800117,28368.208,0.060
1757368288.802187,28370.278,0.060
1757368288.804256,28372.347,0.060
1757368288.806325,28374.417,0.060
1757368288.808393,28376.484,0.060
1757368288.810464,28378.555,0.060
1757368288.812532,28380.623,0.060
1757368288.814601,28382.692,0.060
1757368288.816669,28384.760,0.060
1757368288.818738,28386.830,0.060
1757368288.820807,28388.898,0.060
1757368288.822876,28390.967,0.060
1757368288.824945,28393.037,0.060
1757368288.827015,28395.106,0.060
1757368288.829083,28397.174,0.060
1757368288.831152,28399.244,0.060
1757368288.833221,28401.313,0.060
1757368288.835291,28403.383,0.060
1757368288.837361,28405.452,0.060
1757368288.839430,28407.521,0.060
1757368288.841499,28409.590,0.060
1757368288.843570,28411.661,0.060
1757368288.845648,28413.739,0.060
1757368288.847724,28415.815,0.060
1757368288.849796,28417.887,0.060
1757368288.851867,28419.958,0.060
1757368288.853938,28422.029,0.060
1757368288.856023,28424.114,0.060
1757368288.858094,28426.185,0.060
1757368288.860161,28428.252,0.060
1757368288.862231,28430.322,0.060
1757368288.864300,28432.391,0.060
1757368288.866369,28434.460,0.060
1757368288.868437,28436.528,0.060
1757368288.870506,28438.597,0.060
1757368288.872574,28440.665,0.060
1757368288.874643,28442.734,0.060
1757368288.876712,28444.803,0.060
1757368288.878781,28446.872,0.060
1757368288.880849,28448.941,0.060
1757368288.882918,28451.010,0.060
1757368288.884986,28453.077,0.060
1757368288.887056,28455.147,0.060
1757368288.889124,28457.215,0.060
1757368288.891194,28459.285,0.060
1757368288.893262,28461.354,0.060
1757368288.895333,28463.424,0.060
1757368288.897403,28465.494,0.060
1757368288.899484,28467.575,0.060
1757368288.901558,28469.649,0.060
1757368288.903630,28471.721,0.060
1757368288.905700,28473.791,0.060
1757368288.907770,28475.862,0.060
1757368288.909840,28477.931,0.060
1757368288.911908,28480.000,0.060
1757368288.913978,28482.069,0.060
1757368288.916020,28484.112,0.060
1757368288.918089,28486.181,0.060
1757368288.920160,28488.251,0.060
1757368288.922256,28490.347,0.060
1757368288.924326,28492.417,0.060
1757368288.926399,28494.490,0.060
1757368288.928466,28496.557,0.060
1757368288.930536,28498.627,0.060
1757368288.932604,28500.695,0.060
1757368288.934675,28502.766,0.060
1757368288.936743,28504.834,0.060
1757368288.938813,28506.904,0.060
1757368288.940883,28508.974,0.060
1757368288.942952,28511.043,0.060
1757368288.945020,28513.111,0.060
1757368288.947089,28515.181,0.060
1757368288.949158,28517.249,0.060
1757368288.951227,28519.318,0.060
1757368288.953295,28521.387,0.060
1757368288.955365,28523.457,0.060
1757368288.957436,28525.527,0.060
1757368288.959505,28527.596,0.060
1757368288.961574,28529.665,0.060
1757368288.963643,28531.734,0.060
1757368288.965715,28533.807,0.060
1757368288.967784,28535.876,0.060
1757368288.969855,28537.946,0.060
1757368288.971924,28540.015,0.060
1757368288.973994,28542.085,0.060
1757368288.976021,28544.112,0.060
1757368288.978090,28546.181,0.060
1757368288.980157,28548.249,0.060
1757368288.982227,28550.318,0.060
1757368288.984295,28552.386,0.060
1757368288.986365,28554.456,0.060
1757368288.988432,28556.523,0.060
1757368288.990502,28558.593,0.060
1757368288.992569,28560.660,0.060
1757368288.994639,28562.730,0.060
1757368288.996708,28564.799,0.060
1757368288.998777,28566.869,0.060
1757368289.000845,28568.936,0.060
1757368289.002913,28571.004,0.060
1757368289.004982,28573.073,0.060
1757368289.007053,28575.144,0.060
1757368289.009121,28577.212,0.060
1757368289.011190,28579.282,0.060
1757368289.013258,28581.350,0.060
1757368289.015327,28583.419,0.060
1757368289.017396,28585.487,0.060
1757368289.019466,28587.557,0.060
1757368289.021537,28589.628,0.060
1757368289.023606,28591.697,0.060
1757368289.025675,28593.766,0.060
1757368289.027744,28595.835,0.060
1757368289.029813,28597.904,0.060
1757368289.031883,28599.974,0.060
1757368289.033952,28602.043,0.060
1757368289.036025,28604.116,0.060
1757368289.038095,28606.186,0.060
1757368289.040165,28608.256,0.060
1757368289.042234,28610.326,0.060
1757368289.044302,28612.393,0.060
1757368289.046371,28614.462,0.060
1757368289.048440,28616.531,0.060
1757368289.050509,28618.601,0.060
1757368289.052577,28620.668,0.060
1757368289.054648,28622.740,0.060
1757368289.056717,28624.808,0.060
1757368289.058786,28626.878,0.060
1757368289.060854,28628.945,0.060
1757368289.062923,28631.014,0.060
1757368289.064995,28633.086,0.060
1757368289.067065,28635.156,0.060
1757368289.069133,28637.224,0.060
1757368289.071202,28639.293,0.060
1757368289.073270,28641.361,0.060
1757368289.075339,28643.430,0.060
1757368289.077410,28645.501,0.060
1757368289.079479,28647.571,0.060
1757368289.081549,28649.641,0.060
1757368289.083619,28651.710,0.060
1757368289.085688,28653.779,0.060
1757368289.087757,28655.849,0.060
1757368289.089827,28657.918,0.060
1757368289.091897,28659.988,0.060
1757368289.093966,28662.058,0.060
1757368289.096028,28664.119,0.060
1757368289.098097,28666.188,0.060
1757368289.100166,28668.257,0.060
1757368289.102235,28670.326,0.060
1757368289.104302,28672.393,0.060
1757368289.106371,28674.462,0.060
1757368289.108438,28676.529,0.060
1757368289.110507,28678.598,0.060
1757368289.112575,28680.666,0.060
1757368289.114644,28682.735,0.060
1757368289.116713,28684.804,0.060
1757368289.118783,28686.874,0.060
1757368289.120859,28688.950,0.060
1757368289.122932,28691.023,0.060
1757368289.125003,28693.094,0.060
1757368289.127075,28695.166,0.060
1757368289.129143,28697.234,0.060
1757368289.131212,28699.303,0.060
1757368289.133280,28701.371,0.060
1757368289.135349,28703.440,0.060
1757368289.137420,28705.511,0.060
1757368289.139490,28707.581,0.060
1757368289.141560,28709.651,0.060
1757368289.143629,28711.720,0.060
1757368289.145698,28713.789,0.060
1757368289.147768,28715.859,0.060
1757368289.149837,28717.928,0.060
1757368289.151906,28719.997,0.060
1757368289.153975,28722.066,0.060
1757368289.156026,28724.118,0.060
1757368289.158095,28726.186,0.060
1757368289.160164,28728.255,0.060
1757368289.162232,28730.324,0.060
1757368289.164299,28732.390,0.060
1757368289.166369,28734.460,0.060
1757368289.168438,28736.529,0.060
1757368289.170506,28738.598,0.060
1757368289.172573,28740.664,0.060
1757368289.174642,28742.733,0.060
1757368289.176712,28744.803,0.060
1757368289.178782,28746.873,0.060
1757368289.180849,28748.940,0.060
1757368289.182918,28751.009,0.060
1757368289.184989,28753.080,0.060
1757368289.187058,28755.149,0.060
1757368289.189127,28757.218,0.060
1757368289.191195,28759.287,0.060
1757368289.193264,28761.355,0.060
1757368289.195333,28763.424,0.060
1757368289.197405,28765.496,0.060
1757368289.199474,28767.565,0.060
1757368289.201543,28769.634,0.060
1757368289.203612,28771.703,0.060
1757368289.205681,28773.772,0.060
1757368289.207750,28775.841,0.060
1757368289.209819,28777.910,0.060
1757368289.211889,28779.980,0.060
1757368289.213958,28782.049,0.060
1757368289.216024,28784.115,0.060
1757368289.218094,28786.185,0.060
1757368289.220163,28788.254,0.060
1757368289.222232,28790.323,0.060
1757368289.224299,28792.390,0.060
1757368289.226368,28794.460,0.060
1757368289.228437,28796.528,0.060
1757368289.230506,28798.597,0.060
1757368289.232572,28800.663,0.060
1757368289.234641,28802.732,0.060
1757368289.236710,28804.801,0.060
1757368289.238779,28806.870,0.060
1757368289.240845,28808.936,0.060
1757368289.242913,28811.004,0.060
1757368289.244982,28813.073,0.060
1757368289.247051,28815.143,0.060
1757368289.249120,28817.211,0.060
1757368289.251189,28819.280,0.060
1757368289.253258,28821.349,0.060
1757368289.255327,28823.418,0.060
1757368289.257400,28825.491,0.060
1757368289.259469,28827.560,0.060
1757368289.261537,28829.628,0.060
1757368289.263606,28831.697,0.060
1757368289.265675,28833.766,0.060
1757368289.267745,28835.836,0.060
1757368289.269815,28837.907,0.060
1757368289.271884,28839.976,0.060
1757368289.273954,28842.045,0.060
1757368289.276021,28844.113,0.060
1757368289.278090,28846.182,0.060
1757368289.280173,28848.264,0.060
1757368289.282246,28850.337,0.060
1757368289.284314,28852.405,0.060
1757368289.286383,28854.475,0.060
1757368289.288450,28856.541,0.060
1757368289.290518,28858.609,0.060
1757368289.292590,28860.681,0.060
1757368289.294659,28862.750,0.060
1757368289.296728,28864.819,0.060
1757368289.298798,28866.889,0.060
1757368289.300867,28868.958,0.060
1757368289.302936,28871.027,0.060
1757368289.305006,28873.097,0.060
1757368289.307074,28875.165,0.060
1757368289.309143,28877.234,0.060
1757368289.311213,28879.304,0.060
1757368289.313282,28881.373,0.060
1757368289.315351,28883.442,0.060
1757368289.317420,28885.511,0.060
1757368289.319489,28887.580,0.060
1757368289.321559,28889.650,0.060
1757368289.323628,28891.719,0.060
1757368289.325696,28893.787,0.060
1757368289.327766,28895.857,0.060
1757368289.329850,28897.941,0.060
1757368289.331922,28900.013,0.060
1757368289.333991,28902.082,0.060
1757368289.336030,28904.121,0.060
1757368289.338099,28906.191,0.060
1757368289.340167,28908.258,0.060
1757368289.342236,28910.327,0.060
1757368289.344304,28912.395,0.060
1757368289.346374,28914.465,0.060
1757368289.348441,28916.533,0.060
1757368289.350510,28918.601,0.060
1757368289.352576,28920.667,0.060
1757368289.354644,28922.735,0.060
1757368289.356713,28924.804,0.060
1757368289.358783,28926.874,0.060
1757368289.360851,28928.942,0.060
1757368289.362921,28931.012,0.060
1757368289.364988,28933.079,0.060
1757368289.367057,28935.148,0.060
1757368289.369125,28937.216,0.060
1757368289.371194,28939.286,0.060
1757368289.373264,28941.355,0.060
1757368289.375333,28943.424,0.060
1757368289.377402,28945.493,0.060
1757368289.379471,28947.562,0.060
1757368289.381540,28949.631,0.060
1757368289.383610,28951.701,0.060
1757368289.385683,28953.774,0.060
1757368289.387753,28955.844,0.060
1757368289.389820,28957.911,0.060
1757368289.391890,28959.981,0.060
1757368289.393958,28962.049,0.060
1757368289.396030,28964.121,0.060
1757368289.398100,28966.191,0.060
1757368289.400169,28968.260,0.060
1757368289.402238,28970.329,0.060
1757368289.404305,28972.396,0.060
1757368289.406375,28974.466,0.060
1757368289.408445,28976.536,0.060
1757368289.410514,28978.605,0.060
1757368289.412582,28980.673,0.060
1757368289.414652,28982.743,0.060
1757368289.416720,28984.811,0.060
1757368289.418788,28986.880,0.060
1757368289.420856,28988.947,0.060
1757368289.422925,28991.016,0.060
1757368289.424993,28993.084,0.060
1757368289.427062,28995.153,0.060
1757368289.429130,28997.221,0.060
1757368289.431200,28999.291,0.060
1757368289.433269,29001.360,0.060
1757368289.435339,29003.430,0.060
1757368289.437405,29005.496,0.060
1757368289.439468,29007.560,0.060
1757368289.441543,29009.634,0.060
1757368289.443607,29011.698,0.060
1757368289.445668,29013.760,0.060
1757368289.447731,29015.822,0.060
1757368289.449793,29017.884,0.060
1757368289.451851,29019.943,0.060
1757368289.453909,29022.000,0.060
1757368289.455967,29024.059,0.060
1757368289.458025,29026.116,0.060
1757368289.460083,29028.174,0.060
1757368289.462142,29030.233,0.060
1757368289.464203,29032.294,0.060
1757368289.466263,29034.354,0.060
1757368289.468322,29036.413,0.060
1757368289.470384,29038.476,0.060
1757368289.472446,29040.537,0.060
1757368289.474508,29042.599,0.060
1757368289.476568,29044.660,0.060
1757368289.478632,29046.723,0.060
1757368289.480696,29048.787,0.060
1757368289.482759,29050.850,0.060
1757368289.484822,29052.913,0.060
1757368289.486885,29054.976,0.060
1757368289.488949,29057.040,0.060
1757368289.491015,29059.106,0.060
1757368289.493081,29061.172,0.060
1757368289.495149,29063.241,0.060
1757368289.497216,29065.308,0.060
1757368289.499284,29067.375,0.060
1757368289.501351,29069.442,0.060
1757368289.503419,29071.511,0.060
1757368289.505488,29073.579,0.060
1757368289.507557,29075.648,0.060
1757368289.509625,29077.717,0.060
1757368289.511695,29079.786,0.060
1757368289.513762,29081.854,0.060
1757368289.515832,29083.923,0.060
1757368289.517901,29085.992,0.060
1757368289.519969,29088.061,0.060
1757368289.522039,29090.130,0.060
1757368289.524105,29092.196,0.060
1757368289.526174,29094.265,0.060
1757368289.528242,29096.333,0.060
1757368289.530311,29098.403,0.060
1757368289.532378,29100.469,0.060
1757368289.534447,29102.539,0.060
1757368289.536514,29104.605,0.060
1757368289.538584,29106.675,0.060
1757368289.540651,29108.742,0.060
1757368289.542719,29110.810,0.060
1757368289.544787,29112.878,0.060
1757368289.546856,29114.947,0.060
1757368289.548925,29117.016,0.060
1757368289.550994,29119.085,0.060
1757368289.553062,29121.153,0.060
1757368289.555131,29123.222,0.060
1757368289.557200,29125.291,0.060
1757368289.559269,29127.360,0.060
1757368289.561336,29129.427,0.060
1757368289.563405,29131.496,0.060
1757368289.565474,29133.565,0.060
1757368289.567544,29135.636,0.060
1757368289.569613,29137.705,0.060
1757368289.571683,29139.775,0.060
1757368289.573753,29141.845,0.060
1757368289.575824,29143.915,0.060
1757368289.577894,29145.986,0.060
1757368289.579964,29148.055,0.060
1757368289.582033,29150.124,0.060
1757368289.584099,29152.190,0.060
1757368289.586169,29154.260,0.060
1757368289.588236,29156.327,0.060
1757368289.590304,29158.395,0.060
1757368289.592372,29160.463,0.060
1757368289.594442,29162.533,0.060
1757368289.596508,29164.599,0.060
1757368289.598578,29166.669,0.060
1757368289.600647,29168.738,0.060
1757368289.602716,29170.807,0.060
1757368289.604784,29172.876,0.060
1757368289.606854,29174.945,0.060
1757368289.608924,29177.016,0.060
1757368289.610994,29179.085,0.060
1757368289.613063,29181.154,0.060
1757368289.615131,29183.223,0.060
1757368289.617200,29185.292,0.060
1757368289.619269,29187.360,0.060
1757368289.621337,29189.429,0.060
1757368289.623407,29191.498,0.060
1757368289.625476,29193.567,0.060
1757368289.627545,29195.636,0.060
1757368289.629614,29197.705,0.060
1757368289.631683,29199.775,0.060
1757368289.633752,29201.843,0.060
1757368289.635821,29203.912,0.060
1757368289.637890,29205.981,0.060
1757368289.639960,29208.051,0.060
1757368289.642029,29210.120,0.060
1757368289.644096,29212.187,0.060
1757368289.646166,29214.257,0.060
1757368289.648235,29216.326,0.060
1757368289.650304,29218.395,0.060
1757368289.652370,29220.461,0.060
1757368289.654439,29222.530,0.060
1757368289.656508,29224.599,0.060
1757368289.658577,29226.669,0.060
1757368289.660647,29228.738,0.060
1757368289.662716,29230.807,0.060
1757368289.664785,29232.876,0.060
1757368289.666854,29234.946,0.060
1757368289.668924,29237.015,0.060
1757368289.670994,29239.085,0.060
1757368289.673063,29241.154,0.060
1757368289.675131,29243.222,0.060
1757368289.677199,29245.290,0.060
1757368289.679268,29247.359,0.060
1757368289.681338,29249.429,0.060
1757368289.683407,29251.498,0.060
1757368289.685477,29253.569,0.060
1757368289.687548,29255.639,0.060
1757368289.689618,29257.709,0.060
1757368289.691686,29259.778,0.060
1757368289.693755,29261.846,0.060
1757368289.695824,29263.916,0.060
1757368289.697893,29265.984,0.060
1757368289.699962,29268.053,0.060
1757368289.702032,29270.123,0.060
1757368289.704099,29272.190,0.060
1757368289.706169,29274.260,0.060
1757368289.708238,29276.329,0.060
1757368289.710307,29278.399,0.060
1757368289.712374,29280.465,0.060
1757368289.714443,29282.534,0.060
1757368289.716512,29284.603,0.060
1757368289.718582,29286.673,0.060
1757368289.720650,29288.742,0.060
1757368289.722720,29290.811,0.060
1757368289.724789,29292.880,0.060
1757368289.726858,29294.949,0.060
1757368289.728929,29297.020,0.060
1757368289.730998,29299.089,0.060
1757368289.733068,29301.159,0.060
1757368289.735137,29303.228,0.060
1757368289.737208,29305.299,0.060
1757368289.739278,29307.369,0.060
1757368289.741348,29309.439,0.060
1757368289.743417,29311.508,0.060
1757368289.745488,29313.579,0.060
1757368289.747557,29315.648,0.060
1757368289.749625,29317.717,0.060
1757368289.751695,29319.786,0.060
1757368289.753765,29321.856,0.060
1757368289.755834,29323.925,0.060
1757368289.757903,29325.994,0.060
1757368289.759972,29328.063,0.060
1757368289.762042,29330.133,0.060
1757368289.764125,29332.216,0.060
1757368289.766197,29334.288,0.060
1757368289.768265,29336.356,0.060
1757368289.770334,29338.425,0.060
1757368289.772402,29340.493,0.060
1757368289.774472,29342.563,0.060
1757368289.776540,29344.631,0.060
1757368289.778610,29346.701,0.060
1757368289.780678,29348.769,0.060
1757368289.782747,29350.838,0.060
1757368289.784819,29352.910,0.060
1757368289.786887,29354.978,0.060
1757368289.788957,29357.048,0.060
1757368289.791025,29359.116,0.060
1757368289.793093,29361.185,0.060
1757368289.795162,29363.253,0.060
1757368289.797231,29365.323,0.060
1757368289.799301,29367.392,0.060
1757368289.801370,29369.461,0.060
1757368289.803439,29371.531,0.060
1757368289.805509,29373.600,0.060
1757368289.807578,29375.669,0.060
1757368289.809647,29377.738,0.060
1757368289.811716,29379.807,0.060
1757368289.813797,29381.889,0.060
1757368289.815871,29383.962,0.060
1757368289.817940,29386.031,0.060
1757368289.820024,29388.115,0.060
1757368289.822093,29390.184,0.060
1757368289.824160,29392.251,0.060
1757368289.826229,29394.320,0.060
1757368289.828297,29396.388,0.060
1757368289.830365,29398.456,0.060
1757368289.832433,29400.524,0.060
1757368289.834502,29402.593,0.060
1757368289.836571,29404.662,0.060
1757368289.838641,29406.732,0.060
1757368289.840707,29408.798,0.060
1757368289.842776,29410.867,0.060
1757368289.844845,29412.936,0.060
1757368289.846914,29415.005,0.060
1757368289.848983,29417.074,0.060
1757368289.851052,29419.143,0.060
1757368289.853121,29421.212,0.060
1757368289.855190,29423.281,0.060
1757368289.857258,29425.349,0.060
1757368289.859328,29427.419,0.060
1757368289.861397,29429.488,0.060
1757368289.863467,29431.558,0.060
1757368289.865536,29433.627,0.060
1757368289.867605,29435.697,0.060
1757368289.869674,29437.765,0.060
1757368289.871743,29439.834,0.060
1757368289.873812,29441.904,0.060
1757368289.875881,29443.972,0.060
1757368289.877959,29446.051,0.060
1757368289.880025,29448.117,0.060
1757368289.882095,29450.186,0.060
1757368289.884163,29452.255,0.060
1757368289.886232,29454.324,0.060
1757368289.888299,29456.390,0.060
1757368289.890368,29458.459,0.060
1757368289.892443,29460.534,0.060
1757368289.894519,29462.610,0.060
1757368289.896591,29464.682,0.060
1757368289.898660,29466.751,0.060
1757368289.900729,29468.820,0.060
1757368289.902799,29470.891,0.060
1757368289.904870,29472.961,0.060
1757368289.906940,29475.031,0.060
1757368289.909010,29477.102,0.060
1757368289.911080,29479.171,0.060
1757368289.913148,29481.239,0.060
1757368289.915218,29483.309,0.060
1757368289.917287,29485.378,0.060
1757368289.919356,29487.447,0.060
1757368289.921427,29489.518,0.060
1757368289.923500,29491.591,0.060
1757368289.925569,29493.660,0.060
1757368289.927639,29495.730,0.060
1757368289.929708,29497.800,0.060
1757368289.931777,29499.868,0.060
1757368289.933846,29501.937,0.060
1757368289.935915,29504.006,0.060
1757368289.937984,29506.075,0.060
1757368289.940031,29508.122,0.060
1757368289.942100,29510.191,0.060
1757368289.944169,29512.260,0.060
1757368289.946238,29514.329,0.060
1757368289.948306,29516.397,0.060
1757368289.950375,29518.466,0.060
1757368289.952444,29520.535,0.060
1757368289.954513,29522.604,0.060
1757368289.956581,29524.672,0.060
1757368289.958650,29526.741,0.060
1757368289.960719,29528.810,0.060
1757368289.962787,29530.879,0.060
1757368289.964856,29532.947,0.060
1757368289.966925,29535.017,0.060
1757368289.968994,29537.085,0.060
1757368289.971063,29539.154,0.060
1757368289.973131,29541.222,0.060
1757368289.975200,29543.292,0.060
1757368289.977269,29545.360,0.060
1757368289.979338,29547.430,0.060
1757368289.981409,29549.500,0.060
1757368289.983479,29551.570,0.060
1757368289.985548,29553.639,0.060
1757368289.987617,29555.708,0.060
1757368289.989686,29557.777,0.060
1757368289.991755,29559.846,0.060
1757368289.993824,29561.915,0.060
1757368289.995894,29563.985,0.060
1757368289.997966,29566.057,0.060
1757368290.000025,29568.116,0.060
1757368290.002094,29570.185,0.060
1757368290.004163,29572.254,0.060
1757368290.006231,29574.322,0.060
1757368290.008298,29576.389,0.060
1757368290.010367,29578.458,0.060
1757368290.012435,29580.527,0.060
1757368290.014505,29582.597,0.060
1757368290.016574,29584.665,0.060
1757368290.018643,29586.734,0.060
1757368290.020714,29588.805,0.060
1757368290.022783,29590.874,0.060
1757368290.024852,29592.943,0.060
1757368290.026921,29595.012,0.060
1757368290.028990,29597.081,0.060
1757368290.031059,29599.150,0.060
1757368290.033127,29601.218,0.060
1757368290.035196,29603.287,0.060
1757368290.037264,29605.356,0.060
1757368290.039334,29607.425,0.060
1757368290.041404,29609.495,0.060
1757368290.043472,29611.563,0.060
1757368290.045540,29613.631,0.060
1757368290.047610,29615.701,0.060
1757368290.049679,29617.770,0.060
1757368290.051748,29619.839,0.060
1757368290.053816,29621.907,0.060
1757368290.055886,29623.977,0.060
1757368290.057954,29626.045,0.060
1757368290.060019,29628.110,0.060
1757368290.062087,29630.178,0.060
1757368290.064155,29632.246,0.060
1757368290.066223,29634.315,0.060
1757368290.068291,29636.382,0.060
1757368290.070359,29638.451,0.060
1757368290.072428,29640.519,0.060
1757368290.074497,29642.588,0.060
1757368290.076565,29644.656,0.060
1757368290.078633,29646.724,0.060
1757368290.080702,29648.793,0.060
1757368290.082770,29650.862,0.060
1757368290.084838,29652.930,0.060
1757368290.086907,29654.998,0.060
1757368290.088977,29657.068,0.060
1757368290.091046,29659.137,0.060
1757368290.093114,29661.205,0.060
1757368290.095183,29663.274,0.060
1757368290.097251,29665.343,0.060
1757368290.099321,29667.412,0.060
1757368290.101390,29669.481,0.060
1757368290.103459,29671.551,0.060
1757368290.105529,29673.620,0.060
1757368290.107598,29675.689,0.060
1757368290.109667,29677.758,0.060
1757368290.111737,29679.828,0.060
1757368290.113806,29681.897,0.060
1757368290.115875,29683.967,0.060
1757368290.117944,29686.035,0.060
1757368290.120020,29688.111,0.060
1757368290.122089,29690.180,0.060
1757368290.124157,29692.248,0.060
1757368290.126227,29694.319,0.060
1757368290.128294,29696.385,0.060
1757368290.130363,29698.454,0.060
1757368290.132431,29700.522,0.060
1757368290.134501,29702.592,0.060
1757368290.136567,29704.659,0.060
1757368290.138636,29706.728,0.060
1757368290.140706,29708.797,0.060
1757368290.142775,29710.866,0.060
1757368290.144842,29712.933,0.060
1757368290.146911,29715.002,0.060
1757368290.148979,29717.070,0.060
1757368290.151047,29719.139,0.060
1757368290.153117,29721.208,0.060
1757368290.155186,29723.277,0.060
1757368290.157255,29725.346,0.060
1757368290.159325,29727.416,0.060
1757368290.161393,29729.485,0.060
1757368290.163462,29731.554,0.060
1757368290.165531,29733.623,0.060
1757368290.167601,29735.692,0.060
1757368290.169670,29737.761,0.060
1757368290.171739,29739.830,0.060
1757368290.173808,29741.899,0.060
1757368290.175877,29743.968,0.060
1757368290.177946,29746.037,0.060
1757368290.180022,29748.113,0.060
1757368290.182091,29750.182,0.060
1757368290.184159,29752.250,0.060
1757368290.186229,29754.320,0.060
1757368290.188295,29756.386,0.060
1757368290.190364,29758.455,0.060
1757368290.192432,29760.523,0.060
1757368290.194501,29762.592,0.060
1757368290.196568,29764.659,0.060
1757368290.198639,29766.730,0.060
1757368290.200707,29768.798,0.060
1757368290.202776,29770.867,0.060
1757368290.204845,29772.936,0.060
1757368290.206914,29775.005,0.060
1757368290.208983,29777.074,0.060
1757368290.211052,29779.143,0.060
1757368290.213120,29781.211,0.060
1757368290.215189,29783.280,0.060
1757368290.217259,29785.351,0.060
1757368290.219329,29787.420,0.060
1757368290.221398,29789.490,0.060
1757368290.223468,29791.559,0.060
1757368290.225537,29793.628,0.060
1757368290.227607,29795.698,0.060
1757368290.229676,29797.768,0.060
1757368290.231745,29799.836,0.060
1757368290.233815,29801.906,0.060
1757368290.235884,29803.976,0.060
1757368290.237954,29806.045,0.060
1757368290.240021,29808.113,0.060
1757368290.242090,29810.182,0.060
1757368290.244159,29812.250,0.060
1757368290.246228,29814.319,0.060
1757368290.248308,29816.399,0.060
1757368290.250381,29818.472,0.060
1757368290.252448,29820.539,0.060
1757368290.254517,29822.608,0.060
1757368290.256583,29824.674,0.060
1757368290.258652,29826.743,0.060
1757368290.260721,29828.812,0.060
1757368290.262790,29830.881,0.060
1757368290.264859,29832.950,0.060
1757368290.266928,29835.019,0.060
1757368290.268997,29837.088,0.060
1757368290.271066,29839.158,0.060
1757368290.273133,29841.224,0.060
1757368290.275203,29843.294,0.060
1757368290.277271,29845.362,0.060
1757368290.279340,29847.431,0.060
1757368290.281410,29849.501,0.060
1757368290.283478,29851.570,0.060
1757368290.285548,29853.639,0.060
1757368290.287617,29855.708,0.060
1757368290.289686,29857.777,0.060
1757368290.291755,29859.846,0.060
1757368290.293827,29861.918,0.060
1757368290.295897,29863.988,0.060
1757368290.297976,29866.067,0.060
1757368290.300026,29868.118,0.060
1757368290.302096,29870.187,0.060
1757368290.304165,29872.256,0.060
1757368290.306234,29874.325,0.060
1757368290.308300,29876.392,0.060
1757368290.310369,29878.460,0.060
1757368290.312440,29880.531,0.060
1757368290.314510,29882.601,0.060
1757368290.316580,29884.671,0.060
1757368290.318649,29886.740,0.060
1757368290.320718,29888.809,0.060
1757368290.322788,29890.879,0.060
1757368290.324856,29892.947,0.060
1757368290.326925,29895.016,0.060
1757368290.328994,29897.085,0.060
1757368290.331063,29899.154,0.060
1757368290.333131,29901.222,0.060
1757368290.335200,29903.291,0.060
1757368290.337268,29905.359,0.060
1757368290.339336,29907.427,0.060
1757368290.341406,29909.497,0.060
1757368290.343476,29911.567,0.060
1757368290.345545,29913.636,0.060
1757368290.347614,29915.705,0.060
1757368290.349684,29917.775,0.060
1757368290.351753,29919.844,0.060
1757368290.353822,29921.913,0.060
1757368290.355891,29923.982,0.060
1757368290.357960,29926.051,0.060
1757368290.360026,29928.118,0.060
1757368290.362095,29930.186,0.060
1757368290.364164,29932.255,0.060
1757368290.366232,29934.324,0.060
1757368290.368299,29936.390,0.060
1757368290.370368,29938.459,0.060
1757368290.372436,29940.527,0.060
1757368290.374823,29942.914,0.060
1757368290.376847,29944.938,0.060
1757368290.378929,29947.020,0.060
1757368290.380998,29949.090,0.060
1757368290.383068,29951.159,0.060
1757368290.385138,29953.229,0.060
1757368290.387208,29955.299,0.060
1757368290.389280,29957.371,0.060
1757368290.391350,29959.441,0.060
1757368290.393422,29961.513,0.060
1757368290.395491,29963.582,0.060
1757368290.397560,29965.651,0.060
1757368290.399629,29967.721,0.060
1757368290.401698,29969.790,0.060
1757368290.403768,29971.859,0.060
1757368290.405838,29973.929,0.060
1757368290.407907,29975.998,0.060
1757368290.409976,29978.068,0.060
1757368290.412021,29980.112,0.060
1757368290.414090,29982.181,0.060
1757368290.416157,29984.248,0.060
1757368290.418226,29986.317,0.060
1757368290.420294,29988.385,0.060
1757368290.422362,29990.453,0.060
1757368290.424431,29992.522,0.060
1757368290.426500,29994.591,0.060
1757368290.428567,29996.658,0.060
1757368290.430636,29998.727,0.060
