ts_sec,rel_ms,current_mA
1757011944.999333,0.220,0.100
1757011945.001398,2.285,0.100
1757011945.003456,4.344,0.100
1757011945.005514,6.402,0.100
1757011945.007572,8.459,0.100
1757011945.009629,10.517,0.100
1757011945.011687,12.575,0.100
1757011945.013746,14.633,0.100
1757011945.015805,16.692,0.100
1757011945.017864,18.751,0.100
1757011945.019922,20.809,0.100
1757011945.021980,22.867,0.100
1757011945.024016,24.904,0.100
1757011945.026075,26.963,0.100
1757011945.028133,29.021,0.100
1757011945.030193,31.081,0.100
1757011945.032255,33.142,0.100
1757011945.034317,35.204,0.100
1757011945.036379,37.266,0.100
1757011945.038441,39.328,0.100
1757011945.040503,41.390,0.100
1757011945.042566,43.453,0.100
1757011945.044628,45.516,0.100
1757011945.046691,47.579,0.100
1757011945.048755,49.643,0.100
1757011945.050820,51.707,0.100
1757011945.052886,53.773,0.100
1757011945.054951,55.839,0.100
1757011945.057020,57.908,0.100
1757011945.059088,59.975,0.100
1757011945.061155,62.042,0.100
1757011945.063222,64.110,0.100
1757011945.065289,66.177,0.100
1757011945.067358,68.245,0.100
1757011945.069428,70.316,0.100
1757011945.071498,72.385,0.100
1757011945.073575,74.462,0.100
1757011945.075650,76.537,0.100
1757011945.077721,78.608,0.100
1757011945.079790,80.677,0.100
1757011945.081860,82.747,0.100
1757011945.083929,84.817,0.100
1757011945.086000,86.887,0.100
1757011945.088069,88.956,0.100
1757011945.090139,91.027,0.100
1757011945.092210,93.098,0.100
1757011945.094280,95.167,0.100
1757011945.096349,97.236,0.100
1757011945.098419,99.306,0.100
1757011945.100489,101.377,0.100
1757011945.102559,103.446,0.100
1757011945.104628,105.516,0.100
1757011945.106698,107.586,0.100
1757011945.108768,109.656,0.100
1757011945.110838,111.726,0.100
1757011945.112907,113.794,0.100
1757011945.114977,115.864,0.100
1757011945.117047,117.935,0.100
1757011945.119117,120.005,0.100
1757011945.121187,122.074,0.100
1757011945.123258,124.145,0.100
1757011945.125328,126.215,0.100
1757011945.127397,128.284,0.100
1757011945.129467,130.355,0.100
1757011945.131538,132.425,0.100
1757011945.133607,134.494,0.100
1757011945.135676,136.564,0.100
1757011945.137747,138.635,0.100
1757011945.139817,140.704,0.100
1757011945.141886,142.774,0.100
1757011945.143957,144.844,0.100
1757011945.146027,146.914,0.100
1757011945.148095,148.983,0.100
1757011945.150166,151.053,0.100
1757011945.152243,153.130,0.100
1757011945.154316,155.203,0.100
1757011945.156383,157.270,0.100
1757011945.158451,159.338,0.100
1757011945.160520,161.407,0.100
1757011945.162590,163.478,0.100
1757011945.164659,165.546,0.100
1757011945.166728,167.616,0.100
1757011945.168798,169.686,0.100
1757011945.170867,171.755,0.100
1757011945.172936,173.823,0.100
1757011945.175005,175.893,0.100
1757011945.177073,177.961,0.100
1757011945.179143,180.030,0.080
1757011945.181214,182.101,0.080
1757011945.183284,184.171,0.080
1757011945.185381,186.269,0.080
1757011945.187451,188.339,0.080
1757011945.189520,190.408,0.080
1757011945.191590,192.477,0.080
1757011945.193659,194.547,0.080
1757011945.195729,196.617,0.080
1757011945.197798,198.686,0.080
1757011945.199868,200.756,0.080
1757011945.201937,202.824,0.080
1757011945.204039,204.926,0.080
1757011945.206109,206.996,0.080
1757011945.208176,209.064,0.080
1757011945.210245,211.132,0.080
1757011945.212314,213.201,0.080
1757011945.214383,215.271,0.080
1757011945.216451,217.339,0.080
1757011945.218521,219.408,0.080
1757011945.220590,221.477,0.080
1757011945.222659,223.547,0.080
1757011945.224726,225.614,0.080
1757011945.226795,227.683,0.080
1757011945.228865,229.752,0.080
1757011945.230933,231.821,0.080
1757011945.233003,233.890,0.080
1757011945.235072,235.959,0.080
1757011945.237140,238.028,0.080
1757011945.239210,240.097,0.080
1757011945.241279,242.167,0.080
1757011945.243348,244.236,0.080
1757011945.245418,246.305,0.080
1757011945.247487,248.374,0.080
1757011945.249557,250.444,0.080
1757011945.251626,252.514,0.080
1757011945.253695,254.582,0.080
1757011945.255764,256.652,0.080
1757011945.257842,258.729,0.080
1757011945.259914,260.802,0.080
1757011945.261985,262.872,0.080
1757011945.264027,264.914,0.080
1757011945.266096,266.984,0.080
1757011945.268163,269.051,0.080
1757011945.270233,271.120,0.080
1757011945.272302,273.189,0.080
1757011945.274371,275.259,0.080
1757011945.276439,277.326,0.080
1757011945.278507,279.395,0.080
1757011945.280577,281.464,0.080
1757011945.282646,283.534,0.080
1757011945.284714,285.601,0.080
1757011945.286783,287.670,0.080
1757011945.288854,289.741,0.080
1757011945.290923,291.811,0.080
1757011945.292990,293.878,0.080
1757011945.295060,295.947,0.080
1757011945.297129,298.016,0.080
1757011945.299197,300.085,0.080
1757011945.301265,302.152,0.080
1757011945.303334,304.221,0.080
1757011945.305402,306.289,0.080
1757011945.307471,308.358,0.080
1757011945.309540,310.427,0.080
1757011945.311610,312.497,0.080
1757011945.313679,314.566,0.080
1757011945.315747,316.635,0.080
1757011945.317816,318.704,0.080
1757011945.319885,320.773,0.080
1757011945.321954,322.841,0.080
1757011945.324021,324.909,0.080
1757011945.326091,326.978,0.080
1757011945.328161,329.048,0.080
1757011945.330230,331.118,0.080
1757011945.332298,333.185,0.080
1757011945.334368,335.255,0.080
1757011945.336434,337.321,0.080
1757011945.338503,339.390,0.080
1757011945.340569,341.457,0.080
1757011945.342639,343.526,0.080
1757011945.344706,345.593,0.080
1757011945.346775,347.662,0.080
1757011945.348843,349.730,0.080
1757011945.350912,351.799,0.080
1757011945.352983,353.871,0.080
1757011945.355052,355.940,0.080
1757011945.357119,358.007,0.080
1757011945.359188,360.075,0.080
1757011945.361256,362.144,0.080
1757011945.363325,364.213,0.080
1757011945.365404,366.292,0.080
1757011945.367473,368.360,0.080
1757011945.369542,370.429,0.080
1757011945.371610,372.498,0.080
1757011945.373678,374.565,0.080
1757011945.375748,376.635,0.080
1757011945.377816,378.704,0.080
1757011945.379886,380.773,0.080
1757011945.381953,382.841,0.080
1757011945.384025,384.913,0.080
1757011945.386094,386.981,0.080
1757011945.388162,389.050,0.080
1757011945.390231,391.119,0.080
1757011945.392299,393.186,0.080
1757011945.394369,395.257,0.080
1757011945.396442,397.329,0.080
1757011945.398515,399.403,0.080
1757011945.400584,401.471,0.080
1757011945.402653,403.540,0.080
1757011945.404720,405.607,0.080
1757011945.406789,407.676,0.080
1757011945.408867,409.755,0.080
1757011945.410935,411.822,0.080
1757011945.413003,413.891,0.080
1757011945.415071,415.958,0.080
1757011945.417141,418.028,0.080
1757011945.419210,420.098,0.080
1757011945.421280,422.167,0.080
1757011945.423348,424.236,0.080
1757011945.425424,426.311,0.080
1757011945.427493,428.380,0.080
1757011945.429561,430.449,0.080
1757011945.431630,432.518,0.080
1757011945.433698,434.585,0.080
1757011945.435768,436.655,0.080
1757011945.437837,438.724,0.080
1757011945.439906,440.793,0.080
1757011945.441975,442.862,0.080
1757011945.444028,444.916,0.080
1757011945.446097,446.985,0.080
1757011945.448165,449.053,0.080
1757011945.450234,451.122,0.080
1757011945.452301,453.188,0.080
1757011945.454370,455.257,0.080
1757011945.456439,457.327,0.080
1757011945.458508,459.395,0.080
1757011945.460575,461.462,0.080
1757011945.462644,463.531,0.080
1757011945.464712,465.599,0.080
1757011945.466780,467.668,0.080
1757011945.468849,469.737,0.080
1757011945.470918,471.805,0.080
1757011945.472986,473.873,0.080
1757011945.475055,475.942,0.080
1757011945.477123,478.010,0.080
1757011945.479191,480.078,0.080
1757011945.481259,482.146,0.080
1757011945.483327,484.215,0.080
1757011945.485401,486.288,0.080
1757011945.487470,488.358,0.080
1757011945.489539,490.426,0.080
1757011945.491607,492.495,0.080
1757011945.493693,494.580,0.080
1757011945.495762,496.650,0.080
1757011945.497831,498.719,0.080
1757011945.499900,500.788,0.080
1757011945.501969,502.856,0.080
1757011945.504013,504.901,0.080
1757011945.506083,506.970,0.080
1757011945.508150,509.037,0.080
1757011945.510219,511.106,0.080
1757011945.512285,513.173,0.080
1757011945.514353,515.240,0.080
1757011945.516422,517.309,0.080
1757011945.518491,519.378,0.080
1757011945.520560,521.447,0.080
1757011945.522629,523.516,0.080
1757011945.524697,525.585,0.080
1757011945.526766,527.653,0.080
1757011945.528834,529.721,0.080
1757011945.530902,531.790,0.080
1757011945.532970,533.858,0.080
1757011945.535039,535.927,0.080
1757011945.537108,537.995,0.080
1757011945.539178,540.066,0.080
1757011945.541247,542.134,0.080
1757011945.543316,544.203,0.080
1757011945.545387,546.274,0.080
1757011945.547456,548.343,0.080
1757011945.549525,550.412,0.080
1757011945.551594,552.481,0.080
1757011945.553663,554.550,0.080
1757011945.555732,556.619,0.080
1757011945.557801,558.688,0.080
1757011945.559870,560.758,0.080
1757011945.561939,562.827,0.080
1757011945.564018,564.906,0.080
1757011945.566087,566.974,0.080
1757011945.568153,569.040,0.080
1757011945.570221,571.109,0.080
1757011945.572291,573.178,0.080
1757011945.574360,575.248,0.080
1757011945.576427,577.315,0.080
1757011945.578496,579.383,0.080
1757011945.580565,581.452,0.080
1757011945.582633,583.521,0.080
1757011945.584704,585.591,0.080
1757011945.586773,587.661,0.080
1757011945.588842,589.730,0.060
1757011945.590911,591.799,0.060
1757011945.592979,593.867,0.060
1757011945.595048,595.936,0.060
1757011945.597117,598.005,0.060
1757011945.599186,600.073,0.060
1757011945.601253,602.140,0.060
1757011945.603322,604.209,0.060
1757011945.605401,606.288,0.060
1757011945.607470,608.358,0.060
1757011945.609539,610.426,0.060
1757011945.611608,612.495,0.060
1757011945.613679,614.566,0.060
1757011945.615749,616.636,0.060
1757011945.617818,618.705,0.060
1757011945.619888,620.775,0.060
1757011945.621956,622.844,0.060
1757011945.624029,624.916,0.060
1757011945.626097,626.985,0.060
1757011945.628166,629.054,0.060
1757011945.630235,631.122,0.060
1757011945.632302,633.189,0.060
1757011945.634370,635.258,0.060
1757011945.636438,637.325,0.060
1757011945.638506,639.394,0.060
1757011945.640575,641.463,0.060
1757011945.642644,643.532,0.060
1757011945.644713,645.600,0.060
1757011945.646782,647.670,0.060
1757011945.648853,649.741,0.060
1757011945.650922,651.809,0.060
1757011945.652990,653.877,0.060
1757011945.655059,655.946,0.060
1757011945.657128,658.016,0.060
1757011945.659196,660.084,0.060
1757011945.661265,662.152,0.060
1757011945.663334,664.222,0.060
1757011945.665403,666.291,0.060
1757011945.667471,668.358,0.060
1757011945.669540,670.427,0.060
1757011945.671613,672.501,0.060
1757011945.673683,674.570,0.060
1757011945.675751,676.638,0.060
1757011945.677819,678.707,0.060
1757011945.679889,680.776,0.060
1757011945.681958,682.846,0.060
1757011945.684024,684.911,0.060
1757011945.686097,686.984,0.060
1757011945.688164,689.051,0.060
1757011945.690227,691.115,0.060
1757011945.692288,693.175,0.080
1757011945.694346,695.234,0.080
1757011945.696429,697.316,0.080
1757011945.698488,699.375,0.080
1757011945.700548,701.436,0.080
1757011945.702611,703.499,0.080
1757011945.704673,705.561,0.080
1757011945.706733,707.620,0.080
1757011945.708795,709.683,0.080
1757011945.710854,711.741,0.080
1757011945.712911,713.799,0.080
1757011945.714969,715.857,0.080
1757011945.717028,717.915,0.080
1757011945.719087,719.975,0.080
1757011945.721149,722.036,0.080
1757011945.723206,724.093,0.080
1757011945.725265,726.152,0.080
1757011945.727322,728.209,0.080
1757011945.729381,730.268,0.080
1757011945.731441,732.329,0.080
1757011945.733503,734.391,0.080
1757011945.735573,736.460,0.080
1757011945.737635,738.522,0.080
1757011945.739693,740.580,0.080
1757011945.741750,742.638,0.080
1757011945.743808,744.695,0.080
1757011945.745867,746.754,0.080
1757011945.747925,748.812,0.080
1757011945.749982,750.870,0.080
1757011945.752006,752.893,0.080
1757011945.754064,754.951,0.080
1757011945.756122,757.010,0.080
1757011945.758182,759.070,0.080
1757011945.760241,761.128,0.080
1757011945.762301,763.188,0.080
1757011945.764360,765.247,0.080
1757011945.766419,767.306,0.080
1757011945.768480,769.367,0.080
1757011945.770540,771.428,0.080
1757011945.772601,773.489,0.080
1757011945.774664,775.552,0.080
1757011945.776726,777.614,0.080
1757011945.778788,779.675,0.080
1757011945.780850,781.737,0.080
1757011945.782912,783.800,0.080
1757011945.784975,785.862,0.080
1757011945.787039,787.927,0.080
1757011945.789104,789.991,0.080
1757011945.791172,792.059,0.080
1757011945.793237,794.124,0.080
1757011945.795306,796.193,0.080
1757011945.797375,798.263,0.080
1757011945.799444,800.331,0.080
1757011945.801512,802.399,0.080
1757011945.803581,804.468,0.080
1757011945.805650,806.537,0.080
1757011945.807719,808.606,0.080
1757011945.809788,810.676,0.080
1757011945.811858,812.746,0.080
1757011945.813927,814.814,0.080
1757011945.816013,816.900,0.080
1757011945.818082,818.969,0.080
1757011945.820149,821.037,0.080
1757011945.822218,823.106,0.080
1757011945.824288,825.175,0.080
1757011945.826357,827.245,0.080
1757011945.828424,829.311,0.080
1757011945.830493,831.381,0.080
1757011945.832562,833.449,0.080
1757011945.834631,835.519,0.080
1757011945.836699,837.587,0.080
1757011945.838768,839.656,0.080
1757011945.840837,841.725,0.080
1757011945.842907,843.794,0.080
1757011945.844974,845.862,0.080
1757011945.847043,847.930,0.080
1757011945.849111,849.998,0.080
1757011945.851180,852.068,0.080
1757011945.853249,854.137,0.080
1757011945.855319,856.206,0.080
1757011945.857392,858.279,0.080
1757011945.859461,860.349,0.080
1757011945.861530,862.418,0.080
1757011945.863599,864.487,0.080
1757011945.865668,866.556,0.080
1757011945.867737,868.624,0.080
1757011945.869805,870.693,0.080
1757011945.871874,872.761,0.080
1757011945.873946,874.833,0.080
1757011945.876022,876.909,0.080
1757011945.878091,878.979,0.080
1757011945.880159,881.047,0.080
1757011945.882228,883.115,0.080
1757011945.884297,885.184,0.080
1757011945.886366,887.254,0.080
1757011945.888435,889.323,0.080
1757011945.890504,891.391,0.080
1757011945.892573,893.460,0.080
1757011945.894642,895.529,0.080
1757011945.896711,897.598,0.080
1757011945.898780,899.667,0.080
1757011945.900846,901.733,0.080
1757011945.902915,903.802,0.080
1757011945.904984,905.871,0.080
1757011945.907052,907.940,0.080
1757011945.909122,910.009,0.080
1757011945.911191,912.079,0.080
1757011945.913261,914.149,0.080
1757011945.915331,916.218,0.080
1757011945.917400,918.288,0.080
1757011945.919469,920.357,0.080
1757011945.921539,922.426,0.080
1757011945.923608,924.495,0.080
1757011945.925678,926.565,0.080
1757011945.927747,928.634,0.080
1757011945.929816,930.703,0.080
1757011945.931885,932.772,0.080
1757011945.933954,934.841,0.080
1757011945.936023,936.910,0.080
1757011945.938092,938.979,0.080
1757011945.940161,941.048,0.080
1757011945.942231,943.118,0.080
1757011945.944298,945.186,0.080
1757011945.946368,947.255,0.080
1757011945.948437,949.324,0.080
1757011945.950507,951.394,0.080
1757011945.952574,953.462,0.080
1757011945.954643,955.531,0.080
1757011945.956710,957.597,0.080
1757011945.958779,959.667,0.080
1757011945.960841,961.728,0.080
1757011945.962902,963.790,0.080
1757011945.964965,965.853,0.080
1757011945.967499,968.386,0.080
1757011945.970660,971.547,0.080
1757011945.972793,973.681,0.080
1757011945.975633,976.520,0.080
1757011945.978168,979.055,0.080
1757011945.980241,981.129,0.080
1757011945.982311,983.198,0.080
1757011945.984380,985.268,0.080
1757011945.986444,987.332,0.080
1757011945.988509,989.396,0.100
1757011945.990569,991.456,0.100
1757011945.992627,993.514,0.100
1757011945.994686,995.574,0.100
1757011945.996746,997.634,0.100
1757011945.998805,999.693,0.100
1757011946.000870,1001.757,0.100
1757011946.002932,1003.820,0.100
1757011946.004995,1005.882,0.100
1757011946.007056,1007.943,0.100
1757011946.009116,1010.004,0.100
1757011946.011176,1012.064,0.120
1757011946.013237,1014.124,0.120
1757011946.015297,1016.184,0.120
1757011946.017362,1018.250,0.120
1757011946.019423,1020.311,0.120
1757011946.021484,1022.372,0.120
1757011946.023542,1024.430,0.120
1757011946.025605,1026.492,0.120
1757011946.027664,1028.551,0.120
1757011946.029728,1030.615,0.120
1757011946.031789,1032.676,0.120
1757011946.033848,1034.736,0.140
1757011946.035907,1036.794,0.140
1757011946.037967,1038.855,0.140
1757011946.040006,1040.894,0.140
1757011946.042069,1042.956,0.140
1757011946.044129,1045.017,0.140
1757011946.046188,1047.075,0.140
1757011946.048249,1049.136,0.140
1757011946.050310,1051.198,0.140
1757011946.052368,1053.256,0.140
1757011946.054427,1055.315,0.140
1757011946.056488,1057.375,0.160
1757011946.058548,1059.436,0.160
1757011946.060608,1061.495,0.160
1757011946.062666,1063.554,0.160
1757011946.064726,1065.614,0.160
1757011946.066786,1067.673,0.160
1757011946.068845,1069.732,0.160
1757011946.070904,1071.791,0.160
1757011946.072963,1073.850,0.160
1757011946.075023,1075.911,0.160
1757011946.077086,1077.973,0.160
1757011946.079155,1080.043,0.160
1757011946.081220,1082.107,0.180
1757011946.083279,1084.166,0.180
1757011946.085340,1086.227,0.180
1757011946.087399,1088.287,0.180
1757011946.089459,1090.346,0.180
1757011946.091519,1092.406,0.180
1757011946.093584,1094.471,0.180
1757011946.095644,1096.531,0.180
1757011946.097704,1098.592,0.180
1757011946.099763,1100.650,0.180
1757011946.101822,1102.710,0.180
1757011946.103882,1104.769,0.180
1757011946.105944,1106.832,0.180
1757011946.108008,1108.895,0.200
1757011946.110067,1110.955,0.200
1757011946.112128,1113.015,0.200
1757011946.114189,1115.077,0.200
1757011946.116250,1117.137,0.200
1757011946.118310,1119.198,0.200
1757011946.120371,1121.258,0.200
1757011946.122432,1123.319,0.200
1757011946.124489,1125.377,0.200
1757011946.126548,1127.435,0.200
1757011946.128607,1129.494,0.200
1757011946.130666,1131.553,0.200
1757011946.132725,1133.612,0.200
1757011946.134783,1135.670,0.200
1757011946.136845,1137.732,0.220
1757011946.138905,1139.792,0.220
1757011946.140967,1141.854,0.220
1757011946.143028,1143.915,0.220
1757011946.145089,1145.976,0.220
1757011946.147149,1148.036,0.220
1757011946.149211,1150.099,0.220
1757011946.151271,1152.158,0.220
1757011946.153334,1154.221,0.220
1757011946.155394,1156.281,0.220
1757011946.157454,1158.342,0.220
1757011946.159515,1160.402,0.220
1757011946.161576,1162.463,0.220
1757011946.163633,1164.521,0.220
1757011946.165693,1166.580,0.220
1757011946.167753,1168.640,0.240
1757011946.169816,1170.703,0.240
1757011946.171874,1172.761,0.240
1757011946.173932,1174.819,0.240
1757011946.175990,1176.877,0.240
1757011946.178050,1178.937,0.240
1757011946.180108,1180.996,0.240
1757011946.182167,1183.054,0.240
1757011946.184227,1185.114,0.240
1757011946.186288,1187.175,0.240
1757011946.188346,1189.234,0.240
1757011946.190406,1191.293,0.240
1757011946.192467,1193.355,0.240
1757011946.194527,1195.414,0.240
1757011946.196584,1197.472,0.240
1757011946.198644,1199.531,0.240
1757011946.200701,1201.588,0.240
1757011946.202759,1203.646,0.240
1757011946.204817,1205.704,0.240
1757011946.206874,1207.762,0.240
1757011946.208932,1209.819,0.240
1757011946.210989,1211.877,0.240
1757011946.213047,1213.935,0.240
1757011946.215106,1215.993,0.240
1757011946.217164,1218.051,0.240
1757011946.219221,1220.109,0.240
1757011946.221286,1222.173,0.240
1757011946.223357,1224.245,0.240
1757011946.225428,1226.316,0.240
1757011946.227497,1228.384,0.240
1757011946.229566,1230.453,0.240
1757011946.231636,1232.523,0.240
1757011946.233706,1234.594,0.240
1757011946.235777,1236.664,0.240
1757011946.237846,1238.733,0.240
1757011946.239916,1240.803,0.240
1757011946.241985,1242.873,0.240
1757011946.244026,1244.913,0.240
1757011946.246095,1246.983,0.240
1757011946.248164,1249.052,0.240
1757011946.250234,1251.121,0.240
1757011946.252301,1253.189,0.240
1757011946.254371,1255.259,0.240
1757011946.256442,1257.329,0.240
1757011946.258512,1259.399,0.240
1757011946.260579,1261.467,0.240
1757011946.262648,1263.535,0.240
1757011946.264717,1265.605,0.240
1757011946.266788,1267.675,0.220
1757011946.268856,1269.743,0.220
1757011946.270926,1271.814,0.220
1757011946.272996,1273.883,0.220
1757011946.275066,1275.953,0.220
1757011946.277135,1278.022,0.220
1757011946.279204,1280.092,0.220
1757011946.281274,1282.162,0.220
1757011946.283343,1284.230,0.220
1757011946.285412,1286.299,0.220
1757011946.287482,1288.369,0.220
1757011946.289560,1290.447,0.220
1757011946.291633,1292.520,0.220
1757011946.293705,1294.592,0.220
1757011946.295775,1296.663,0.220
1757011946.297848,1298.735,0.220
1757011946.299918,1300.806,0.220
1757011946.301988,1302.876,0.220
1757011946.304021,1304.908,0.220
1757011946.306090,1306.977,0.220
1757011946.308158,1309.046,0.220
1757011946.310227,1311.115,0.220
1757011946.312294,1313.182,0.220
1757011946.314363,1315.250,0.220
1757011946.316431,1317.318,0.220
1757011946.318500,1319.387,0.200
1757011946.320569,1321.456,0.200
1757011946.322639,1323.526,0.200
1757011946.324707,1325.594,0.200
1757011946.326776,1327.664,0.200
1757011946.328844,1329.731,0.200
1757011946.330914,1331.801,0.200
1757011946.332983,1333.871,0.200
1757011946.335052,1335.940,0.200
1757011946.337121,1338.008,0.200
1757011946.339190,1340.078,0.200
1757011946.341260,1342.148,0.200
1757011946.343337,1344.225,0.200
1757011946.345411,1346.298,0.200
1757011946.347483,1348.370,0.200
1757011946.349555,1350.442,0.200
1757011946.351626,1352.513,0.200
1757011946.353695,1354.582,0.200
1757011946.355764,1356.652,0.200
1757011946.357833,1358.720,0.200
1757011946.359903,1360.791,0.200
1757011946.361973,1362.860,0.200
1757011946.364022,1364.909,0.200
1757011946.366091,1366.978,0.200
1757011946.368163,1369.050,0.200
1757011946.370233,1371.120,0.200
1757011946.372299,1373.187,0.200
1757011946.374368,1375.256,0.200
1757011946.376439,1377.326,0.200
1757011946.378508,1379.396,0.180
1757011946.380576,1381.464,0.180
1757011946.382646,1383.533,0.180
1757011946.384717,1385.604,0.180
1757011946.386787,1387.675,0.180
1757011946.388855,1389.742,0.180
1757011946.390924,1391.811,0.180
1757011946.392995,1393.882,0.180
1757011946.395064,1395.952,0.180
1757011946.397133,1398.020,0.180
1757011946.399202,1400.090,0.180
1757011946.401273,1402.161,0.180
1757011946.403342,1404.230,0.180
1757011946.405416,1406.304,0.180
1757011946.407485,1408.373,0.180
1757011946.409555,1410.443,0.180
1757011946.411624,1412.512,0.180
1757011946.413692,1414.580,0.180
1757011946.415762,1416.649,0.180
1757011946.417830,1418.717,0.180
1757011946.419899,1420.786,0.180
1757011946.421969,1422.856,0.180
1757011946.424022,1424.909,0.180
1757011946.426090,1426.978,0.180
1757011946.428159,1429.047,0.180
1757011946.430228,1431.116,0.180
1757011946.432298,1433.186,0.180
1757011946.434368,1435.256,0.180
1757011946.436437,1437.325,0.180
1757011946.438506,1439.393,0.180
1757011946.440573,1441.461,0.180
1757011946.442642,1443.530,0.180
1757011946.444712,1445.599,0.180
1757011946.446779,1447.667,0.160
1757011946.448848,1449.735,0.160
1757011946.450917,1451.804,0.160
1757011946.452985,1453.872,0.160
1757011946.455054,1455.941,0.160
1757011946.457123,1458.010,0.160
1757011946.459192,1460.079,0.160
1757011946.461260,1462.147,0.160
1757011946.463330,1464.217,0.160
1757011946.465403,1466.290,0.160
1757011946.467472,1468.359,0.160
1757011946.469541,1470.428,0.160
1757011946.471610,1472.497,0.160
1757011946.473679,1474.566,0.160
1757011946.475748,1476.636,0.160
1757011946.477817,1478.705,0.160
1757011946.479887,1480.774,0.160
1757011946.481956,1482.843,0.160
1757011946.484024,1484.911,0.160
1757011946.486093,1486.980,0.160
1757011946.488162,1489.050,0.160
1757011946.490232,1491.119,0.160
1757011946.492299,1493.186,0.160
1757011946.494368,1495.256,0.160
1757011946.496436,1497.323,0.160
1757011946.498505,1499.392,0.160
1757011946.500572,1501.459,0.160
1757011946.502641,1503.528,0.160
1757011946.504710,1505.597,0.160
1757011946.506779,1507.667,0.160
1757011946.508847,1509.734,0.160
1757011946.510917,1511.804,0.160
1757011946.512985,1513.872,0.160
1757011946.515054,1515.941,0.160
1757011946.517122,1518.009,0.160
1757011946.519191,1520.078,0.160
1757011946.521260,1522.147,0.160
1757011946.523329,1524.216,0.160
1757011946.525666,1526.553,0.160
1757011946.527744,1528.631,0.140
1757011946.529815,1530.703,0.140
1757011946.531886,1532.773,0.140
1757011946.533956,1534.844,0.140
1757011946.536025,1536.912,0.140
1757011946.538094,1538.981,0.140
1757011946.540164,1541.051,0.140
1757011946.542233,1543.121,0.140
1757011946.544301,1545.188,0.140
1757011946.546369,1547.256,0.140
1757011946.548437,1549.324,0.140
1757011946.550505,1551.392,0.140
1757011946.552570,1553.458,0.140
1757011946.554638,1555.526,0.140
1757011946.556706,1557.593,0.140
1757011946.558774,1559.661,0.140
1757011946.560841,1561.729,0.140
1757011946.562909,1563.796,0.140
1757011946.564977,1565.864,0.140
1757011946.567046,1567.934,0.140
1757011946.569115,1570.003,0.140
1757011946.571184,1572.071,0.140
1757011946.573252,1574.139,0.140
1757011946.575322,1576.209,0.140
1757011946.577392,1578.279,0.140
1757011946.579461,1580.348,0.140
1757011946.581530,1582.417,0.140
1757011946.583599,1584.486,0.140
1757011946.585667,1586.555,0.140
1757011946.587737,1588.624,0.140
1757011946.589806,1590.693,0.140
1757011946.591875,1592.763,0.140
1757011946.593944,1594.831,0.140
1757011946.596045,1596.932,0.140
1757011946.598117,1599.004,0.140
1757011946.600186,1601.073,0.140
1757011946.602254,1603.142,0.140
1757011946.604322,1605.210,0.140
1757011946.606392,1607.279,0.140
1757011946.608461,1609.348,0.140
1757011946.610530,1611.418,0.140
1757011946.612598,1613.485,0.140
1757011946.614667,1615.554,0.140
1757011946.616736,1617.624,0.140
1757011946.618807,1619.694,0.140
1757011946.620873,1621.761,0.140
1757011946.622943,1623.831,0.140
1757011946.625018,1625.906,0.140
1757011946.627089,1627.977,0.140
1757011946.629158,1630.045,0.140
1757011946.631227,1632.115,0.140
1757011946.633297,1634.184,0.140
1757011946.635366,1636.254,0.140
1757011946.637436,1638.324,0.140
1757011946.639506,1640.393,0.140
1757011946.641575,1642.462,0.140
1757011946.643645,1644.533,0.140
1757011946.645715,1646.602,0.140
1757011946.647784,1648.671,0.140
1757011946.649853,1650.740,0.140
1757011946.651924,1652.812,0.140
1757011946.654011,1654.899,0.140
1757011946.656081,1656.968,0.140
1757011946.658152,1659.040,0.140
1757011946.660222,1661.109,0.140
1757011946.662291,1663.179,0.140
1757011946.664358,1665.246,0.120
1757011946.666428,1667.315,0.120
1757011946.668496,1669.383,0.120
1757011946.670566,1671.453,0.120
1757011946.672634,1673.521,0.120
1757011946.674703,1675.590,0.120
1757011946.676771,1677.659,0.120
1757011946.678840,1679.728,0.120
1757011946.680910,1681.797,0.120
1757011946.682979,1683.866,0.120
1757011946.685048,1685.936,0.120
1757011946.687118,1688.005,0.120
1757011946.689187,1690.074,0.120
1757011946.691256,1692.143,0.120
1757011946.693325,1694.212,0.120
1757011946.695394,1696.281,0.120
1757011946.697462,1698.350,0.120
1757011946.699531,1700.419,0.120
1757011946.701601,1702.488,0.120
1757011946.703670,1704.557,0.120
1757011946.705739,1706.627,0.120
1757011946.707808,1708.696,0.120
1757011946.709877,1710.765,0.120
1757011946.711947,1712.834,0.120
1757011946.714016,1714.904,0.120
1757011946.716083,1716.971,0.120
1757011946.718153,1719.040,0.120
1757011946.720222,1721.109,0.120
1757011946.722290,1723.178,0.120
1757011946.724358,1725.246,0.120
1757011946.726426,1727.314,0.120
1757011946.728495,1729.383,0.120
1757011946.730564,1731.452,0.120
1757011946.732632,1733.519,0.120
1757011946.734700,1735.588,0.120
1757011946.736770,1737.658,0.120
1757011946.738839,1739.727,0.120
1757011946.740900,1741.787,0.120
1757011946.742958,1743.846,0.120
1757011946.745017,1745.904,0.120
1757011946.747076,1747.963,0.120
1757011946.749133,1750.021,0.120
1757011946.751349,1752.237,0.120
1757011946.753440,1754.327,0.120
1757011946.755521,1756.408,0.120
1757011946.757584,1758.471,0.120
1757011946.759653,1760.540,0.120
1757011946.761723,1762.610,0.120
1757011946.763792,1764.679,0.120
1757011946.765861,1766.748,0.120
1757011946.767929,1768.817,0.120
1757011946.769999,1770.886,0.120
1757011946.772066,1772.953,0.120
1757011946.774136,1775.023,0.120
1757011946.776204,1777.091,0.120
1757011946.778272,1779.159,0.120
1757011946.780339,1781.227,0.120
1757011946.782408,1783.295,0.120
1757011946.784478,1785.365,0.120
1757011946.786547,1787.435,0.120
1757011946.788615,1789.502,0.120
1757011946.790684,1791.572,0.120
1757011946.792753,1793.641,0.120
1757011946.794822,1795.709,0.120
1757011946.796889,1797.776,0.120
1757011946.798957,1799.845,0.120
1757011946.801027,1801.914,0.120
1757011946.803096,1803.983,0.120
1757011946.805165,1806.052,0.120
1757011946.807234,1808.122,0.120
1757011946.809303,1810.191,0.120
1757011946.811372,1812.259,0.120
1757011946.813440,1814.327,0.120
1757011946.815509,1816.397,0.120
1757011946.817578,1818.466,0.120
1757011946.819648,1820.535,0.120
1757011946.821717,1822.605,0.120
1757011946.823786,1824.673,0.120
1757011946.825855,1826.742,0.120
1757011946.827925,1828.812,0.120
1757011946.829994,1830.881,0.120
1757011946.832024,1832.911,0.120
1757011946.834094,1834.981,0.120
1757011946.836163,1837.050,0.120
1757011946.838232,1839.119,0.120
1757011946.840299,1841.187,0.120
1757011946.842369,1843.256,0.120
1757011946.844438,1845.325,0.120
1757011946.846507,1847.394,0.120
1757011946.848573,1849.461,0.100
1757011946.850643,1851.530,0.100
1757011946.852711,1853.599,0.100
1757011946.854780,1855.668,0.100
1757011946.856849,1857.736,0.100
1757011946.858918,1859.806,0.100
1757011946.860987,1861.874,0.100
1757011946.863055,1863.943,0.100
1757011946.865125,1866.012,0.100
1757011946.867194,1868.082,0.100
1757011946.869265,1870.152,0.100
1757011946.871334,1872.221,0.100
1757011946.873403,1874.290,0.100
1757011946.875472,1876.359,0.100
1757011946.877541,1878.428,0.100
1757011946.879610,1880.497,0.100
1757011946.881679,1882.566,0.100
1757011946.883749,1884.636,0.100
1757011946.885818,1886.705,0.100
1757011946.887886,1888.774,0.100
1757011946.889955,1890.842,0.100
1757011946.892022,1892.909,0.100
1757011946.894092,1894.979,0.100
1757011946.896161,1897.048,0.100
1757011946.898230,1899.117,0.100
1757011946.900296,1901.183,0.100
1757011946.902365,1903.253,0.100
1757011946.904435,1905.323,0.100
1757011946.906504,1907.392,0.100
1757011946.908571,1909.458,0.100
1757011946.910640,1911.528,0.100
1757011946.912710,1913.597,0.100
1757011946.914780,1915.667,0.100
1757011946.916849,1917.736,0.100
1757011946.918918,1919.805,0.100
1757011946.920988,1921.875,0.100
1757011946.923057,1923.945,0.100
1757011946.925128,1926.016,0.100
1757011946.927197,1928.085,0.100
1757011946.929266,1930.153,0.100
1757011946.931335,1932.222,0.100
1757011946.933406,1934.293,0.100
1757011946.935475,1936.362,0.100
1757011946.937544,1938.432,0.100
1757011946.939613,1940.500,0.100
1757011946.941683,1942.570,0.100
1757011946.943753,1944.640,0.100
1757011946.945821,1946.709,0.100
1757011946.947891,1948.778,0.100
1757011946.949960,1950.847,0.100
1757011946.952026,1952.913,0.100
1757011946.954095,1954.982,0.100
1757011946.956162,1957.050,0.100
1757011946.958231,1959.119,0.100
1757011946.960299,1961.186,0.100
1757011946.962368,1963.255,0.100
1757011946.964437,1965.325,0.100
1757011946.966508,1967.395,0.100
1757011946.968575,1969.462,0.100
1757011946.970642,1971.530,0.100
1757011946.972709,1973.596,0.100
1757011946.974777,1975.664,0.100
1757011946.976843,1977.730,0.100
1757011946.978910,1979.798,0.100
1757011946.980977,1981.865,0.100
1757011946.983046,1983.933,0.100
1757011946.985114,1986.001,0.100
1757011946.987183,1988.070,0.100
1757011946.989251,1990.139,0.100
1757011946.991321,1992.208,0.100
1757011946.993392,1994.279,0.100
1757011946.995461,1996.349,0.100
1757011946.997531,1998.418,0.100
1757011946.999600,2000.487,0.100
1757011947.001669,2002.557,0.100
1757011947.003738,2004.626,0.100
1757011947.005807,2006.695,0.100
1757011947.007877,2008.765,0.100
1757011947.009947,2010.834,0.100
1757011947.012027,2012.914,0.100
1757011947.014096,2014.983,0.100
1757011947.016164,2017.052,0.100
1757011947.018235,2019.122,0.100
1757011947.020302,2021.189,0.100
1757011947.022373,2023.261,0.100
1757011947.024443,2025.330,0.100
1757011947.026513,2027.400,0.100
1757011947.028582,2029.469,0.100
1757011947.030651,2031.538,0.100
1757011947.032720,2033.607,0.100
1757011947.034788,2035.676,0.100
1757011947.036856,2037.744,0.100
1757011947.038926,2039.813,0.100
1757011947.040994,2041.881,0.100
1757011947.043062,2043.950,0.100
1757011947.045134,2046.021,0.100
1757011947.047203,2048.091,0.100
1757011947.049273,2050.160,0.100
1757011947.051342,2052.230,0.100
1757011947.053412,2054.300,0.100
1757011947.055482,2056.369,0.100
1757011947.057551,2058.438,0.100
1757011947.059620,2060.507,0.100
1757011947.061688,2062.575,0.100
1757011947.063757,2064.644,0.100
1757011947.065826,2066.713,0.100
1757011947.067896,2068.783,0.100
1757011947.069965,2070.853,0.100
1757011947.072023,2072.911,0.100
1757011947.074093,2074.980,0.100
1757011947.076163,2077.050,0.100
1757011947.078232,2079.120,0.100
1757011947.080301,2081.188,0.100
1757011947.082370,2083.258,0.100
1757011947.084440,2085.327,0.100
1757011947.086509,2087.396,0.100
1757011947.088575,2089.463,0.100
1757011947.090644,2091.532,0.100
1757011947.092713,2093.600,0.100
1757011947.094782,2095.670,0.100
1757011947.096851,2097.738,0.100
1757011947.098920,2099.807,0.100
1757011947.100988,2101.876,0.100
1757011947.103057,2103.944,0.100
1757011947.105125,2106.012,0.100
1757011947.107194,2108.082,0.100
1757011947.109263,2110.150,0.100
1757011947.111332,2112.220,0.080
1757011947.113403,2114.291,0.080
1757011947.115474,2116.361,0.080
1757011947.117543,2118.430,0.080
1757011947.119612,2120.499,0.080
1757011947.121680,2122.568,0.080
1757011947.123750,2124.637,0.080
1757011947.125819,2126.706,0.080
1757011947.127888,2128.776,0.080
1757011947.129957,2130.845,0.080
1757011947.132028,2132.915,0.080
1757011947.134097,2134.985,0.080
1757011947.136165,2137.053,0.080
1757011947.138234,2139.121,0.080
1757011947.140299,2141.187,0.080
1757011947.142368,2143.255,0.080
1757011947.144435,2145.322,0.080
1757011947.146504,2147.392,0.080
1757011947.148571,2149.458,0.080
1757011947.150640,2151.528,0.080
1757011947.152711,2153.599,0.080
1757011947.154782,2155.669,0.080
1757011947.156850,2157.737,0.080
1757011947.158920,2159.807,0.080
1757011947.160989,2161.876,0.080
1757011947.163057,2163.944,0.080
1757011947.165126,2166.013,0.080
1757011947.167197,2168.084,0.080
1757011947.169266,2170.153,0.080
1757011947.171335,2172.222,0.080
1757011947.173405,2174.292,0.080
1757011947.175473,2176.360,0.080
1757011947.177542,2178.430,0.080
1757011947.179611,2180.498,0.080
1757011947.181680,2182.567,0.080
1757011947.183749,2184.636,0.080
1757011947.185818,2186.706,0.080
1757011947.187887,2188.774,0.080
1757011947.189956,2190.843,0.080
1757011947.192022,2192.910,0.080
1757011947.194091,2194.978,0.080
1757011947.196161,2197.048,0.080
1757011947.198230,2199.118,0.080
1757011947.200302,2201.190,0.080
1757011947.202371,2203.259,0.080
1757011947.204444,2205.331,0.080
1757011947.206513,2207.401,0.080
1757011947.208584,2209.471,0.080
1757011947.210653,2211.540,0.080
1757011947.212723,2213.610,0.080
1757011947.214792,2215.680,0.080
1757011947.216861,2217.748,0.080
1757011947.218930,2219.817,0.080
1757011947.220999,2221.887,0.080
1757011947.223068,2223.956,0.080
1757011947.225138,2226.025,0.080
1757011947.227207,2228.095,0.080
1757011947.229276,2230.164,0.080
1757011947.231346,2232.233,0.080
1757011947.233416,2234.303,0.080
1757011947.235486,2236.373,0.080
1757011947.237556,2238.443,0.080
1757011947.239625,2240.512,0.080
1757011947.241694,2242.581,0.080
1757011947.243763,2244.650,0.080
1757011947.245835,2246.722,0.080
1757011947.247906,2248.794,0.080
1757011947.249976,2250.864,0.080
1757011947.252019,2252.907,0.080
1757011947.254089,2254.976,0.080
1757011947.256158,2257.046,0.080
1757011947.258227,2259.115,0.080
1757011947.260295,2261.183,0.080
1757011947.262364,2263.252,0.080
1757011947.264433,2265.320,0.080
1757011947.266502,2267.389,0.080
1757011947.268573,2269.460,0.080
1757011947.270643,2271.530,0.080
1757011947.272710,2273.597,0.080
1757011947.274779,2275.666,0.080
1757011947.276850,2277.737,0.080
1757011947.278919,2279.806,0.080
1757011947.281002,2281.889,0.080
1757011947.283075,2283.963,0.080
1757011947.285145,2286.032,0.080
1757011947.287214,2288.101,0.080
1757011947.289282,2290.170,0.080
1757011947.291351,2292.238,0.080
1757011947.293419,2294.307,0.080
1757011947.295486,2296.374,0.080
1757011947.297555,2298.442,0.080
1757011947.299623,2300.510,0.080
1757011947.301691,2302.578,0.080
1757011947.303761,2304.649,0.080
1757011947.305831,2306.718,0.080
1757011947.307900,2308.788,0.080
1757011947.309968,2310.856,0.080
1757011947.312030,2312.917,0.080
1757011947.314099,2314.986,0.080
1757011947.316168,2317.056,0.080
1757011947.318236,2319.124,0.080
1757011947.320303,2321.191,0.080
1757011947.322372,2323.259,0.080
1757011947.324440,2325.327,0.080
1757011947.326509,2327.397,0.080
1757011947.328577,2329.464,0.080
1757011947.330645,2331.533,0.080
1757011947.332715,2333.602,0.080
1757011947.334784,2335.671,0.080
1757011947.336854,2337.741,0.080
1757011947.338922,2339.809,0.080
1757011947.340992,2341.879,0.080
1757011947.343061,2343.948,0.080
1757011947.345129,2346.016,0.080
1757011947.347198,2348.085,0.080
1757011947.349267,2350.154,0.080
1757011947.351335,2352.222,0.080
1757011947.353403,2354.290,0.080
1757011947.355473,2356.360,0.080
1757011947.357544,2358.431,0.080
1757011947.359613,2360.501,0.080
1757011947.361682,2362.569,0.080
1757011947.363751,2364.639,0.080
1757011947.365820,2366.708,0.080
1757011947.367892,2368.779,0.080
1757011947.369961,2370.848,0.080
1757011947.372023,2372.911,0.080
1757011947.374092,2374.980,0.080
1757011947.376162,2377.049,0.080
1757011947.378231,2379.118,0.080
1757011947.380298,2381.186,0.080
1757011947.382367,2383.254,0.080
1757011947.384436,2385.323,0.080
1757011947.386505,2387.393,0.080
1757011947.388572,2389.459,0.080
1757011947.390640,2391.528,0.080
1757011947.392710,2393.597,0.080
1757011947.394779,2395.666,0.080
1757011947.396850,2397.738,0.080
1757011947.398919,2399.807,0.080
1757011947.400989,2401.876,0.080
1757011947.403058,2403.946,0.080
1757011947.405128,2406.015,0.080
1757011947.407197,2408.085,0.080
1757011947.409267,2410.155,0.080
1757011947.411336,2412.223,0.080
1757011947.413405,2414.293,0.080
1757011947.415475,2416.362,0.080
1757011947.417544,2418.432,0.080
1757011947.419614,2420.501,0.080
1757011947.421684,2422.571,0.080
1757011947.423753,2424.640,0.080
1757011947.425823,2426.710,0.080
1757011947.427892,2428.779,0.080
1757011947.429960,2430.848,0.080
1757011947.432023,2432.910,0.080
1757011947.434092,2434.980,0.080
1757011947.436161,2437.048,0.080
1757011947.438230,2439.117,0.080
1757011947.440297,2441.184,0.080
1757011947.442366,2443.254,0.080
1757011947.444435,2445.323,0.080
1757011947.446504,2447.392,0.080
1757011947.448571,2449.459,0.080
1757011947.450640,2451.527,0.080
1757011947.452709,2453.596,0.080
1757011947.454779,2455.667,0.080
1757011947.456850,2457.737,0.080
1757011947.458920,2459.807,0.080
1757011947.460990,2461.877,0.080
1757011947.463063,2463.950,0.080
1757011947.465133,2466.020,0.080
1757011947.467201,2468.089,0.080
1757011947.469270,2470.158,0.080
1757011947.471339,2472.227,0.080
1757011947.473408,2474.295,0.080
1757011947.475477,2476.364,0.080
1757011947.477546,2478.434,0.080
1757011947.479615,2480.503,0.080
1757011947.481684,2482.572,0.080
1757011947.483753,2484.641,0.080
1757011947.485822,2486.710,0.080
1757011947.487892,2488.779,0.080
1757011947.489960,2490.848,0.080
1757011947.492026,2492.913,0.080
1757011947.494095,2494.982,0.080
1757011947.496164,2497.052,0.080
1757011947.498233,2499.121,0.080
1757011947.500300,2501.187,0.080
1757011947.502368,2503.256,0.080
1757011947.504440,2505.328,0.080
1757011947.506510,2507.397,0.080
1757011947.508578,2509.465,0.080
1757011947.510647,2511.534,0.080
1757011947.512717,2513.604,0.080
1757011947.514786,2515.674,0.080
1757011947.516854,2517.741,0.080
1757011947.518925,2519.812,0.080
1757011947.520996,2521.883,0.080
1757011947.523066,2523.954,0.080
1757011947.525135,2526.022,0.080
1757011947.527205,2528.093,0.080
1757011947.529275,2530.162,0.080
1757011947.531344,2532.232,0.080
1757011947.533415,2534.302,0.080
1757011947.535484,2536.371,0.080
1757011947.537554,2538.441,0.080
1757011947.539623,2540.510,0.080
1757011947.541692,2542.580,0.080
1757011947.543761,2544.649,0.080
1757011947.545830,2546.717,0.080
1757011947.547898,2548.786,0.080
1757011947.549968,2550.855,0.080
1757011947.552025,2552.912,0.080
1757011947.554094,2554.981,0.080
1757011947.556165,2557.052,0.080
1757011947.558234,2559.121,0.080
1757011947.560301,2561.188,0.080
1757011947.562371,2563.258,0.080
1757011947.564438,2565.326,0.080
1757011947.566508,2567.395,0.080
1757011947.568577,2569.464,0.080
1757011947.570646,2571.533,0.080
1757011947.572717,2573.604,0.080
1757011947.574787,2575.674,0.060
1757011947.576855,2577.742,0.060
1757011947.578924,2579.811,0.060
1757011947.580994,2581.882,0.060
1757011947.583064,2583.951,0.060
1757011947.585132,2586.020,0.060
1757011947.587203,2588.090,0.060
1757011947.589271,2590.158,0.060
1757011947.591340,2592.227,0.080
1757011947.593409,2594.296,0.080
1757011947.595477,2596.364,0.080
1757011947.597550,2598.438,0.080
1757011947.599619,2600.507,0.080
1757011947.601690,2602.578,0.080
1757011947.603759,2604.647,0.080
1757011947.605828,2606.715,0.080
1757011947.607897,2608.784,0.080
1757011947.609966,2610.853,0.080
1757011947.612021,2612.909,0.080
1757011947.614091,2614.978,0.080
1757011947.616160,2617.047,0.080
1757011947.618228,2619.116,0.080
1757011947.620295,2621.182,0.080
1757011947.622364,2623.251,0.080
1757011947.624434,2625.322,0.080
1757011947.626503,2627.390,0.080
1757011947.628573,2629.460,0.080
1757011947.630642,2631.530,0.080
1757011947.632712,2633.600,0.080
1757011947.634781,2635.668,0.080
1757011947.636850,2637.738,0.080
1757011947.638920,2639.807,0.080
1757011947.640988,2641.876,0.080
1757011947.643058,2643.945,0.080
1757011947.645128,2646.015,0.080
1757011947.647197,2648.084,0.080
1757011947.649268,2650.155,0.080
1757011947.651337,2652.224,0.080
1757011947.653410,2654.297,0.080
1757011947.655482,2656.370,0.080
1757011947.657553,2658.441,0.080
1757011947.659625,2660.512,0.080
1757011947.661695,2662.582,0.080
1757011947.663766,2664.653,0.080
1757011947.665834,2666.722,0.080
1757011947.667903,2668.790,0.080
1757011947.669974,2670.862,0.080
1757011947.672020,2672.908,0.080
1757011947.674089,2674.976,0.080
1757011947.676158,2677.045,0.080
1757011947.678227,2679.114,0.080
1757011947.680295,2681.183,0.080
1757011947.682363,2683.250,0.080
1757011947.684432,2685.320,0.080
1757011947.686501,2687.388,0.080
1757011947.688568,2689.456,0.080
1757011947.690637,2691.524,0.080
1757011947.692708,2693.595,0.080
1757011947.694777,2695.665,0.080
1757011947.696845,2697.732,0.080
1757011947.698914,2699.801,0.080
1757011947.700984,2701.871,0.080
1757011947.703054,2703.942,0.080
1757011947.705123,2706.011,0.080
1757011947.707193,2708.080,0.080
1757011947.709263,2710.150,0.080
1757011947.711333,2712.220,0.080
1757011947.713405,2714.293,0.080
1757011947.715474,2716.362,0.080
1757011947.717542,2718.430,0.080
1757011947.719612,2720.499,0.080
1757011947.721681,2722.569,0.080
1757011947.723750,2724.638,0.080
1757011947.725820,2726.707,0.080
1757011947.727889,2728.776,0.080
1757011947.729959,2730.846,0.080
1757011947.732028,2732.915,0.080
1757011947.734096,2734.984,0.080
1757011947.736168,2737.055,0.080
1757011947.738238,2739.125,0.080
1757011947.740307,2741.194,0.080
1757011947.742376,2743.263,0.080
1757011947.744444,2745.331,0.080
1757011947.746513,2747.401,0.080
1757011947.748584,2749.472,0.080
1757011947.750653,2751.541,0.080
1757011947.752724,2753.611,0.080
1757011947.754792,2755.680,0.080
1757011947.756862,2757.750,0.080
1757011947.758931,2759.819,0.080
1757011947.761001,2761.889,0.060
1757011947.763071,2763.958,0.060
1757011947.765139,2766.026,0.060
1757011947.767208,2768.095,0.060
1757011947.769277,2770.165,0.060
1757011947.771347,2772.234,0.060
1757011947.773416,2774.303,0.060
1757011947.775486,2776.373,0.060
1757011947.777555,2778.443,0.060
1757011947.779625,2780.512,0.060
1757011947.781694,2782.581,0.060
1757011947.783763,2784.651,0.060
1757011947.785833,2786.720,0.060
1757011947.787902,2788.790,0.060
1757011947.789972,2790.859,0.060
1757011947.792023,2792.910,0.060
1757011947.794093,2794.980,0.060
1757011947.796163,2797.050,0.060
1757011947.798233,2799.120,0.060
1757011947.800300,2801.188,0.060
1757011947.802370,2803.257,0.060
1757011947.804440,2805.328,0.060
1757011947.806509,2807.396,0.060
1757011947.808576,2809.464,0.060
1757011947.810646,2811.533,0.060
1757011947.812715,2813.602,0.060
1757011947.814784,2815.672,0.060
1757011947.816853,2817.740,0.060
1757011947.818923,2819.810,0.060
1757011947.820992,2821.880,0.060
1757011947.823061,2823.949,0.060
1757011947.825132,2826.020,0.060
1757011947.827202,2828.089,0.060
1757011947.829271,2830.158,0.060
1757011947.831340,2832.227,0.060
1757011947.833412,2834.300,0.060
1757011947.835482,2836.370,0.060
1757011947.837551,2838.438,0.060
1757011947.839620,2840.508,0.060
1757011947.841689,2842.577,0.060
1757011947.843759,2844.646,0.060
1757011947.845828,2846.715,0.060
1757011947.847896,2848.784,0.060
1757011947.849965,2850.853,0.060
1757011947.852026,2852.913,0.060
1757011947.854095,2854.982,0.060
1757011947.856164,2857.051,0.060
1757011947.858233,2859.120,0.060
1757011947.860300,2861.188,0.060
1757011947.862370,2863.257,0.060
1757011947.864438,2865.325,0.060
1757011947.866507,2867.394,0.060
1757011947.868580,2869.467,0.060
1757011947.870649,2871.536,0.060
1757011947.872718,2873.605,0.060
1757011947.874788,2875.675,0.060
1757011947.876856,2877.743,0.060
1757011947.878925,2879.813,0.060
1757011947.880997,2881.884,0.060
1757011947.883066,2883.953,0.060
1757011947.885133,2886.020,0.060
1757011947.887202,2888.090,0.060
1757011947.889273,2890.161,0.060
1757011947.891342,2892.230,0.060
1757011947.893412,2894.299,0.060
1757011947.895481,2896.368,0.060
1757011947.897550,2898.438,0.060
1757011947.899620,2900.507,0.060
1757011947.901689,2902.576,0.060
1757011947.903759,2904.646,0.060
1757011947.905828,2906.716,0.060
1757011947.907898,2908.785,0.060
1757011947.909967,2910.855,0.060
1757011947.912024,2912.912,0.060
1757011947.914094,2914.981,0.060
1757011947.916162,2917.050,0.060
1757011947.918232,2919.119,0.060
1757011947.920299,2921.186,0.060
1757011947.922369,2923.256,0.060
1757011947.924438,2925.325,0.060
1757011947.926506,2927.394,0.060
1757011947.928574,2929.461,0.060
1757011947.930643,2931.530,0.060
1757011947.932713,2933.600,0.060
1757011947.934782,2935.669,0.060
1757011947.936853,2937.740,0.060
1757011947.938922,2939.809,0.060
1757011947.940996,2941.883,0.060
1757011947.943065,2943.952,0.060
1757011947.945133,2946.021,0.060
1757011947.947202,2948.090,0.060
1757011947.949272,2950.160,0.060
1757011947.951342,2952.229,0.060
1757011947.953413,2954.300,0.060
1757011947.955483,2956.370,0.060
1757011947.957553,2958.440,0.060
1757011947.959622,2960.510,0.060
1757011947.961692,2962.579,0.060
1757011947.963761,2964.649,0.060
1757011947.965830,2966.717,0.060
1757011947.967900,2968.787,0.060
1757011947.969969,2970.856,0.060
1757011947.972025,2972.913,0.060
1757011947.974095,2974.982,0.060
1757011947.976164,2977.051,0.060
1757011947.978234,2979.121,0.060
1757011947.980303,2981.190,0.060
1757011947.982372,2983.259,0.060
1757011947.984441,2985.328,0.060
1757011947.986509,2987.396,0.060
1757011947.988578,2989.465,0.060
1757011947.990648,2991.535,0.060
1757011947.992717,2993.604,0.060
1757011947.994787,2995.674,0.060
1757011947.996854,2997.741,0.060
1757011947.998924,2999.812,0.060
1757011948.000993,3001.880,0.060
1757011948.003063,3003.950,0.060
1757011948.005133,3006.020,0.060
1757011948.007202,3008.090,0.060
1757011948.009271,3010.158,0.060
1757011948.011339,3012.227,0.060
1757011948.013408,3014.296,0.060
1757011948.015480,3016.367,0.060
1757011948.017549,3018.437,0.060
1757011948.019618,3020.506,0.060
1757011948.021687,3022.574,0.060
1757011948.023756,3024.643,0.060
1757011948.025826,3026.713,0.060
1757011948.027895,3028.782,0.060
1757011948.029964,3030.851,0.060
1757011948.032020,3032.908,0.060
1757011948.034089,3034.977,0.060
1757011948.036159,3037.047,0.060
1757011948.038228,3039.116,0.060
1757011948.040296,3041.183,0.060
1757011948.042367,3043.254,0.060
1757011948.044434,3045.321,0.060
1757011948.046503,3047.390,0.060
1757011948.048571,3049.458,0.060
1757011948.050640,3051.528,0.060
1757011948.052709,3053.596,0.060
1757011948.054778,3055.665,0.060
1757011948.056847,3057.734,0.060
1757011948.058918,3059.805,0.060
1757011948.060986,3061.874,0.060
1757011948.063055,3063.943,0.060
1757011948.065124,3066.011,0.060
1757011948.067194,3068.081,0.060
1757011948.069262,3070.150,0.060
1757011948.071331,3072.219,0.060
1757011948.073401,3074.288,0.060
1757011948.075470,3076.357,0.060
1757011948.077539,3078.427,0.060
1757011948.079609,3080.496,0.060
1757011948.081677,3082.565,0.060
1757011948.083747,3084.634,0.060
1757011948.085816,3086.703,0.060
1757011948.087886,3088.773,0.060
1757011948.089955,3090.843,0.060
1757011948.092021,3092.908,0.060
1757011948.094090,3094.977,0.060
1757011948.096159,3097.046,0.060
1757011948.098228,3099.115,0.060
1757011948.100295,3101.183,0.060
1757011948.102364,3103.251,0.060
1757011948.104432,3105.320,0.060
1757011948.106501,3107.388,0.060
1757011948.108568,3109.456,0.060
1757011948.110638,3111.525,0.060
1757011948.112707,3113.594,0.060
1757011948.114776,3115.664,0.060
1757011948.116845,3117.733,0.060
1757011948.118914,3119.802,0.060
1757011948.120987,3121.874,0.060
1757011948.123056,3123.944,0.060
1757011948.125125,3126.013,0.060
1757011948.127194,3128.081,0.060
1757011948.129262,3130.149,0.060
1757011948.131331,3132.218,0.060
1757011948.133399,3134.287,0.060
1757011948.135469,3136.356,0.060
1757011948.137538,3138.425,0.060
1757011948.139607,3140.494,0.060
1757011948.141676,3142.564,0.060
1757011948.143747,3144.634,0.060
1757011948.145817,3146.704,0.060
1757011948.147886,3148.773,0.060
1757011948.149955,3150.843,0.060
1757011948.152025,3152.912,0.060
1757011948.154094,3154.981,0.060
1757011948.156163,3157.050,0.060
1757011948.158232,3159.120,0.060
1757011948.160299,3161.187,0.060
1757011948.162369,3163.256,0.060
1757011948.164435,3165.323,0.060
1757011948.166505,3167.392,0.060
1757011948.168573,3169.460,0.060
1757011948.170642,3171.529,0.060
1757011948.172711,3173.598,0.060
1757011948.174780,3175.667,0.060
1757011948.176848,3177.735,0.060
1757011948.178917,3179.804,0.060
1757011948.180986,3181.873,0.060
1757011948.183055,3183.942,0.060
1757011948.185123,3186.010,0.060
1757011948.187192,3188.079,0.060
1757011948.189260,3190.148,0.060
1757011948.191330,3192.217,0.060
1757011948.193401,3194.288,0.060
1757011948.195470,3196.358,0.060
1757011948.197539,3198.427,0.060
1757011948.199608,3200.495,0.060
1757011948.201677,3202.565,0.060
1757011948.203747,3204.634,0.060
1757011948.205815,3206.702,0.060
1757011948.207885,3208.773,0.060
1757011948.209955,3210.842,0.060
1757011948.212021,3212.908,0.060
1757011948.214091,3214.978,0.060
1757011948.216160,3217.047,0.060
1757011948.218230,3219.117,0.060
1757011948.220297,3221.184,0.060
1757011948.222366,3223.253,0.060
1757011948.224435,3225.322,0.060
1757011948.226504,3227.391,0.060
1757011948.228571,3229.459,0.060
1757011948.230640,3231.528,0.060
1757011948.232710,3233.598,0.060
1757011948.234780,3235.667,0.060
1757011948.236847,3237.734,0.060
1757011948.238915,3239.803,0.060
1757011948.240985,3241.873,0.060
1757011948.243055,3243.942,0.060
1757011948.245124,3246.011,0.060
1757011948.247194,3248.081,0.060
1757011948.249263,3250.150,0.060
1757011948.251331,3252.219,0.060
1757011948.253402,3254.289,0.060
1757011948.255471,3256.358,0.060
1757011948.257539,3258.427,0.060
1757011948.259608,3260.496,0.060
1757011948.261677,3262.564,0.060
1757011948.263746,3264.634,0.060
1757011948.265815,3266.703,0.060
1757011948.267884,3268.771,0.060
1757011948.269953,3270.840,0.060
1757011948.272026,3272.914,0.060
1757011948.274096,3274.983,0.060
1757011948.276165,3277.052,0.060
1757011948.278234,3279.121,0.060
1757011948.280302,3281.189,0.060
1757011948.282380,3283.267,0.060
1757011948.284449,3285.336,0.060
1757011948.286519,3287.406,0.060
1757011948.288586,3289.473,0.060
1757011948.290656,3291.543,0.060
1757011948.292724,3293.611,0.060
1757011948.294793,3295.680,0.060
1757011948.296860,3297.747,0.060
1757011948.298929,3299.816,0.060
1757011948.300997,3301.884,0.060
1757011948.303068,3303.955,0.060
1757011948.305142,3306.030,0.060
1757011948.307212,3308.100,0.060
1757011948.309281,3310.169,0.060
1757011948.311350,3312.238,0.060
1757011948.313426,3314.314,0.060
1757011948.315495,3316.383,0.060
1757011948.317564,3318.452,0.060
1757011948.319634,3320.521,0.060
1757011948.321703,3322.590,0.060
1757011948.323772,3324.659,0.060
1757011948.325840,3326.728,0.060
1757011948.327909,3328.797,0.060
1757011948.329980,3330.868,0.060
1757011948.332027,3332.915,0.060
1757011948.334097,3334.985,0.060
1757011948.336166,3337.054,0.060
1757011948.338236,3339.123,0.060
1757011948.340303,3341.190,0.060
1757011948.342371,3343.259,0.060
1757011948.344440,3345.328,0.060
1757011948.346510,3347.398,0.060
1757011948.348578,3349.465,0.060
1757011948.350647,3351.534,0.060
1757011948.352716,3353.603,0.060
1757011948.354785,3355.672,0.060
1757011948.356853,3357.741,0.060
1757011948.358923,3359.811,0.060
1757011948.360992,3361.880,0.060
1757011948.363062,3363.949,0.060
1757011948.365135,3366.023,0.060
1757011948.367205,3368.092,0.060
1757011948.369275,3370.162,0.060
1757011948.371345,3372.232,0.060
1757011948.373415,3374.302,0.060
1757011948.375484,3376.371,0.060
1757011948.377555,3378.442,0.060
1757011948.379624,3380.512,0.060
1757011948.381694,3382.581,0.060
1757011948.383763,3384.650,0.060
1757011948.385833,3386.720,0.060
1757011948.387902,3388.790,0.060
1757011948.389971,3390.859,0.060
1757011948.392028,3392.915,0.060
1757011948.394097,3394.984,0.060
1757011948.396165,3397.052,0.060
1757011948.398235,3399.122,0.060
1757011948.400303,3401.190,0.060
1757011948.402371,3403.259,0.060
1757011948.404439,3405.326,0.060
1757011948.406509,3407.396,0.060
1757011948.408578,3409.466,0.060
1757011948.410648,3411.535,0.060
1757011948.412717,3413.604,0.060
1757011948.414786,3415.673,0.060
1757011948.416855,3417.742,0.060
1757011948.418925,3419.812,0.060
1757011948.420993,3421.881,0.060
1757011948.423063,3423.950,0.060
1757011948.425131,3426.018,0.060
1757011948.427200,3428.087,0.060
1757011948.429267,3430.155,0.060
1757011948.431336,3432.224,0.060
1757011948.433405,3434.292,0.060
1757011948.435474,3436.361,0.060
1757011948.437544,3438.431,0.060
1757011948.439613,3440.500,0.060
1757011948.441682,3442.569,0.060
1757011948.443751,3444.639,0.060
1757011948.445821,3446.709,0.060
1757011948.447891,3448.778,0.060
1757011948.449960,3450.847,0.060
1757011948.452023,3452.911,0.060
1757011948.454092,3454.980,0.060
1757011948.456161,3457.049,0.060
1757011948.458230,3459.118,0.060
1757011948.460298,3461.185,0.060
1757011948.462367,3463.255,0.060
1757011948.464435,3465.322,0.060
1757011948.466503,3467.391,0.060
1757011948.468571,3469.459,0.060
1757011948.470641,3471.528,0.060
1757011948.472711,3473.598,0.060
1757011948.474781,3475.668,0.060
1757011948.476848,3477.736,0.060
1757011948.478917,3479.805,0.060
1757011948.480986,3481.874,0.060
1757011948.483055,3483.943,0.060
1757011948.485124,3486.011,0.060
1757011948.487192,3488.080,0.060
1757011948.489261,3490.149,0.060
1757011948.491331,3492.218,0.060
1757011948.493401,3494.288,0.060
1757011948.495469,3496.356,0.060
1757011948.497538,3498.425,0.060
1757011948.499608,3500.495,0.060
1757011948.501699,3502.586,0.060
1757011948.503772,3504.659,0.060
1757011948.505841,3506.729,0.060
1757011948.507911,3508.798,0.060
1757011948.509980,3510.867,0.060
1757011948.512026,3512.913,0.060
1757011948.514096,3514.984,0.060
1757011948.516166,3517.054,0.060
1757011948.518236,3519.123,0.060
1757011948.520303,3521.190,0.060
1757011948.522372,3523.259,0.060
1757011948.524442,3525.329,0.060
1757011948.526512,3527.399,0.060
1757011948.528579,3529.467,0.060
1757011948.530648,3531.536,0.060
1757011948.532719,3533.606,0.060
1757011948.534788,3535.676,0.060
1757011948.536857,3537.744,0.060
1757011948.538925,3539.813,0.060
1757011948.540994,3541.882,0.060
1757011948.543064,3543.952,0.060
1757011948.545134,3546.021,0.060
1757011948.547203,3548.090,0.060
1757011948.549272,3550.159,0.060
1757011948.551341,3552.228,0.060
1757011948.553414,3554.301,0.060
1757011948.555499,3556.386,0.060
1757011948.557581,3558.468,0.060
1757011948.560371,3561.259,0.060
1757011948.562455,3563.343,0.060
1757011948.564536,3565.424,0.060
1757011948.566607,3567.494,0.060
1757011948.568677,3569.564,0.060
1757011948.570746,3571.633,0.060
1757011948.572813,3573.700,0.060
1757011948.574881,3575.769,0.060
1757011948.576948,3577.835,0.060
1757011948.579016,3579.903,0.060
1757011948.581084,3581.971,0.060
1757011948.583152,3584.039,0.060
1757011948.585218,3586.106,0.060
1757011948.587286,3588.174,0.060
1757011948.589354,3590.241,0.060
1757011948.591422,3592.310,0.080
1757011948.593492,3594.379,0.080
1757011948.595560,3596.447,0.080
1757011948.597646,3598.533,0.080
1757011948.599718,3600.605,0.080
1757011948.601808,3602.695,0.080
1757011948.603885,3604.773,0.080
1757011948.605957,3606.844,0.080
1757011948.608071,3608.958,0.080
1757011948.610146,3611.033,0.080
1757011948.612217,3613.105,0.080
1757011948.614287,3615.175,0.080
1757011948.616357,3617.244,0.080
1757011948.618426,3619.314,0.080
1757011948.620492,3621.379,0.080
1757011948.622561,3623.448,0.080
1757011948.624631,3625.518,0.080
1757011948.626699,3627.587,0.080
1757011948.628767,3629.654,0.080
1757011948.630836,3631.724,0.080
1757011948.632904,3633.792,0.080
1757011948.634973,3635.860,0.080
1757011948.637045,3637.933,0.080
1757011948.639114,3640.002,0.080
1757011948.641183,3642.071,0.080
1757011948.643251,3644.139,0.080
1757011948.645320,3646.207,0.080
1757011948.647389,3648.277,0.080
1757011948.649458,3650.346,0.080
1757011948.651528,3652.415,0.080
1757011948.653605,3654.493,0.080
1757011948.655675,3656.563,0.080
1757011948.657744,3658.632,0.080
1757011948.659813,3660.700,0.080
1757011948.661882,3662.770,0.080
1757011948.663951,3664.839,0.080
1757011948.666021,3666.908,0.080
1757011948.668088,3668.976,0.080
1757011948.670158,3671.045,0.080
1757011948.672226,3673.113,0.080
1757011948.674294,3675.182,0.080
1757011948.676361,3677.248,0.080
1757011948.678430,3679.317,0.080
1757011948.680499,3681.387,0.080
1757011948.682569,3683.456,0.080
1757011948.684636,3685.524,0.080
1757011948.686708,3687.595,0.080
1757011948.688776,3689.664,0.080
1757011948.690845,3691.733,0.080
1757011948.692915,3693.802,0.080
1757011948.694985,3695.872,0.080
1757011948.697054,3697.941,0.080
1757011948.699125,3700.013,0.080
1757011948.701194,3702.082,0.080
1757011948.703263,3704.150,0.080
1757011948.705332,3706.219,0.080
1757011948.707402,3708.289,0.080
1757011948.709473,3710.360,0.080
1757011948.711542,3712.430,0.080
1757011948.713611,3714.499,0.080
1757011948.715680,3716.568,0.080
1757011948.717752,3718.639,0.080
1757011948.719820,3720.708,0.080
1757011948.721890,3722.777,0.080
1757011948.723958,3724.845,0.080
1757011948.726027,3726.914,0.080
1757011948.728093,3728.981,0.080
1757011948.730162,3731.049,0.080
1757011948.732230,3733.118,0.080
1757011948.734300,3735.187,0.080
1757011948.736366,3737.253,0.080
1757011948.738436,3739.323,0.080
1757011948.740505,3741.392,0.080
1757011948.742573,3743.461,0.080
1757011948.744640,3745.528,0.080
1757011948.746709,3747.597,0.080
1757011948.748777,3749.665,0.080
1757011948.750849,3751.736,0.080
1757011948.752916,3753.804,0.080
1757011948.754986,3755.874,0.080
1757011948.757054,3757.941,0.080
1757011948.759123,3760.010,0.080
1757011948.761191,3762.079,0.080
1757011948.763260,3764.148,0.080
1757011948.765329,3766.217,0.080
1757011948.767398,3768.285,0.080
1757011948.769469,3770.357,0.080
1757011948.771539,3772.427,0.080
1757011948.773608,3774.495,0.080
1757011948.775678,3776.565,0.080
1757011948.777747,3778.634,0.080
1757011948.779816,3780.703,0.080
1757011948.781885,3782.773,0.080
1757011948.783955,3784.842,0.080
1757011948.786025,3786.912,0.080
1757011948.788092,3788.979,0.080
1757011948.790161,3791.049,0.080
1757011948.792230,3793.118,0.080
1757011948.794300,3795.187,0.080
1757011948.796367,3797.254,0.080
1757011948.798436,3799.323,0.080
1757011948.800505,3801.392,0.080
1757011948.802574,3803.462,0.080
1757011948.804642,3805.530,0.080
1757011948.806711,3807.599,0.080
1757011948.808780,3809.667,0.080
1757011948.810849,3811.736,0.080
1757011948.812917,3813.805,0.080
1757011948.814986,3815.874,0.080
1757011948.817055,3817.942,0.080
1757011948.819124,3820.012,0.080
1757011948.821194,3822.081,0.080
1757011948.823262,3824.149,0.080
1757011948.825330,3826.218,0.080
1757011948.827400,3828.287,0.080
1757011948.829470,3830.357,0.080
1757011948.831540,3832.427,0.080
1757011948.833609,3834.496,0.080
1757011948.835677,3836.564,0.080
1757011948.837747,3838.634,0.080
1757011948.839816,3840.703,0.080
1757011948.841885,3842.772,0.080
1757011948.843954,3844.841,0.080
1757011948.846023,3846.910,0.080
1757011948.848089,3848.976,0.080
1757011948.850158,3851.046,0.080
1757011948.852227,3853.115,0.080
1757011948.854296,3855.184,0.080
1757011948.856364,3857.251,0.080
1757011948.858433,3859.320,0.080
1757011948.860502,3861.390,0.080
1757011948.862571,3863.458,0.060
1757011948.864641,3865.528,0.060
1757011948.866710,3867.597,0.060
1757011948.868779,3869.666,0.060
1757011948.870847,3871.735,0.060
1757011948.872917,3873.805,0.060
1757011948.874986,3875.874,0.060
1757011948.877055,3877.942,0.060
1757011948.879125,3880.012,0.060
1757011948.881193,3882.081,0.060
1757011948.883263,3884.150,0.060
1757011948.885331,3886.219,0.060
1757011948.887403,3888.291,0.060
1757011948.889471,3890.358,0.060
1757011948.891538,3892.425,0.060
1757011948.893606,3894.493,0.080
1757011948.895673,3896.560,0.080
1757011948.897740,3898.628,0.080
1757011948.899808,3900.696,0.080
1757011948.901875,3902.763,0.080
1757011948.903944,3904.832,0.080
1757011948.906015,3906.902,0.080
1757011948.908082,3908.969,0.080
1757011948.910152,3911.039,0.080
1757011948.912219,3913.106,0.080
1757011948.914289,3915.177,0.080
1757011948.916358,3917.246,0.080
1757011948.918428,3919.315,0.080
1757011948.920496,3921.383,0.080
1757011948.922565,3923.453,0.080
1757011948.924632,3925.520,0.080
1757011948.926702,3927.589,0.080
1757011948.928770,3929.657,0.080
1757011948.930840,3931.727,0.080
1757011948.932910,3933.797,0.080
1757011948.934979,3935.866,0.080
1757011948.937047,3937.935,0.080
1757011948.939117,3940.004,0.080
1757011948.941186,3942.073,0.080
1757011948.943255,3944.142,0.080
1757011948.945323,3946.211,0.080
1757011948.947392,3948.280,0.080
1757011948.949463,3950.350,0.080
1757011948.951532,3952.420,0.080
1757011948.953602,3954.490,0.080
1757011948.955672,3956.559,0.080
1757011948.957740,3958.628,0.080
1757011948.959809,3960.696,0.080
1757011948.961878,3962.765,0.080
1757011948.963947,3964.834,0.080
1757011948.966016,3966.903,0.080
1757011948.968082,3968.969,0.080
1757011948.970151,3971.039,0.080
1757011948.972220,3973.107,0.080
1757011948.974289,3975.176,0.080
1757011948.976357,3977.244,0.080
1757011948.978426,3979.313,0.080
1757011948.980493,3981.381,0.080
1757011948.982564,3983.452,0.080
1757011948.984634,3985.521,0.080
1757011948.986703,3987.590,0.080
1757011948.988770,3989.658,0.080
1757011948.990840,3991.727,0.080
1757011948.992909,3993.796,0.080
1757011948.994978,3995.865,0.080
1757011948.997046,3997.933,0.080
1757011948.999115,4000.002,0.080
1757011949.001185,4002.072,0.080
1757011949.003253,4004.141,0.080
1757011949.005321,4006.208,0.080
1757011949.007390,4008.277,0.080
1757011949.009462,4010.350,0.080
1757011949.011532,4012.420,0.080
1757011949.013602,4014.489,0.080
1757011949.015671,4016.559,0.080
1757011949.017740,4018.627,0.080
1757011949.019808,4020.696,0.080
1757011949.021877,4022.764,0.080
1757011949.023946,4024.833,0.080
1757011949.026016,4026.903,0.080
1757011949.028084,4028.971,0.060
1757011949.030154,4031.041,0.060
1757011949.032222,4033.109,0.060
1757011949.034291,4035.178,0.060
1757011949.036358,4037.245,0.060
1757011949.038427,4039.314,0.060
1757011949.040495,4041.383,0.060
1757011949.042564,4043.452,0.060
1757011949.044633,4045.520,0.060
1757011949.046701,4047.589,0.060
1757011949.048769,4049.656,0.060
1757011949.050838,4051.726,0.060
1757011949.052907,4053.795,0.060
1757011949.054976,4055.864,0.060
1757011949.057046,4057.933,0.060
1757011949.059115,4060.002,0.060
1757011949.061188,4062.075,0.060
1757011949.063257,4064.144,0.060
1757011949.065325,4066.212,0.060
1757011949.067394,4068.281,0.060
1757011949.069463,4070.350,0.060
1757011949.071532,4072.419,0.060
1757011949.073600,4074.487,0.060
1757011949.075667,4076.555,0.060
1757011949.077735,4078.622,0.060
1757011949.079802,4080.690,0.060
1757011949.081869,4082.757,0.080
1757011949.083938,4084.825,0.080
1757011949.086005,4086.893,0.080
1757011949.088073,4088.960,0.080
1757011949.090141,4091.028,0.080
1757011949.092210,4093.097,0.080
1757011949.094278,4095.165,0.080
1757011949.096345,4097.233,0.080
1757011949.098415,4099.302,0.080
1757011949.100484,4101.372,0.080
1757011949.102552,4103.440,0.080
1757011949.104623,4105.510,0.080
1757011949.106692,4107.579,0.080
1757011949.108762,4109.649,0.080
1757011949.110830,4111.718,0.080
1757011949.112899,4113.786,0.080
1757011949.114968,4115.855,0.080
1757011949.117037,4117.924,0.080
1757011949.119106,4119.993,0.080
1757011949.121173,4122.060,0.080
1757011949.123242,4124.129,0.080
1757011949.125310,4126.198,0.080
1757011949.127380,4128.268,0.080
1757011949.129450,4130.337,0.080
1757011949.131518,4132.406,0.080
1757011949.133587,4134.474,0.080
1757011949.135656,4136.543,0.080
1757011949.137727,4138.615,0.080
1757011949.139796,4140.683,0.080
1757011949.141866,4142.754,0.080
1757011949.143935,4144.823,0.080
1757011949.146005,4146.893,0.080
1757011949.148073,4148.960,0.080
1757011949.150142,4151.029,0.080
1757011949.152212,4153.099,0.080
1757011949.154281,4155.168,0.080
1757011949.156348,4157.236,0.080
1757011949.158418,4159.306,0.080
1757011949.160487,4161.374,0.080
1757011949.162555,4163.443,0.080
1757011949.164623,4165.511,0.080
1757011949.166692,4167.580,0.080
1757011949.168761,4169.648,0.080
1757011949.170830,4171.717,0.080
1757011949.172897,4173.784,0.080
1757011949.174966,4175.853,0.080
1757011949.177036,4177.923,0.080
1757011949.179104,4179.992,0.080
1757011949.181173,4182.060,0.080
1757011949.183242,4184.129,0.080
1757011949.185313,4186.201,0.080
1757011949.187382,4188.269,0.080
1757011949.189451,4190.338,0.080
1757011949.191520,4192.407,0.080
1757011949.193588,4194.476,0.080
1757011949.195658,4196.546,0.080
1757011949.197726,4198.614,0.080
1757011949.199795,4200.683,0.080
1757011949.201864,4202.751,0.080
1757011949.203933,4204.821,0.080
1757011949.206003,4206.890,0.080
1757011949.208071,4208.958,0.080
1757011949.210140,4211.028,0.080
1757011949.212209,4213.096,0.080
1757011949.214278,4215.165,0.080
1757011949.216345,4217.232,0.080
1757011949.218414,4219.302,0.080
1757011949.220483,4221.370,0.080
1757011949.222552,4223.439,0.080
1757011949.224619,4225.506,0.080
1757011949.226687,4227.575,0.060
1757011949.228757,4229.644,0.060
1757011949.230826,4231.714,0.060
1757011949.232894,4233.781,0.060
1757011949.234962,4235.850,0.060
1757011949.237031,4237.918,0.060
1757011949.239100,4239.987,0.060
1757011949.241168,4242.056,0.060
1757011949.243237,4244.124,0.060
1757011949.245307,4246.195,0.060
1757011949.247377,4248.264,0.060
1757011949.249446,4250.333,0.060
1757011949.251515,4252.403,0.060
1757011949.253583,4254.471,0.060
1757011949.255652,4256.540,0.060
1757011949.257721,4258.609,0.060
1757011949.259791,4260.679,0.060
1757011949.261860,4262.748,0.060
1757011949.263929,4264.816,0.060
1757011949.265998,4266.886,0.060
1757011949.268064,4268.952,0.060
1757011949.270133,4271.021,0.060
1757011949.272203,4273.090,0.060
1757011949.274272,4275.160,0.060
1757011949.276340,4277.227,0.060
1757011949.278408,4279.295,0.060
1757011949.280474,4281.362,0.060
1757011949.282544,4283.431,0.060
1757011949.284612,4285.500,0.060
1757011949.286681,4287.569,0.060
1757011949.288751,4289.639,0.060
1757011949.290820,4291.708,0.060
1757011949.292889,4293.776,0.060
1757011949.294957,4295.845,0.060
1757011949.297025,4297.913,0.060
1757011949.299094,4299.982,0.060
1757011949.301163,4302.050,0.060
1757011949.303232,4304.120,0.060
1757011949.305302,4306.189,0.060
1757011949.307372,4308.259,0.060
1757011949.309442,4310.329,0.060
1757011949.311511,4312.398,0.060
1757011949.313581,4314.468,0.060
1757011949.315649,4316.537,0.060
1757011949.317718,4318.605,0.060
1757011949.319787,4320.674,0.060
1757011949.321856,4322.743,0.060
1757011949.323925,4324.812,0.060
1757011949.325994,4326.881,0.060
1757011949.328061,4328.948,0.060
1757011949.330130,4331.017,0.060
1757011949.332199,4333.086,0.060
1757011949.334267,4335.155,0.060
1757011949.336334,4337.222,0.060
1757011949.338403,4339.290,0.060
1757011949.340472,4341.359,0.060
1757011949.342540,4343.428,0.060
1757011949.344609,4345.497,0.060
1757011949.346678,4347.566,0.060
1757011949.348748,4349.635,0.060
1757011949.350817,4351.705,0.060
1757011949.352886,4353.774,0.060
1757011949.354955,4355.843,0.060
1757011949.357027,4357.914,0.060
1757011949.359096,4359.983,0.060
1757011949.361165,4362.052,0.060
1757011949.363234,4364.121,0.060
1757011949.365303,4366.190,0.060
1757011949.367371,4368.259,0.060
1757011949.369442,4370.329,0.060
1757011949.371511,4372.398,0.060
1757011949.373580,4374.467,0.060
1757011949.375649,4376.537,0.060
1757011949.377718,4378.606,0.060
1757011949.379788,4380.675,0.060
1757011949.381857,4382.745,0.060
1757011949.383926,4384.814,0.060
1757011949.385996,4386.883,0.060
1757011949.388063,4388.951,0.060
1757011949.390133,4391.020,0.060
1757011949.392202,4393.089,0.060
1757011949.394270,4395.158,0.060
1757011949.396338,4397.225,0.060
1757011949.398407,4399.294,0.060
1757011949.400474,4401.362,0.060
1757011949.402545,4403.433,0.060
1757011949.404613,4405.501,0.060
1757011949.406683,4407.570,0.060
1757011949.408750,4409.637,0.060
1757011949.410819,4411.706,0.060
1757011949.412888,4413.776,0.060
1757011949.414957,4415.845,0.060
1757011949.417028,4417.915,0.060
1757011949.419096,4419.984,0.060
1757011949.421164,4422.051,0.060
1757011949.423234,4424.121,0.060
1757011949.425303,4426.190,0.060
1757011949.427371,4428.259,0.060
1757011949.429441,4430.329,0.060
1757011949.431510,4432.398,0.060
1757011949.433579,4434.466,0.060
1757011949.435648,4436.535,0.060
1757011949.437716,4438.604,0.060
1757011949.439786,4440.673,0.060
1757011949.441854,4442.742,0.060
1757011949.443924,4444.811,0.060
1757011949.445992,4446.880,0.060
1757011949.448025,4448.913,0.060
1757011949.450094,4450.981,0.060
1757011949.452162,4453.049,0.060
1757011949.454231,4455.118,0.060
1757011949.456298,4457.185,0.060
1757011949.458367,4459.254,0.060
1757011949.460435,4461.323,0.060
1757011949.462505,4463.392,0.060
1757011949.464573,4465.460,0.060
1757011949.466642,4467.529,0.060
1757011949.468710,4469.598,0.060
1757011949.470780,4471.667,0.060
1757011949.472846,4473.734,0.060
1757011949.474915,4475.802,0.060
1757011949.476982,4477.870,0.060
1757011949.479051,4479.938,0.060
1757011949.481118,4482.006,0.060
1757011949.483187,4484.074,0.060
1757011949.485255,4486.143,0.060
1757011949.487324,4488.211,0.060
1757011949.489391,4490.278,0.060
1757011949.491460,4492.347,0.060
1757011949.493530,4494.417,0.060
1757011949.495598,4496.486,0.060
1757011949.497666,4498.554,0.060
1757011949.499735,4500.623,0.060
1757011949.501804,4502.691,0.060
1757011949.503872,4504.759,0.060
1757011949.505943,4506.830,0.060
1757011949.508022,4508.910,0.060
1757011949.510092,4510.979,0.060
1757011949.512161,4513.048,0.060
1757011949.514231,4515.118,0.060
1757011949.516299,4517.187,0.060
1757011949.518368,4519.256,0.060
1757011949.520435,4521.322,0.060
1757011949.522504,4523.391,0.060
1757011949.524570,4525.458,0.060
1757011949.526647,4527.534,0.060
1757011949.528718,4529.606,0.060
1757011949.530788,4531.676,0.060
1757011949.532857,4533.745,0.060
1757011949.534927,4535.814,0.060
1757011949.536997,4537.884,0.060
1757011949.539067,4539.954,0.060
1757011949.541136,4542.023,0.060
1757011949.543206,4544.093,0.060
1757011949.545275,4546.163,0.060
1757011949.547344,4548.232,0.060
1757011949.549415,4550.302,0.060
1757011949.551484,4552.371,0.060
1757011949.553555,4554.443,0.060
1757011949.555624,4556.511,0.060
1757011949.557692,4558.579,0.060
1757011949.559760,4560.647,0.060
1757011949.561829,4562.716,0.060
1757011949.563897,4564.785,0.060
1757011949.565964,4566.852,0.060
1757011949.568026,4568.913,0.060
1757011949.570095,4570.982,0.060
1757011949.572163,4573.050,0.060
1757011949.574232,4575.119,0.060
1757011949.576298,4577.186,0.060
1757011949.578370,4579.257,0.060
1757011949.580439,4581.326,0.060
1757011949.582508,4583.395,0.060
1757011949.584577,4585.464,0.060
1757011949.586646,4587.534,0.060
1757011949.588716,4589.603,0.060
1757011949.590785,4591.673,0.060
1757011949.592853,4593.741,0.060
1757011949.594922,4595.809,0.060
1757011949.596991,4597.878,0.060
1757011949.599061,4599.948,0.060
1757011949.601132,4602.019,0.060
1757011949.603200,4604.087,0.060
1757011949.605268,4606.156,0.060
1757011949.607337,4608.224,0.060
1757011949.609407,4610.295,0.060
1757011949.611476,4612.364,0.060
1757011949.613547,4614.434,0.060
1757011949.615618,4616.505,0.060
1757011949.617686,4618.573,0.060
1757011949.619755,4620.642,0.060
1757011949.621825,4622.712,0.060
1757011949.623894,4624.781,0.060
1757011949.625963,4626.851,0.060
1757011949.628021,4628.909,0.060
1757011949.630091,4630.979,0.060
1757011949.632161,4633.049,0.060
1757011949.634230,4635.118,0.060
1757011949.636297,4637.184,0.060
1757011949.638366,4639.254,0.060
1757011949.640433,4641.320,0.060
1757011949.642502,4643.389,0.060
1757011949.644574,4645.461,0.060
1757011949.646643,4647.530,0.060
1757011949.648714,4649.601,0.060
1757011949.650782,4651.670,0.060
1757011949.652851,4653.738,0.060
1757011949.654920,4655.808,0.060
1757011949.656989,4657.877,0.060
1757011949.659059,4659.946,0.060
1757011949.661125,4662.013,0.060
1757011949.663194,4664.082,0.060
1757011949.665263,4666.150,0.060
1757011949.667332,4668.220,0.060
1757011949.669403,4670.290,0.060
1757011949.671472,4672.359,0.060
1757011949.673541,4674.429,0.060
1757011949.675611,4676.498,0.060
1757011949.677679,4678.566,0.060
1757011949.679749,4680.636,0.060
1757011949.681817,4682.704,0.060
1757011949.683886,4684.773,0.060
1757011949.685955,4686.842,0.060
1757011949.688027,4688.914,0.060
1757011949.690096,4690.983,0.060
1757011949.692165,4693.052,0.060
1757011949.694234,4695.122,0.060
1757011949.696301,4697.188,0.060
1757011949.698370,4699.257,0.060
1757011949.700439,4701.327,0.060
1757011949.702508,4703.395,0.060
1757011949.704575,4705.463,0.060
1757011949.706645,4707.532,0.060
1757011949.708713,4709.600,0.060
1757011949.710782,4711.669,0.060
1757011949.712849,4713.736,0.060
1757011949.714917,4715.804,0.060
1757011949.716986,4717.873,0.060
1757011949.719056,4719.943,0.060
1757011949.721124,4722.011,0.060
1757011949.723193,4724.080,0.060
1757011949.725262,4726.149,0.060
1757011949.727330,4728.218,0.060
1757011949.729399,4730.287,0.060
1757011949.731468,4732.355,0.060
1757011949.733540,4734.427,0.060
1757011949.735609,4736.497,0.060
1757011949.737678,4738.565,0.060
1757011949.739746,4740.634,0.060
1757011949.741816,4742.703,0.060
1757011949.743885,4744.772,0.060
1757011949.745953,4746.840,0.060
1757011949.748025,4748.913,0.060
1757011949.750094,4750.982,0.060
1757011949.752163,4753.050,0.060
1757011949.754232,4755.120,0.060
1757011949.756299,4757.186,0.060
1757011949.758368,4759.255,0.060
1757011949.760436,4761.324,0.060
1757011949.762505,4763.392,0.060
1757011949.764573,4765.460,0.060
1757011949.766642,4767.530,0.060
1757011949.768712,4769.599,0.060
1757011949.770782,4771.669,0.060
1757011949.772849,4773.736,0.060
1757011949.774918,4775.805,0.060
1757011949.776987,4777.874,0.060
1757011949.779056,4779.943,0.060
1757011949.781124,4782.012,0.060
1757011949.783193,4784.081,0.060
1757011949.785262,4786.150,0.060
1757011949.787331,4788.219,0.060
1757011949.789401,4790.288,0.060
1757011949.791470,4792.357,0.060
1757011949.793539,4794.426,0.060
1757011949.795608,4796.496,0.060
1757011949.797677,4798.564,0.060
1757011949.799746,4800.633,0.060
1757011949.801815,4802.702,0.060
1757011949.803884,4804.771,0.060
1757011949.805954,4806.841,0.060
1757011949.808025,4808.913,0.060
1757011949.810095,4810.982,0.060
1757011949.812164,4813.051,0.060
1757011949.814232,4815.120,0.060
1757011949.816299,4817.187,0.060
1757011949.818368,4819.255,0.060
1757011949.820435,4821.323,0.060
1757011949.822504,4823.391,0.060
1757011949.824573,4825.460,0.060
1757011949.826642,4827.530,0.060
1757011949.828708,4829.596,0.060
1757011949.830778,4831.665,0.060
1757011949.832846,4833.734,0.060
1757011949.834915,4835.803,0.060
1757011949.836984,4837.871,0.060
1757011949.839053,4839.940,0.060
1757011949.841121,4842.008,0.060
1757011949.843190,4844.077,0.060
1757011949.845258,4846.145,0.060
1757011949.847326,4848.214,0.060
1757011949.849394,4850.281,0.060
1757011949.851463,4852.351,0.060
1757011949.853533,4854.420,0.060
1757011949.855602,4856.489,0.060
1757011949.857671,4858.559,0.060
1757011949.859740,4860.628,0.060
1757011949.861810,4862.697,0.060
1757011949.863879,4864.767,0.060
1757011949.865948,4866.836,0.060
1757011949.868028,4868.915,0.060
1757011949.870097,4870.984,0.060
1757011949.872166,4873.053,0.060
1757011949.874235,4875.122,0.060
1757011949.876301,4877.188,0.060
1757011949.878370,4879.257,0.060
1757011949.880437,4881.324,0.060
1757011949.882505,4883.393,0.060
1757011949.884572,4885.459,0.060
1757011949.886642,4887.529,0.060
1757011949.888710,4889.598,0.060
1757011949.890780,4891.667,0.060
1757011949.892848,4893.735,0.060
1757011949.894917,4895.804,0.060
1757011949.896987,4897.874,0.060
1757011949.899056,4899.943,0.060
1757011949.901124,4902.012,0.060
1757011949.903193,4904.080,0.060
1757011949.905261,4906.149,0.060
1757011949.907331,4908.218,0.060
1757011949.909401,4910.289,0.060
1757011949.911471,4912.358,0.060
1757011949.913539,4914.427,0.060
1757011949.915609,4916.496,0.060
1757011949.917678,4918.566,0.060
1757011949.919747,4920.634,0.060
1757011949.921815,4922.703,0.060
1757011949.923884,4924.771,0.060
1757011949.925952,4926.840,0.060
1757011949.928018,4928.905,0.060
1757011949.930086,4930.973,0.060
1757011949.932153,4933.040,0.060
1757011949.934221,4935.108,0.060
1757011949.936288,4937.175,0.060
1757011949.938356,4939.243,0.060
1757011949.940423,4941.310,0.060
1757011949.942492,4943.379,0.060
1757011949.944561,4945.448,0.060
1757011949.946630,4947.517,0.060
1757011949.948698,4949.585,0.060
1757011949.950767,4951.654,0.060
1757011949.952834,4953.721,0.060
1757011949.954902,4955.790,0.060
1757011949.956970,4957.858,0.060
1757011949.959039,4959.926,0.060
1757011949.961112,4962.000,0.060
1757011949.963182,4964.069,0.060
1757011949.965250,4966.137,0.060
1757011949.967319,4968.206,0.060
1757011949.969388,4970.275,0.060
1757011949.971457,4972.344,0.060
1757011949.973526,4974.413,0.060
1757011949.975595,4976.482,0.060
1757011949.977664,4978.552,0.060
1757011949.979733,4980.620,0.060
1757011949.981802,4982.689,0.060
1757011949.983871,4984.758,0.060
1757011949.985939,4986.826,0.060
1757011949.988019,4988.906,0.060
1757011949.990088,4990.975,0.060
1757011949.992154,4993.041,0.060
1757011949.994223,4995.110,0.060
1757011949.996291,4997.178,0.060
1757011949.998359,4999.247,0.060
1757011950.000426,5001.313,0.060
1757011950.002496,5003.383,0.060
1757011950.004566,5005.454,0.060
1757011950.006636,5007.523,0.060
1757011950.008704,5009.592,0.060
1757011950.010773,5011.661,0.060
1757011950.012842,5013.730,0.060
1757011950.014911,5015.799,0.060
1757011950.016981,5017.868,0.060
1757011950.019049,5019.937,0.060
1757011950.021120,5022.007,0.060
1757011950.023189,5024.076,0.060
1757011950.025258,5026.145,0.060
1757011950.027327,5028.215,0.060
1757011950.029398,5030.285,0.060
1757011950.031466,5032.354,0.060
1757011950.033535,5034.422,0.060
1757011950.035602,5036.490,0.060
1757011950.037670,5038.558,0.060
1757011950.039740,5040.627,0.060
1757011950.041809,5042.696,0.060
1757011950.043878,5044.765,0.060
1757011950.045947,5046.834,0.060
1757011950.048029,5048.916,0.060
1757011950.050098,5050.985,0.060
1757011950.052167,5053.054,0.060
1757011950.054236,5055.123,0.060
1757011950.056303,5057.190,0.060
1757011950.058374,5059.261,0.060
1757011950.060442,5061.330,0.060
1757011950.062510,5063.398,0.060
1757011950.064578,5065.466,0.060
1757011950.066647,5067.534,0.060
1757011950.068716,5069.603,0.060
1757011950.070785,5071.672,0.060
1757011950.072853,5073.740,0.060
1757011950.074921,5075.808,0.060
1757011950.076988,5077.876,0.060
1757011950.079058,5079.945,0.060
1757011950.081126,5082.013,0.060
1757011950.083195,5084.083,0.060
1757011950.085264,5086.151,0.060
1757011950.087332,5088.220,0.060
1757011950.089401,5090.289,0.060
1757011950.091469,5092.357,0.060
1757011950.093538,5094.426,0.060
1757011950.095608,5096.495,0.060
1757011950.097676,5098.564,0.060
1757011950.099745,5100.633,0.060
1757011950.101814,5102.702,0.060
1757011950.103884,5104.771,0.060
1757011950.105953,5106.840,0.060
1757011950.108027,5108.915,0.060
1757011950.110097,5110.984,0.060
1757011950.112165,5113.053,0.060
1757011950.114234,5115.122,0.060
1757011950.116301,5117.189,0.060
1757011950.118370,5119.257,0.060
1757011950.120749,5121.637,0.060
1757011950.122813,5123.701,0.060
1757011950.124872,5125.760,0.060
1757011950.126936,5127.823,0.060
1757011950.128999,5129.886,0.060
1757011950.131056,5131.944,0.060
1757011950.133115,5134.002,0.060
1757011950.135188,5136.075,0.060
1757011950.137249,5138.136,0.060
1757011950.139308,5140.195,0.060
1757011950.141366,5142.254,0.060
1757011950.143424,5144.311,0.060
1757011950.145483,5146.371,0.060
1757011950.147541,5148.428,0.060
1757011950.149598,5150.486,0.060
1757011950.151655,5152.543,0.060
1757011950.153713,5154.601,0.060
1757011950.155771,5156.658,0.080
1757011950.157829,5158.716,0.080
1757011950.159886,5160.774,0.080
1757011950.161948,5162.836,0.080
1757011950.164089,5164.977,0.080
1757011950.166150,5167.037,0.080
1757011950.168209,5169.096,0.080
1757011950.170268,5171.155,0.080
1757011950.172358,5173.245,0.080
1757011950.174418,5175.306,0.080
1757011950.176478,5177.365,0.080
1757011950.178539,5179.427,0.080
1757011950.180599,5181.486,0.080
1757011950.182656,5183.543,0.080
1757011950.184714,5185.602,0.080
1757011950.186774,5187.662,0.080
1757011950.188835,5189.722,0.080
1757011950.190895,5191.782,0.080
1757011950.192955,5193.842,0.080
1757011950.195016,5195.904,0.080
1757011950.197078,5197.965,0.080
1757011950.199139,5200.026,0.080
1757011950.201200,5202.087,0.080
1757011950.203262,5204.149,0.080
1757011950.205324,5206.211,0.080
1757011950.207386,5208.273,0.080
1757011950.209448,5210.336,0.080
1757011950.211513,5212.400,0.080
1757011950.213579,5214.466,0.080
1757011950.215644,5216.531,0.080
1757011950.217710,5218.598,0.080
1757011950.219778,5220.665,0.080
1757011950.221846,5222.734,0.080
1757011950.223913,5224.800,0.080
1757011950.225980,5226.867,0.080
1757011950.228018,5228.906,0.080
1757011950.230088,5230.976,0.080
1757011950.232157,5233.044,0.080
1757011950.234225,5235.112,0.080
1757011950.236297,5237.184,0.080
1757011950.238368,5239.255,0.080
1757011950.240438,5241.325,0.080
1757011950.242508,5243.395,0.080
1757011950.244575,5245.462,0.080
1757011950.246645,5247.532,0.080
1757011950.248717,5249.605,0.080
1757011950.250786,5251.674,0.080
1757011950.252856,5253.743,0.080
1757011950.254925,5255.812,0.080
1757011950.256994,5257.882,0.080
1757011950.259064,5259.951,0.080
1757011950.261132,5262.019,0.080
1757011950.263201,5264.089,0.080
1757011950.265270,5266.157,0.080
1757011950.267338,5268.225,0.080
1757011950.269417,5270.304,0.080
1757011950.271487,5272.374,0.080
1757011950.273556,5274.443,0.080
1757011950.275624,5276.511,0.080
1757011950.277694,5278.581,0.080
1757011950.279763,5280.650,0.080
1757011950.281832,5282.720,0.080
1757011950.283901,5284.789,0.080
1757011950.285970,5286.858,0.080
1757011950.288022,5288.910,0.080
1757011950.290091,5290.979,0.080
1757011950.292161,5293.048,0.080
1757011950.294229,5295.116,0.080
1757011950.296295,5297.183,0.080
1757011950.298364,5299.252,0.080
1757011950.300433,5301.321,0.080
1757011950.302502,5303.390,0.080
1757011950.304569,5305.457,0.080
1757011950.306638,5307.526,0.080
1757011950.308707,5309.594,0.080
1757011950.310776,5311.664,0.080
1757011950.312845,5313.733,0.080
1757011950.314916,5315.803,0.080
1757011950.316984,5317.871,0.080
1757011950.319053,5319.940,0.080
1757011950.321120,5322.007,0.080
1757011950.323189,5324.077,0.080
1757011950.325259,5326.146,0.080
1757011950.327329,5328.216,0.080
1757011950.329412,5330.299,0.080
1757011950.331480,5332.367,0.080
1757011950.333549,5334.437,0.080
1757011950.335618,5336.506,0.080
1757011950.337687,5338.575,0.080
1757011950.339757,5340.644,0.080
1757011950.341827,5342.714,0.080
1757011950.343898,5344.785,0.080
1757011950.345968,5346.856,0.080
1757011950.348025,5348.912,0.080
1757011950.350094,5350.981,0.080
1757011950.352163,5353.050,0.080
1757011950.354233,5355.120,0.080
1757011950.356300,5357.187,0.080
1757011950.358369,5359.257,0.080
1757011950.360439,5361.326,0.080
1757011950.362508,5363.395,0.080
1757011950.364576,5365.464,0.080
1757011950.366645,5367.532,0.080
1757011950.368713,5369.600,0.080
1757011950.370782,5371.670,0.080
1757011950.372850,5373.737,0.080
1757011950.374918,5375.805,0.080
1757011950.376987,5377.874,0.080
1757011950.379056,5379.943,0.080
1757011950.381124,5382.011,0.080
1757011950.383193,5384.080,0.080
1757011950.385262,5386.149,0.080
1757011950.387331,5388.218,0.080
1757011950.389399,5390.287,0.080
1757011950.391469,5392.356,0.080
1757011950.393543,5394.430,0.080
1757011950.395614,5396.502,0.080
1757011950.397683,5398.570,0.080
1757011950.399752,5400.639,0.080
1757011950.401820,5402.708,0.080
1757011950.403890,5404.777,0.080
1757011950.405959,5406.846,0.080
1757011950.408027,5408.914,0.080
1757011950.410096,5410.983,0.080
1757011950.412165,5413.052,0.080
1757011950.414234,5415.122,0.080
1757011950.416301,5417.188,0.080
1757011950.418370,5419.258,0.080
1757011950.420439,5421.327,0.080
1757011950.422509,5423.396,0.080
1757011950.424579,5425.466,0.080
1757011950.426649,5427.536,0.080
1757011950.428718,5429.605,0.080
1757011950.430787,5431.674,0.080
1757011950.432854,5433.742,0.080
1757011950.434923,5435.811,0.080
1757011950.436992,5437.880,0.080
1757011950.439063,5439.950,0.080
1757011950.441131,5442.019,0.080
1757011950.443201,5444.088,0.080
1757011950.445270,5446.158,0.080
1757011950.447340,5448.227,0.080
1757011950.449410,5450.298,0.080
1757011950.451479,5452.367,0.080
1757011950.453549,5454.437,0.080
1757011950.455618,5456.506,0.080
1757011950.457687,5458.575,0.080
1757011950.459757,5460.644,0.080
1757011950.461827,5462.714,0.080
1757011950.463896,5464.783,0.080
1757011950.465964,5466.852,0.080
1757011950.468026,5468.913,0.060
1757011950.470095,5470.983,0.060
1757011950.472165,5473.053,0.060
1757011950.474235,5475.123,0.060
1757011950.476303,5477.191,0.060
1757011950.478372,5479.259,0.060
1757011950.480441,5481.328,0.060
1757011950.482511,5483.398,0.060
1757011950.484579,5485.466,0.060
1757011950.486648,5487.535,0.060
1757011950.488716,5489.604,0.060
1757011950.490786,5491.673,0.060
1757011950.492853,5493.740,0.060
1757011950.494923,5495.810,0.060
1757011950.496992,5497.879,0.060
1757011950.499063,5499.951,0.060
1757011950.501135,5502.022,0.060
1757011950.503204,5504.092,0.060
1757011950.505274,5506.162,0.060
1757011950.507344,5508.231,0.060
1757011950.509412,5510.300,0.060
1757011950.511482,5512.369,0.060
1757011950.513551,5514.439,0.060
1757011950.515620,5516.507,0.060
1757011950.517689,5518.576,0.060
1757011950.519758,5520.645,0.060
1757011950.521827,5522.715,0.060
1757011950.523896,5524.783,0.060
1757011950.525965,5526.853,0.060
1757011950.528031,5528.918,0.060
1757011950.530103,5530.991,0.060
1757011950.532172,5533.060,0.060
1757011950.534243,5535.130,0.060
1757011950.536310,5537.198,0.060
1757011950.538380,5539.268,0.060
1757011950.540448,5541.336,0.060
1757011950.542518,5543.405,0.060
1757011950.544585,5545.473,0.060
1757011950.546655,5547.542,0.060
1757011950.548726,5549.613,0.060
1757011950.550802,5551.689,0.060
1757011950.552874,5553.761,0.060
1757011950.554942,5555.830,0.060
1757011950.557011,5557.898,0.060
1757011950.559079,5559.967,0.060
1757011950.561148,5562.036,0.060
1757011950.563224,5564.112,0.060
1757011950.565293,5566.180,0.060
1757011950.567362,5568.249,0.060
1757011950.569432,5570.319,0.060
1757011950.571501,5572.388,0.060
1757011950.573570,5574.457,0.060
1757011950.575639,5576.526,0.060
1757011950.577707,5578.594,0.060
1757011950.579776,5580.663,0.060
1757011950.581845,5582.732,0.060
1757011950.583914,5584.801,0.060
1757011950.585983,5586.871,0.060
1757011950.588027,5588.915,0.060
1757011950.590097,5590.984,0.060
1757011950.592166,5593.053,0.060
1757011950.594235,5595.123,0.060
1757011950.596302,5597.189,0.060
1757011950.598372,5599.259,0.060
1757011950.600440,5601.327,0.060
1757011950.602508,5603.396,0.060
1757011950.604578,5605.465,0.060
1757011950.606647,5607.534,0.060
1757011950.608716,5609.603,0.060
1757011950.610785,5611.672,0.060
1757011950.612854,5613.741,0.060
1757011950.614922,5615.810,0.060
1757011950.616992,5617.879,0.060
1757011950.619061,5619.949,0.060
1757011950.621130,5622.018,0.060
1757011950.623199,5624.087,0.060
1757011950.625268,5626.155,0.060
1757011950.627337,5628.225,0.060
1757011950.629408,5630.295,0.060
1757011950.631476,5632.364,0.060
1757011950.633545,5634.433,0.060
1757011950.635614,5636.502,0.060
1757011950.637685,5638.572,0.060
1757011950.639754,5640.641,0.060
1757011950.641824,5642.712,0.060
1757011950.643895,5644.782,0.060
1757011950.645965,5646.852,0.060
1757011950.648022,5648.909,0.060
1757011950.650091,5650.978,0.060
1757011950.652160,5653.047,0.060
1757011950.654229,5655.117,0.060
1757011950.656297,5657.184,0.060
1757011950.658365,5659.253,0.060
1757011950.660434,5661.322,0.060
1757011950.662503,5663.391,0.060
1757011950.664572,5665.460,0.060
1757011950.666641,5667.529,0.060
1757011950.668710,5669.597,0.060
1757011950.670786,5671.674,0.060
1757011950.672855,5673.742,0.060
1757011950.674924,5675.811,0.060
1757011950.676994,5677.881,0.060
1757011950.679062,5679.950,0.060
1757011950.681132,5682.020,0.060
1757011950.683202,5684.089,0.060
1757011950.685273,5686.161,0.060
1757011950.687343,5688.230,0.060
1757011950.689412,5690.300,0.060
1757011950.691481,5692.369,0.060
1757011950.693551,5694.439,0.060
1757011950.695621,5696.508,0.060
1757011950.697690,5698.578,0.060
1757011950.699760,5700.647,0.060
1757011950.701829,5702.717,0.060
1757011950.703899,5704.786,0.060
1757011950.705969,5706.856,0.060
1757011950.708028,5708.916,0.060
1757011950.710098,5710.985,0.060
1757011950.712166,5713.053,0.060
1757011950.714235,5715.122,0.060
1757011950.716302,5717.190,0.060
1757011950.718372,5719.259,0.060
1757011950.720440,5721.328,0.060
1757011950.722510,5723.397,0.060
1757011950.724578,5725.466,0.060
1757011950.726647,5727.535,0.060
1757011950.728718,5729.605,0.060
1757011950.730789,5731.677,0.060
1757011950.732857,5733.744,0.060
1757011950.734926,5735.813,0.060
1757011950.736995,5737.883,0.060
1757011950.739065,5739.952,0.060
1757011950.741133,5742.020,0.060
1757011950.743202,5744.090,0.060
1757011950.745270,5746.158,0.060
1757011950.747340,5748.227,0.060
1757011950.749412,5750.300,0.060
1757011950.751481,5752.368,0.060
1757011950.753551,5754.438,0.060
1757011950.755620,5756.508,0.060
1757011950.757689,5758.576,0.060
1757011950.759758,5760.645,0.060
1757011950.761828,5762.715,0.060
1757011950.763898,5764.785,0.060
1757011950.765968,5766.855,0.060
1757011950.768028,5768.915,0.060
1757011950.770098,5770.985,0.060
1757011950.772166,5773.053,0.060
1757011950.774234,5775.122,0.060
1757011950.776303,5777.190,0.060
1757011950.778373,5779.260,0.060
1757011950.780441,5781.328,0.060
1757011950.782509,5783.396,0.060
1757011950.784577,5785.465,0.060
1757011950.786646,5787.534,0.060
1757011950.788715,5789.603,0.060
1757011950.790785,5791.672,0.060
1757011950.792852,5793.739,0.060
1757011950.794921,5795.808,0.060
1757011950.796989,5797.876,0.060
1757011950.799059,5799.946,0.060
1757011950.801127,5802.015,0.060
1757011950.803197,5804.085,0.060
1757011950.805267,5806.154,0.060
1757011950.807336,5808.223,0.060
1757011950.809412,5810.299,0.060
1757011950.811482,5812.369,0.060
1757011950.813551,5814.439,0.060
1757011950.815620,5816.508,0.060
1757011950.817689,5818.577,0.060
1757011950.819759,5820.646,0.060
1757011950.821827,5822.715,0.060
1757011950.823896,5824.784,0.060
1757011950.825965,5826.852,0.060
1757011950.828027,5828.914,0.060
1757011950.830096,5830.984,0.060
1757011950.832165,5833.052,0.060
1757011950.834234,5835.121,0.060
1757011950.836301,5837.189,0.060
1757011950.838371,5839.258,0.060
1757011950.840436,5841.324,0.060
1757011950.842506,5843.393,0.060
1757011950.844572,5845.460,0.060
1757011950.846641,5847.529,0.060
1757011950.848709,5849.597,0.060
1757011950.850778,5851.665,0.060
1757011950.852850,5853.738,0.060
1757011950.854920,5855.808,0.060
1757011950.856989,5857.876,0.060
1757011950.859058,5859.945,0.060
1757011950.861126,5862.014,0.060
1757011950.863195,5864.083,0.060
1757011950.865266,5866.153,0.060
1757011950.867335,5868.222,0.060
1757011950.869404,5870.291,0.060
1757011950.871472,5872.360,0.060
1757011950.873541,5874.429,0.060
1757011950.875610,5876.497,0.060
1757011950.877679,5878.566,0.060
1757011950.879748,5880.635,0.060
1757011950.881817,5882.705,0.060
1757011950.883886,5884.773,0.060
1757011950.885956,5886.843,0.060
1757011950.888023,5888.910,0.060
1757011950.890093,5890.980,0.060
1757011950.892162,5893.049,0.060
1757011950.894231,5895.118,0.060
1757011950.896298,5897.185,0.060
1757011950.898367,5899.254,0.060
1757011950.900434,5901.322,0.060
1757011950.902503,5903.391,0.060
1757011950.904573,5905.460,0.060
1757011950.906642,5907.530,0.060
1757011950.908711,5909.599,0.060
1757011950.910780,5911.668,0.060
1757011950.912849,5913.737,0.060
1757011950.914918,5915.806,0.060
1757011950.916989,5917.876,0.060
1757011950.919058,5919.945,0.060
1757011950.921129,5922.017,0.060
1757011950.923198,5924.085,0.060
1757011950.925266,5926.153,0.060
1757011950.927335,5928.223,0.060
1757011950.929406,5930.293,0.060
1757011950.931475,5932.362,0.060
1757011950.933545,5934.432,0.060
1757011950.935614,5936.502,0.060
1757011950.937683,5938.570,0.060
1757011950.939752,5940.640,0.060
1757011950.941822,5942.709,0.060
1757011950.943890,5944.778,0.060
1757011950.945960,5946.847,0.060
1757011950.948026,5948.914,0.060
1757011950.950095,5950.983,0.060
1757011950.952164,5953.051,0.060
1757011950.954234,5955.121,0.060
1757011950.956301,5957.188,0.060
1757011950.958369,5959.257,0.060
1757011950.960436,5961.323,0.060
1757011950.962505,5963.392,0.060
1757011950.964573,5965.461,0.060
1757011950.966643,5967.530,0.060
1757011950.968720,5969.607,0.060
1757011950.970789,5971.676,0.060
1757011950.972858,5973.746,0.060
1757011950.974928,5975.815,0.060
1757011950.976996,5977.884,0.060
1757011950.979066,5979.953,0.060
1757011950.981135,5982.022,0.060
1757011950.983205,5984.092,0.060
1757011950.985276,5986.163,0.060
1757011950.987345,5988.232,0.060
1757011950.989415,5990.303,0.060
1757011950.991485,5992.373,0.060
1757011950.993555,5994.442,0.060
1757011950.995626,5996.513,0.060
1757011950.997695,5998.583,0.060
1757011950.999765,6000.653,0.060
1757011951.001834,6002.722,0.060
1757011951.003904,6004.791,0.060
1757011951.005974,6006.861,0.060
1757011951.008020,6008.908,0.060
1757011951.010089,6010.977,0.060
1757011951.012157,6013.044,0.060
1757011951.014226,6015.113,0.060
1757011951.016293,6017.180,0.060
1757011951.018362,6019.249,0.060
1757011951.020434,6021.321,0.060
1757011951.022503,6023.391,0.060
1757011951.024571,6025.459,0.060
1757011951.026640,6027.528,0.060
1757011951.028709,6029.597,0.060
1757011951.030778,6031.666,0.060
1757011951.032849,6033.736,0.060
1757011951.034918,6035.806,0.060
1757011951.036987,6037.874,0.060
1757011951.039056,6039.943,0.060
1757011951.041124,6042.011,0.060
1757011951.043193,6044.080,0.060
1757011951.045264,6046.152,0.060
1757011951.047333,6048.220,0.060
1757011951.049406,6050.293,0.060
1757011951.051476,6052.363,0.060
1757011951.053546,6054.433,0.060
1757011951.055619,6056.506,0.060
1757011951.057688,6058.576,0.060
1757011951.059758,6060.645,0.060
1757011951.061826,6062.714,0.060
1757011951.063895,6064.783,0.060
1757011951.065965,6066.852,0.060
1757011951.068025,6068.913,0.060
1757011951.070094,6070.982,0.060
1757011951.072164,6073.051,0.060
1757011951.074233,6075.120,0.060
1757011951.076300,6077.187,0.060
1757011951.078369,6079.257,0.060
1757011951.080440,6081.327,0.060
1757011951.082509,6083.396,0.060
1757011951.084575,6085.463,0.060
1757011951.086644,6087.532,0.060
1757011951.088715,6089.602,0.060
1757011951.090783,6091.671,0.060
1757011951.092850,6093.738,0.060
1757011951.094919,6095.806,0.060
1757011951.096988,6097.875,0.060
1757011951.099057,6099.944,0.060
1757011951.101125,6102.013,0.060
1757011951.103195,6104.082,0.060
1757011951.105264,6106.151,0.060
1757011951.107333,6108.220,0.060
1757011951.109406,6110.294,0.060
1757011951.111476,6112.363,0.060
1757011951.113545,6114.433,0.060
1757011951.115614,6116.502,0.060
1757011951.117684,6118.571,0.060
1757011951.119753,6120.641,0.060
1757011951.121825,6122.712,0.060
1757011951.123893,6124.781,0.060
1757011951.125963,6126.850,0.060
1757011951.128018,6128.906,0.060
1757011951.130088,6130.975,0.060
1757011951.132157,6133.044,0.060
1757011951.134226,6135.113,0.060
1757011951.136294,6137.181,0.060
1757011951.138363,6139.251,0.060
1757011951.140431,6141.318,0.060
1757011951.142499,6143.386,0.060
1757011951.144566,6145.453,0.060
1757011951.146636,6147.524,0.060
1757011951.148705,6149.593,0.060
1757011951.150773,6151.661,0.060
1757011951.152841,6153.728,0.060
1757011951.154911,6155.798,0.060
1757011951.156980,6157.867,0.060
1757011951.159050,6159.937,0.060
1757011951.161119,6162.006,0.060
1757011951.163189,6164.077,0.060
1757011951.165258,6166.146,0.060
1757011951.167329,6168.216,0.060
1757011951.169398,6170.286,0.060
1757011951.171468,6172.355,0.060
1757011951.173537,6174.424,0.060
1757011951.175606,6176.494,0.060
1757011951.177675,6178.563,0.060
1757011951.179746,6180.634,0.060
1757011951.181817,6182.704,0.060
1757011951.183885,6184.772,0.060
1757011951.185954,6186.841,0.060
1757011951.188019,6188.907,0.060
1757011951.190352,6191.239,0.060
1757011951.192412,6193.300,0.060
1757011951.194471,6195.359,0.060
1757011951.196530,6197.417,0.060
1757011951.198589,6199.476,0.060
1757011951.200647,6201.535,0.060
1757011951.202704,6203.591,0.060
1757011951.204762,6205.650,0.060
1757011951.206820,6207.707,0.060
1757011951.208877,6209.764,0.060
1757011951.210933,6211.821,0.060
1757011951.212991,6213.878,0.060
1757011951.215058,6215.945,0.060
1757011951.217130,6218.018,0.060
1757011951.219201,6220.089,0.080
1757011951.221271,6222.159,0.080
1757011951.223341,6224.228,0.080
1757011951.225410,6226.297,0.080
1757011951.227479,6228.367,0.080
1757011951.229549,6230.436,0.080
1757011951.231619,6232.506,0.080
1757011951.233688,6234.575,0.080
1757011951.235758,6236.645,0.080
1757011951.237827,6238.714,0.080
1757011951.239897,6240.784,0.080
1757011951.241967,6242.855,0.080
1757011951.244020,6244.907,0.080
1757011951.246090,6246.977,0.080
1757011951.248159,6249.047,0.080
1757011951.250229,6251.116,0.080
1757011951.252297,6253.184,0.080
1757011951.254366,6255.254,0.080
1757011951.256435,6257.323,0.080
1757011951.258504,6259.392,0.080
1757011951.260572,6261.459,0.080
1757011951.262642,6263.529,0.080
1757011951.264711,6265.598,0.080
1757011951.266780,6267.667,0.080
1757011951.268849,6269.737,0.080
1757011951.270919,6271.807,0.080
1757011951.272987,6273.875,0.080
1757011951.275056,6275.944,0.080
1757011951.277125,6278.013,0.080
1757011951.279194,6280.082,0.080
1757011951.281263,6282.150,0.080
1757011951.283332,6284.220,0.080
1757011951.285402,6286.289,0.080
1757011951.287471,6288.358,0.080
1757011951.289540,6290.427,0.080
1757011951.291609,6292.496,0.080
1757011951.293678,6294.565,0.080
1757011951.295748,6296.635,0.080
1757011951.297816,6298.704,0.080
1757011951.299885,6300.772,0.080
1757011951.301954,6302.842,0.080
1757011951.304025,6304.913,0.080
1757011951.306095,6306.982,0.080
1757011951.308163,6309.050,0.080
1757011951.310232,6311.120,0.080
1757011951.312300,6313.188,0.080
1757011951.314373,6315.260,0.080
1757011951.316444,6317.331,0.080
1757011951.318513,6319.401,0.080
1757011951.320579,6321.467,0.080
1757011951.322649,6323.536,0.080
1757011951.324720,6325.607,0.080
1757011951.326788,6327.676,0.080
1757011951.328856,6329.743,0.080
1757011951.330924,6331.812,0.060
1757011951.332994,6333.882,0.060
1757011951.335063,6335.951,0.060
1757011951.337135,6338.022,0.060
1757011951.339204,6340.091,0.060
1757011951.341272,6342.159,0.060
1757011951.343341,6344.229,0.060
1757011951.345411,6346.299,0.060
1757011951.347481,6348.369,0.060
1757011951.349552,6350.439,0.060
1757011951.351622,6352.509,0.060
1757011951.353691,6354.579,0.060
1757011951.355760,6356.647,0.060
1757011951.357829,6358.717,0.060
1757011951.359898,6360.785,0.060
1757011951.361968,6362.855,0.060
1757011951.364027,6364.914,0.060
1757011951.366097,6366.984,0.060
1757011951.368165,6369.053,0.060
1757011951.370235,6371.122,0.060
1757011951.372302,6373.189,0.060
1757011951.374371,6375.259,0.060
1757011951.376440,6377.327,0.060
1757011951.378509,6379.396,0.060
1757011951.380578,6381.465,0.060
1757011951.382648,6383.535,0.060
1757011951.384716,6385.603,0.060
1757011951.386785,6387.672,0.060
1757011951.388854,6389.741,0.060
1757011951.390924,6391.811,0.060
1757011951.392995,6393.882,0.060
1757011951.395064,6395.952,0.060
1757011951.397132,6398.019,0.060
1757011951.399202,6400.089,0.060
1757011951.401270,6402.157,0.060
1757011951.403339,6404.227,0.060
1757011951.405408,6406.295,0.060
1757011951.407478,6408.365,0.060
1757011951.409547,6410.434,0.060
1757011951.411617,6412.504,0.060
1757011951.413686,6414.573,0.060
1757011951.415755,6416.643,0.060
1757011951.417825,6418.713,0.060
1757011951.419894,6420.782,0.060
1757011951.421964,6422.851,0.060
1757011951.424030,6424.917,0.060
1757011951.426100,6426.987,0.060
1757011951.428169,6429.056,0.060
1757011951.430238,6431.126,0.060
1757011951.432306,6433.193,0.060
1757011951.434376,6435.263,0.060
1757011951.436445,6437.333,0.060
1757011951.438515,6439.402,0.060
1757011951.440583,6441.470,0.060
1757011951.442652,6443.539,0.060
1757011951.444721,6445.608,0.060
1757011951.446790,6447.678,0.060
1757011951.448858,6449.745,0.060
1757011951.450928,6451.815,0.060
1757011951.452997,6453.885,0.060
1757011951.455066,6455.954,0.060
1757011951.457134,6458.022,0.060
1757011951.459203,6460.091,0.060
1757011951.461272,6462.160,0.060
1757011951.463341,6464.229,0.060
1757011951.465410,6466.298,0.060
1757011951.467479,6468.366,0.060
1757011951.469548,6470.435,0.060
1757011951.471617,6472.505,0.060
1757011951.473686,6474.574,0.060
1757011951.475755,6476.643,0.060
1757011951.477825,6478.712,0.060
1757011951.479895,6480.782,0.060
1757011951.481963,6482.851,0.060
1757011951.484022,6484.910,0.060
1757011951.486092,6486.979,0.060
1757011951.488161,6489.048,0.060
1757011951.490230,6491.117,0.060
1757011951.492300,6493.187,0.060
1757011951.494373,6495.260,0.060
1757011951.496442,6497.329,0.060
1757011951.498511,6499.398,0.060
1757011951.500578,6501.466,0.060
1757011951.502647,6503.534,0.060
1757011951.504716,6505.603,0.060
1757011951.506786,6507.674,0.060
1757011951.508856,6509.744,0.060
1757011951.510926,6511.814,0.060
1757011951.512997,6513.884,0.060
1757011951.515066,6515.954,0.060
1757011951.517136,6518.023,0.060
1757011951.519205,6520.092,0.060
1757011951.521274,6522.161,0.060
1757011951.523343,6524.231,0.060
1757011951.525420,6526.308,0.060
1757011951.527499,6528.386,0.060
1757011951.529570,6530.457,0.060
1757011951.531640,6532.527,0.060
1757011951.533708,6534.596,0.060
1757011951.535778,6536.665,0.060
1757011951.537848,6538.735,0.060
1757011951.539917,6540.805,0.060
1757011951.541987,6542.874,0.060
1757011951.544026,6544.914,0.060
1757011951.546095,6546.983,0.060
1757011951.548164,6549.051,0.060
1757011951.550233,6551.120,0.060
1757011951.552300,6553.187,0.060
1757011951.554369,6555.257,0.060
1757011951.556439,6557.326,0.060
1757011951.558508,6559.395,0.060
1757011951.560574,6561.462,0.060
1757011951.562643,6563.530,0.060
1757011951.564711,6565.599,0.060
1757011951.566779,6567.667,0.060
1757011951.568848,6569.735,0.060
1757011951.570918,6571.805,0.060
1757011951.572987,6573.875,0.060
1757011951.575057,6575.945,0.060
1757011951.577127,6578.014,0.060
1757011951.579196,6580.084,0.060
1757011951.581266,6582.153,0.060
1757011951.583335,6584.222,0.060
1757011951.585404,6586.291,0.060
1757011951.587473,6588.360,0.060
1757011951.589542,6590.429,0.060
1757011951.591611,6592.499,0.060
1757011951.593680,6594.568,0.060
1757011951.595750,6596.637,0.060
1757011951.597819,6598.707,0.060
1757011951.599889,6600.776,0.060
1757011951.601959,6602.846,0.060
1757011951.604019,6604.906,0.060
1757011951.606088,6606.976,0.060
1757011951.608156,6609.044,0.060
1757011951.610226,6611.113,0.060
1757011951.612293,6613.181,0.060
1757011951.614363,6615.250,0.060
1757011951.616430,6617.317,0.060
1757011951.618499,6619.386,0.060
1757011951.620569,6621.456,0.060
1757011951.622638,6623.525,0.060
1757011951.624706,6625.593,0.060
1757011951.626775,6627.663,0.060
1757011951.628844,6629.732,0.060
1757011951.630915,6631.803,0.060
1757011951.632984,6633.871,0.060
1757011951.635053,6635.940,0.060
1757011951.637123,6638.011,0.060
1757011951.639192,6640.080,0.060
1757011951.641261,6642.148,0.060
1757011951.643331,6644.218,0.060
1757011951.645400,6646.287,0.060
1757011951.647469,6648.357,0.060
1757011951.649538,6650.426,0.060
1757011951.651608,6652.496,0.060
1757011951.653677,6654.565,0.060
1757011951.655746,6656.634,0.060
1757011951.657816,6658.704,0.060
1757011951.659886,6660.773,0.060
1757011951.661955,6662.842,0.060
1757011951.664023,6664.910,0.060
1757011951.666093,6666.980,0.060
1757011951.668163,6669.050,0.060
1757011951.670233,6671.120,0.060
1757011951.672300,6673.187,0.060
1757011951.674369,6675.256,0.060
1757011951.676440,6677.328,0.060
1757011951.678510,6679.398,0.060
1757011951.680580,6681.467,0.060
1757011951.682651,6683.538,0.060
1757011951.684721,6685.608,0.060
1757011951.686790,6687.677,0.060
1757011951.688861,6689.748,0.060
1757011951.690930,6691.818,0.060
1757011951.693001,6693.888,0.060
1757011951.695070,6695.957,0.060
1757011951.697139,6698.026,0.060
1757011951.699208,6700.095,0.060
1757011951.701276,6702.164,0.060
1757011951.703346,6704.233,0.060
1757011951.705426,6706.313,0.060
1757011951.707495,6708.383,0.060
1757011951.709565,6710.452,0.060
1757011951.711635,6712.522,0.060
1757011951.713704,6714.592,0.060
1757011951.715773,6716.661,0.060
1757011951.717843,6718.731,0.060
1757011951.719913,6720.800,0.060
1757011951.721982,6722.870,0.060
1757011951.724027,6724.914,0.060
1757011951.726096,6726.984,0.060
1757011951.728166,6729.053,0.060
1757011951.730235,6731.122,0.060
1757011951.732302,6733.189,0.060
1757011951.734372,6735.259,0.060
1757011951.736441,6737.328,0.060
1757011951.738510,6739.397,0.060
1757011951.740578,6741.465,0.060
1757011951.742647,6743.534,0.060
1757011951.744717,6745.604,0.060
1757011951.746786,6747.673,0.060
1757011951.748853,6749.741,0.060
1757011951.750924,6751.811,0.060
1757011951.752994,6753.881,0.060
1757011951.755063,6755.950,0.060
1757011951.757132,6758.020,0.060
1757011951.759202,6760.089,0.060
1757011951.761272,6762.159,0.060
1757011951.763342,6764.229,0.060
1757011951.765412,6766.300,0.060
1757011951.767482,6768.370,0.060
1757011951.769552,6770.439,0.060
1757011951.771621,6772.508,0.060
1757011951.773691,6774.578,0.060
1757011951.775760,6776.648,0.060
1757011951.777830,6778.717,0.060
1757011951.779900,6780.787,0.060
1757011951.781970,6782.857,0.060
1757011951.784025,6784.913,0.060
1757011951.786095,6786.982,0.060
1757011951.788164,6789.052,0.060
1757011951.790233,6791.121,0.060
1757011951.792302,6793.190,0.060
1757011951.794372,6795.259,0.060
1757011951.796441,6797.328,0.060
1757011951.798510,6799.397,0.060
1757011951.800579,6801.466,0.060
1757011951.802648,6803.535,0.060
1757011951.804716,6805.604,0.060
1757011951.806785,6807.673,0.060
1757011951.808853,6809.740,0.060
1757011951.810923,6811.810,0.060
1757011951.812992,6813.879,0.060
1757011951.815060,6815.948,0.060
1757011951.817132,6818.019,0.060
1757011951.819201,6820.088,0.060
1757011951.821270,6822.157,0.060
1757011951.823339,6824.226,0.060
1757011951.825411,6826.298,0.060
1757011951.827480,6828.368,0.060
1757011951.829550,6830.437,0.060
1757011951.831620,6832.507,0.060
1757011951.833689,6834.577,0.060
1757011951.835758,6836.646,0.060
1757011951.837829,6838.716,0.060
1757011951.839898,6840.785,0.060
1757011951.841966,6842.854,0.060
1757011951.844025,6844.913,0.060
1757011951.846094,6846.981,0.060
1757011951.848163,6849.051,0.060
1757011951.850233,6851.120,0.060
1757011951.852300,6853.187,0.060
1757011951.854368,6855.256,0.060
1757011951.856435,6857.323,0.060
1757011951.858504,6859.392,0.060
1757011951.860571,6861.459,0.060
1757011951.862641,6863.529,0.060
1757011951.864711,6865.599,0.060
1757011951.866781,6867.669,0.060
1757011951.868851,6869.738,0.060
1757011951.870920,6871.808,0.060
1757011951.872989,6873.877,0.060
1757011951.875059,6875.946,0.060
1757011951.877127,6878.015,0.060
1757011951.879197,6880.084,0.060
1757011951.881268,6882.155,0.060
1757011951.883337,6884.225,0.060
1757011951.885414,6886.302,0.060
1757011951.887484,6888.371,0.060
1757011951.889553,6890.441,0.060
1757011951.891622,6892.509,0.060
1757011951.893691,6894.579,0.060
1757011951.895761,6896.648,0.060
1757011951.897831,6898.718,0.060
1757011951.899900,6900.788,0.060
1757011951.901970,6902.858,0.060
1757011951.904023,6904.910,0.060
1757011951.906091,6906.979,0.060
1757011951.908160,6909.048,0.060
1757011951.910229,6911.116,0.060
1757011951.912295,6913.182,0.060
1757011951.914362,6915.250,0.060
1757011951.916429,6917.317,0.060
1757011951.918496,6919.383,0.060
1757011951.920564,6921.451,0.060
1757011951.922632,6923.519,0.060
1757011951.924700,6925.587,0.060
1757011951.926770,6927.658,0.060
1757011951.928839,6929.726,0.060
1757011951.930908,6931.796,0.060
1757011951.932977,6933.865,0.060
1757011951.935046,6935.933,0.060
1757011951.937113,6938.000,0.060
1757011951.939182,6940.069,0.060
1757011951.941252,6942.139,0.060
1757011951.943321,6944.208,0.060
1757011951.945389,6946.276,0.060
1757011951.947458,6948.346,0.060
1757011951.949528,6950.415,0.060
1757011951.951597,6952.485,0.060
1757011951.953666,6954.554,0.060
1757011951.955735,6956.623,0.060
1757011951.957804,6958.691,0.060
1757011951.959873,6960.761,0.060
1757011951.961942,6962.829,0.060
1757011951.964025,6964.912,0.060
1757011951.966094,6966.981,0.060
1757011951.968163,6969.051,0.060
1757011951.970233,6971.120,0.060
1757011951.972300,6973.187,0.060
1757011951.974370,6975.257,0.060
1757011951.976437,6977.324,0.060
1757011951.978506,6979.394,0.060
1757011951.980577,6981.464,0.060
1757011951.982646,6983.534,0.060
1757011951.984715,6985.602,0.060
1757011951.986784,6987.671,0.060
1757011951.988856,6989.743,0.060
1757011951.990926,6991.813,0.060
1757011951.992996,6993.883,0.060
1757011951.995065,6995.952,0.060
1757011951.997133,6998.020,0.060
1757011951.999202,7000.089,0.060
1757011952.001270,7002.158,0.060
1757011952.003340,7004.227,0.060
1757011952.005410,7006.297,0.060
1757011952.007479,7008.367,0.060
1757011952.009549,7010.437,0.060
1757011952.011620,7012.507,0.060
1757011952.013688,7014.576,0.060
1757011952.015758,7016.645,0.060
1757011952.017827,7018.714,0.060
1757011952.019896,7020.784,0.060
1757011952.021966,7022.853,0.060
1757011952.024026,7024.914,0.060
1757011952.026096,7026.983,0.060
1757011952.028166,7029.053,0.060
1757011952.030235,7031.122,0.060
1757011952.032302,7033.190,0.060
1757011952.034372,7035.259,0.060
1757011952.036441,7037.328,0.060
1757011952.038510,7039.398,0.060
1757011952.040578,7041.466,0.060
1757011952.042647,7043.535,0.060
1757011952.044716,7045.603,0.060
1757011952.046786,7047.673,0.060
1757011952.048855,7049.742,0.060
1757011952.050924,7051.811,0.060
1757011952.052993,7053.880,0.060
1757011952.055062,7055.950,0.060
1757011952.057131,7058.019,0.060
1757011952.059201,7060.088,0.060
1757011952.061270,7062.157,0.060
1757011952.063339,7064.226,0.060
1757011952.065407,7066.295,0.060
1757011952.067477,7068.364,0.060
1757011952.069546,7070.434,0.060
1757011952.071615,7072.503,0.060
1757011952.073684,7074.572,0.060
1757011952.075754,7076.642,0.060
1757011952.077823,7078.710,0.060
1757011952.079892,7080.780,0.060
1757011952.081961,7082.848,0.060
1757011952.084028,7084.915,0.060
1757011952.086098,7086.985,0.060
1757011952.088167,7089.054,0.060
1757011952.090236,7091.124,0.060
1757011952.092305,7093.192,0.060
1757011952.094374,7095.262,0.060
1757011952.096443,7097.331,0.060
1757011952.098513,7099.400,0.060
1757011952.100581,7101.469,0.060
1757011952.102650,7103.538,0.060
1757011952.104721,7105.608,0.060
1757011952.106790,7107.678,0.060
1757011952.108858,7109.745,0.060
1757011952.110927,7111.814,0.060
1757011952.112996,7113.884,0.060
1757011952.115067,7115.955,0.060
1757011952.117136,7118.023,0.060
1757011952.119206,7120.094,0.060
1757011952.121274,7122.162,0.060
1757011952.123344,7124.232,0.060
1757011952.125421,7126.308,0.060
1757011952.127490,7128.378,0.060
1757011952.129562,7130.449,0.060
1757011952.131633,7132.520,0.060
1757011952.133701,7134.588,0.060
1757011952.135770,7136.657,0.060
1757011952.137840,7138.727,0.060
1757011952.139909,7140.796,0.060
1757011952.141979,7142.866,0.060
1757011952.144034,7144.922,0.060
1757011952.146103,7146.991,0.060
1757011952.148173,7149.061,0.060
1757011952.150242,7151.130,0.060
1757011952.152308,7153.196,0.060
1757011952.154377,7155.265,0.060
1757011952.156446,7157.333,0.060
1757011952.158515,7159.402,0.060
1757011952.160582,7161.469,0.060
1757011952.162652,7163.539,0.060
1757011952.164720,7165.607,0.060
1757011952.166789,7167.676,0.060
1757011952.168859,7169.746,0.060
1757011952.170928,7171.816,0.060
1757011952.172997,7173.884,0.060
1757011952.175066,7175.953,0.060
1757011952.177135,7178.023,0.060
1757011952.179204,7180.091,0.060
1757011952.181273,7182.160,0.060
1757011952.183342,7184.229,0.060
1757011952.185413,7186.300,0.060
1757011952.187482,7188.370,0.060
1757011952.189552,7190.439,0.060
1757011952.191622,7192.510,0.060
1757011952.193691,7194.578,0.060
1757011952.195760,7196.647,0.060
1757011952.197829,7198.716,0.060
1757011952.199898,7200.786,0.060
1757011952.201968,7202.856,0.060
1757011952.204029,7204.916,0.060
1757011952.206099,7206.986,0.060
1757011952.208167,7209.055,0.060
1757011952.210236,7211.124,0.060
1757011952.212303,7213.190,0.060
1757011952.214372,7215.259,0.060
1757011952.216439,7217.327,0.060
1757011952.218509,7219.396,0.060
1757011952.220576,7221.463,0.060
1757011952.222646,7223.534,0.060
1757011952.224716,7225.603,0.060
1757011952.226785,7227.672,0.060
1757011952.228853,7229.740,0.060
1757011952.230922,7231.810,0.060
1757011952.232994,7233.881,0.060
1757011952.235063,7235.951,0.060
1757011952.237132,7238.019,0.060
1757011952.239200,7240.088,0.060
1757011952.241270,7242.157,0.060
1757011952.243339,7244.226,0.060
1757011952.245411,7246.298,0.060
1757011952.247480,7248.368,0.060
1757011952.249550,7250.437,0.060
1757011952.251620,7252.508,0.060
1757011952.253689,7254.576,0.060
1757011952.255758,7256.646,0.060
1757011952.257827,7258.715,0.060
1757011952.259897,7260.784,0.060
1757011952.261966,7262.853,0.060
1757011952.264045,7264.933,0.060
1757011952.266115,7267.003,0.060
1757011952.268184,7269.072,0.060
1757011952.270254,7271.141,0.060
1757011952.272322,7273.209,0.060
1757011952.274392,7275.280,0.060
1757011952.276461,7277.348,0.060
1757011952.278530,7279.418,0.060
1757011952.280600,7281.488,0.060
1757011952.282672,7283.560,0.060
1757011952.284742,7285.629,0.060
1757011952.286811,7287.699,0.060
1757011952.288879,7289.767,0.060
1757011952.290949,7291.836,0.060
1757011952.293018,7293.905,0.060
1757011952.295087,7295.975,0.060
1757011952.297155,7298.043,0.060
1757011952.299225,7300.112,0.060
1757011952.301293,7302.181,0.060
1757011952.303362,7304.250,0.060
1757011952.305432,7306.319,0.060
1757011952.307502,7308.389,0.060
1757011952.309571,7310.459,0.060
1757011952.311640,7312.528,0.060
1757011952.313712,7314.599,0.060
1757011952.315781,7316.669,0.060
1757011952.317851,7318.739,0.060
1757011952.319921,7320.808,0.060
1757011952.321990,7322.878,0.060
1757011952.324023,7324.910,0.060
1757011952.326091,7326.979,0.060
1757011952.328161,7329.048,0.060
1757011952.330230,7331.118,0.060
1757011952.332297,7333.184,0.060
1757011952.334366,7335.254,0.060
1757011952.336437,7337.324,0.060
1757011952.338508,7339.395,0.060
1757011952.340575,7341.462,0.060
1757011952.342644,7343.531,0.060
1757011952.344713,7345.600,0.060
1757011952.346782,7347.669,0.060
1757011952.348850,7349.737,0.060
1757011952.350919,7351.806,0.060
1757011952.352989,7353.876,0.060
1757011952.355058,7355.946,0.060
1757011952.357128,7358.015,0.060
1757011952.359197,7360.085,0.060
1757011952.361266,7362.153,0.060
1757011952.363335,7364.223,0.060
1757011952.365406,7366.293,0.060
1757011952.367476,7368.364,0.060
1757011952.369546,7370.433,0.060
1757011952.371618,7372.506,0.060
1757011952.373693,7374.581,0.060
1757011952.375762,7376.650,0.060
1757011952.377831,7378.718,0.060
1757011952.379901,7380.788,0.060
1757011952.381970,7382.858,0.060
1757011952.384018,7384.906,0.060
1757011952.386090,7386.977,0.060
1757011952.388159,7389.047,0.060
1757011952.390229,7391.116,0.060
1757011952.392299,7393.187,0.060
1757011952.394368,7395.256,0.060
1757011952.396437,7397.324,0.060
1757011952.398507,7399.394,0.060
1757011952.400574,7401.462,0.060
1757011952.402644,7403.532,0.060
1757011952.404713,7405.601,0.060
1757011952.406783,7407.670,0.060
1757011952.408850,7409.737,0.060
1757011952.410920,7411.807,0.060
1757011952.412987,7413.875,0.060
1757011952.415057,7415.945,0.060
1757011952.417126,7418.014,0.060
1757011952.419197,7420.084,0.060
1757011952.421265,7422.152,0.060
1757011952.423334,7424.222,0.060
1757011952.425403,7426.291,0.060
1757011952.427472,7428.360,0.060
1757011952.429542,7430.429,0.060
1757011952.431611,7432.499,0.060
1757011952.433680,7434.568,0.060
1757011952.435751,7436.638,0.060
1757011952.437820,7438.708,0.060
1757011952.439890,7440.777,0.060
1757011952.441959,7442.847,0.060
1757011952.444021,7444.909,0.060
1757011952.446091,7446.979,0.060
1757011952.448159,7449.047,0.060
1757011952.450228,7451.116,0.060
1757011952.452296,7453.183,0.060
1757011952.454365,7455.253,0.060
1757011952.456435,7457.322,0.060
1757011952.458504,7459.392,0.060
1757011952.460571,7461.458,0.060
1757011952.462641,7463.528,0.060
1757011952.464710,7465.598,0.060
1757011952.466780,7467.667,0.060
1757011952.468849,7469.737,0.060
1757011952.470920,7471.807,0.060
1757011952.472990,7473.877,0.060
1757011952.475058,7475.946,0.060
1757011952.477128,7478.015,0.060
1757011952.479202,7480.090,0.060
1757011952.481265,7482.153,0.060
1757011952.483331,7484.219,0.060
1757011952.485391,7486.279,0.060
1757011952.487449,7488.336,0.060
1757011952.489509,7490.396,0.060
1757011952.491568,7492.456,0.060
1757011952.493629,7494.516,0.060
1757011952.495689,7496.577,0.060
1757011952.497748,7498.635,0.060
1757011952.499808,7500.695,0.060
1757011952.501868,7502.756,0.060
1757011952.503929,7504.817,0.060
1757011952.505991,7506.878,0.060
1757011952.508013,7508.900,0.080
1757011952.510074,7510.961,0.080
1757011952.512136,7513.023,0.080
1757011952.514208,7515.096,0.080
1757011952.516279,7517.167,0.080
1757011952.518350,7519.237,0.080
1757011952.520412,7521.299,0.080
1757011952.522477,7523.365,0.080
1757011952.524544,7525.431,0.080
1757011952.526634,7527.521,0.080
1757011952.528677,7529.565,0.080
1757011952.530747,7531.634,0.080
1757011952.532810,7533.698,0.080
1757011952.534874,7535.762,0.080
1757011952.536938,7537.825,0.080
1757011952.539008,7539.895,0.080
1757011952.541071,7541.959,0.080
1757011952.543137,7544.024,0.080
1757011952.545201,7546.088,0.080
1757011952.547265,7548.153,0.080
1757011952.549329,7550.216,0.080
1757011952.551404,7552.291,0.080
1757011952.553492,7554.379,0.080
1757011952.555577,7556.464,0.080
1757011952.557651,7558.538,0.080
1757011952.559722,7560.610,0.080
1757011952.561793,7562.680,0.080
1757011952.563874,7564.761,0.080
1757011952.565947,7566.835,0.080
1757011952.568037,7568.924,0.080
1757011952.570106,7570.994,0.080
1757011952.572180,7573.067,0.080
1757011952.574249,7575.136,0.080
1757011952.576315,7577.202,0.080
1757011952.578382,7579.269,0.080
1757011952.580449,7581.337,0.080
1757011952.582517,7583.404,0.080
1757011952.584582,7585.469,0.080
1757011952.586647,7587.534,0.080
1757011952.588710,7589.597,0.080
1757011952.590774,7591.661,0.080
1757011952.592838,7593.726,0.080
1757011952.594900,7595.787,0.080
1757011952.596964,7597.851,0.080
1757011952.599026,7599.913,0.080
1757011952.601098,7601.985,0.080
1757011952.603160,7604.047,0.080
1757011952.605225,7606.112,0.080
1757011952.607289,7608.176,0.080
1757011952.609352,7610.240,0.080
1757011952.611417,7612.304,0.080
1757011952.613481,7614.369,0.080
1757011952.615546,7616.434,0.080
1757011952.617613,7618.500,0.080
1757011952.619680,7620.568,0.080
1757011952.621747,7622.635,0.080
1757011952.623816,7624.703,0.080
1757011952.625883,7626.770,0.080
1757011952.627951,7628.838,0.080
1757011952.630022,7630.909,0.080
1757011952.632089,7632.976,0.080
1757011952.634158,7635.046,0.080
1757011952.636227,7637.115,0.080
1757011952.638297,7639.184,0.080
1757011952.640364,7641.251,0.080
1757011952.642433,7643.321,0.080
1757011952.644503,7645.390,0.080
1757011952.646571,7647.459,0.080
1757011952.648640,7649.528,0.080
1757011952.650713,7651.601,0.080
1757011952.652781,7653.669,0.080
1757011952.654850,7655.738,0.080
1757011952.656919,7657.806,0.080
1757011952.658988,7659.876,0.080
1757011952.661056,7661.944,0.080
1757011952.663126,7664.013,0.080
1757011952.665194,7666.081,0.080
1757011952.667263,7668.150,0.080
1757011952.669332,7670.219,0.080
1757011952.671401,7672.289,0.080
1757011952.673472,7674.360,0.080
1757011952.675540,7676.428,0.080
1757011952.677609,7678.497,0.080
1757011952.679679,7680.566,0.080
1757011952.681748,7682.636,0.080
1757011952.683818,7684.705,0.080
1757011952.685888,7686.775,0.080
1757011952.687958,7688.845,0.080
1757011952.690026,7690.914,0.080
1757011952.692093,7692.981,0.080
1757011952.694163,7695.050,0.080
1757011952.696243,7697.131,0.080
1757011952.698325,7699.213,0.080
1757011952.700401,7701.288,0.080
1757011952.702466,7703.354,0.080
1757011952.704530,7705.418,0.080
1757011952.706599,7707.487,0.080
1757011952.708669,7709.557,0.080
1757011952.710767,7711.654,0.080
1757011952.712842,7713.729,0.080
1757011952.714919,7715.807,0.080
1757011952.717016,7717.904,0.080
1757011952.719089,7719.976,0.080
1757011952.721160,7722.047,0.080
1757011952.723239,7724.126,0.080
1757011952.725309,7726.197,0.080
1757011952.727385,7728.272,0.080
1757011952.729455,7730.342,0.080
1757011952.731525,7732.412,0.080
1757011952.733595,7734.482,0.080
1757011952.735665,7736.552,0.080
1757011952.737734,7738.621,0.080
1757011952.739802,7740.690,0.080
1757011952.741870,7742.758,0.080
1757011952.743942,7744.830,0.080
1757011952.746012,7746.900,0.080
1757011952.748078,7748.966,0.080
1757011952.750146,7751.034,0.080
1757011952.752214,7753.101,0.080
1757011952.754295,7755.183,0.080
1757011952.756366,7757.253,0.080
1757011952.758436,7759.323,0.080
1757011952.760504,7761.392,0.080
1757011952.762573,7763.460,0.080
1757011952.764639,7765.527,0.080
1757011952.766708,7767.596,0.080
1757011952.768777,7769.665,0.080
1757011952.770847,7771.734,0.080
1757011952.772915,7773.803,0.080
1757011952.774985,7775.872,0.080
1757011952.777056,7777.944,0.080
1757011952.779127,7780.014,0.080
1757011952.781194,7782.082,0.080
1757011952.783264,7784.152,0.080
1757011952.785333,7786.221,0.080
1757011952.787402,7788.290,0.080
1757011952.789471,7790.358,0.080
1757011952.791540,7792.428,0.080
1757011952.793609,7794.497,0.080
1757011952.795678,7796.566,0.080
1757011952.797748,7798.636,0.080
1757011952.799818,7800.705,0.080
1757011952.801888,7802.775,0.080
1757011952.803957,7804.845,0.080
1757011952.806027,7806.914,0.080
1757011952.808094,7808.982,0.080
1757011952.810164,7811.051,0.080
1757011952.812236,7813.123,0.080
1757011952.814308,7815.196,0.080
1757011952.816379,7817.266,0.080
1757011952.818450,7819.337,0.080
1757011952.820521,7821.408,0.080
1757011952.822591,7823.479,0.080
1757011952.824662,7825.549,0.080
1757011952.826730,7827.617,0.080
1757011952.828799,7829.687,0.080
1757011952.830869,7831.757,0.080
1757011952.832940,7833.827,0.080
1757011952.835009,7835.896,0.080
1757011952.837077,7837.964,0.080
1757011952.839147,7840.034,0.080
1757011952.841215,7842.102,0.080
1757011952.843284,7844.172,0.080
1757011952.845382,7846.269,0.080
1757011952.847452,7848.339,0.080
1757011952.849523,7850.410,0.080
1757011952.851592,7852.480,0.080
1757011952.853661,7854.548,0.080
1757011952.855730,7856.618,0.080
1757011952.857803,7858.691,0.080
1757011952.859873,7860.761,0.080
1757011952.861942,7862.829,0.080
1757011952.864021,7864.908,0.080
1757011952.866090,7866.978,0.080
1757011952.868160,7869.047,0.080
1757011952.870229,7871.116,0.080
1757011952.872296,7873.183,0.080
1757011952.874366,7875.253,0.080
1757011952.876434,7877.321,0.080
1757011952.878504,7879.391,0.080
1757011952.880571,7881.459,0.080
1757011952.882640,7883.528,0.080
1757011952.884708,7885.596,0.080
1757011952.886778,7887.665,0.080
1757011952.888846,7889.734,0.080
1757011952.890915,7891.803,0.080
1757011952.892982,7893.870,0.080
1757011952.895052,7895.940,0.080
1757011952.897120,7898.007,0.080
1757011952.899189,7900.077,0.080
1757011952.901261,7902.149,0.080
1757011952.903331,7904.218,0.080
1757011952.905405,7906.292,0.080
1757011952.907474,7908.362,0.080
1757011952.909544,7910.432,0.080
1757011952.911613,7912.501,0.080
1757011952.913683,7914.571,0.080
1757011952.915752,7916.640,0.080
1757011952.917822,7918.709,0.080
1757011952.919891,7920.778,0.080
1757011952.921960,7922.848,0.080
1757011952.924021,7924.909,0.080
1757011952.926091,7926.979,0.080
1757011952.928160,7929.048,0.080
1757011952.930229,7931.117,0.080
1757011952.932296,7933.183,0.080
1757011952.934366,7935.253,0.080
1757011952.936436,7937.324,0.080
1757011952.938505,7939.393,0.080
1757011952.940573,7941.460,0.080
1757011952.942642,7943.529,0.080
1757011952.944711,7945.598,0.080
1757011952.946780,7947.668,0.080
1757011952.948855,7949.742,0.080
1757011952.950924,7951.811,0.080
1757011952.952992,7953.880,0.080
1757011952.955062,7955.949,0.080
1757011952.957130,7958.018,0.080
1757011952.959200,7960.087,0.080
1757011952.961270,7962.157,0.080
1757011952.963339,7964.226,0.080
1757011952.965409,7966.297,0.080
1757011952.967479,7968.366,0.080
1757011952.969548,7970.436,0.080
1757011952.971618,7972.505,0.080
1757011952.973687,7974.575,0.080
1757011952.975757,7976.645,0.080
1757011952.977827,7978.714,0.080
1757011952.979897,7980.784,0.080
1757011952.981968,7982.856,0.080
1757011952.984021,7984.909,0.080
1757011952.986090,7986.978,0.080
1757011952.988160,7989.047,0.080
1757011952.990229,7991.117,0.080
1757011952.992296,7993.183,0.080
1757011952.994365,7995.252,0.080
1757011952.996434,7997.321,0.080
1757011952.998504,7999.391,0.080
1757011953.000572,8001.459,0.080
1757011953.002641,8003.529,0.080
1757011953.004710,8005.598,0.080
1757011953.006780,8007.668,0.080
1757011953.008848,8009.736,0.080
1757011953.010918,8011.805,0.080
1757011953.012986,8013.873,0.080
1757011953.015055,8015.943,0.080
1757011953.017124,8018.011,0.080
1757011953.019193,8020.080,0.080
1757011953.021262,8022.150,0.080
1757011953.023332,8024.219,0.080
1757011953.025407,8026.294,0.080
1757011953.027475,8028.363,0.080
1757011953.029544,8030.432,0.080
1757011953.031614,8032.501,0.080
1757011953.033695,8034.582,0.080
1757011953.035767,8036.654,0.080
1757011953.037838,8038.725,0.080
1757011953.039908,8040.795,0.080
1757011953.041978,8042.865,0.080
1757011953.044021,8044.908,0.080
1757011953.046091,8046.978,0.080
1757011953.048159,8049.046,0.080
1757011953.050228,8051.115,0.080
1757011953.052294,8053.181,0.080
1757011953.054363,8055.251,0.080
1757011953.056431,8057.318,0.080
1757011953.058499,8059.386,0.080
1757011953.060568,8061.455,0.080
1757011953.062637,8063.524,0.080
1757011953.064708,8065.596,0.080
1757011953.066778,8067.665,0.080
1757011953.068845,8069.732,0.080
1757011953.070913,8071.801,0.080
1757011953.072981,8073.868,0.080
1757011953.075050,8075.938,0.080
1757011953.077117,8078.005,0.080
1757011953.079186,8080.074,0.080
1757011953.081260,8082.147,0.080
1757011953.083329,8084.216,0.080
1757011953.085406,8086.293,0.080
1757011953.087475,8088.363,0.080
1757011953.089544,8090.431,0.080
1757011953.091612,8092.500,0.080
1757011953.093681,8094.568,0.080
1757011953.095750,8096.637,0.080
1757011953.097819,8098.707,0.080
1757011953.099888,8100.775,0.080
1757011953.101956,8102.844,0.080
1757011953.104045,8104.933,0.080
1757011953.106114,8107.001,0.080
1757011953.108182,8109.070,0.080
1757011953.110252,8111.139,0.080
1757011953.112319,8113.206,0.080
1757011953.114388,8115.275,0.080
1757011953.116456,8117.343,0.080
1757011953.118525,8119.412,0.080
1757011953.120593,8121.481,0.080
1757011953.122664,8123.552,0.080
1757011953.124733,8125.621,0.080
1757011953.126802,8127.690,0.080
1757011953.128870,8129.757,0.080
1757011953.130939,8131.827,0.080
1757011953.133009,8133.896,0.080
1757011953.135078,8135.966,0.080
1757011953.137147,8138.034,0.080
1757011953.139217,8140.104,0.080
1757011953.141285,8142.173,0.080
1757011953.143355,8144.242,0.080
1757011953.145426,8146.313,0.080
1757011953.147495,8148.382,0.080
1757011953.149563,8150.450,0.080
1757011953.151631,8152.519,0.080
1757011953.153701,8154.588,0.080
1757011953.155769,8156.656,0.080
1757011953.157837,8158.725,0.080
1757011953.159905,8160.793,0.080
1757011953.161974,8162.861,0.080
1757011953.164027,8164.915,0.080
1757011953.166096,8166.983,0.080
1757011953.168165,8169.053,0.080
1757011953.170235,8171.122,0.080
1757011953.172303,8173.190,0.080
1757011953.174372,8175.260,0.080
1757011953.176442,8177.329,0.080
1757011953.178510,8179.398,0.080
1757011953.180578,8181.465,0.080
1757011953.182646,8183.533,0.080
1757011953.184715,8185.602,0.080
1757011953.186784,8187.672,0.080
1757011953.188851,8189.738,0.080
1757011953.190919,8191.806,0.080
1757011953.192989,8193.876,0.080
1757011953.195058,8195.946,0.080
1757011953.197126,8198.013,0.060
1757011953.199195,8200.083,0.060
1757011953.201263,8202.151,0.060
1757011953.203332,8204.220,0.060
1757011953.205403,8206.290,0.060
1757011953.207472,8208.359,0.060
1757011953.209541,8210.428,0.060
1757011953.211610,8212.497,0.060
1757011953.213681,8214.569,0.060
1757011953.215751,8216.638,0.060
1757011953.217822,8218.710,0.060
1757011953.219892,8220.779,0.060
1757011953.221961,8222.848,0.060
1757011953.224026,8224.914,0.060
1757011953.226095,8226.983,0.060
1757011953.228163,8229.051,0.060
1757011953.230232,8231.119,0.060
1757011953.232300,8233.187,0.060
1757011953.234368,8235.255,0.060
1757011953.236434,8237.321,0.060
1757011953.238502,8239.389,0.060
1757011953.240569,8241.456,0.060
1757011953.242637,8243.524,0.060
1757011953.244704,8245.592,0.060
1757011953.246773,8247.660,0.060
1757011953.248852,8249.739,0.060
1757011953.250921,8251.809,0.060
1757011953.252990,8253.878,0.060
1757011953.255060,8255.948,0.060
1757011953.257129,8258.016,0.060
1757011953.259198,8260.085,0.060
1757011953.261267,8262.155,0.060
1757011953.263336,8264.224,0.060
1757011953.265405,8266.293,0.060
1757011953.267475,8268.363,0.060
1757011953.269544,8270.432,0.060
1757011953.271614,8272.501,0.060
1757011953.273682,8274.569,0.060
1757011953.275751,8276.638,0.060
1757011953.277820,8278.708,0.060
1757011953.279889,8280.777,0.060
1757011953.281958,8282.845,0.060
1757011953.284031,8284.918,0.060
1757011953.286100,8286.987,0.060
1757011953.288168,8289.056,0.060
1757011953.290238,8291.125,0.060
1757011953.292305,8293.192,0.060
1757011953.294373,8295.261,0.060
1757011953.296442,8297.330,0.060
1757011953.298511,8299.398,0.060
1757011953.300578,8301.465,0.060
1757011953.302647,8303.534,0.060
1757011953.304716,8305.604,0.060
1757011953.306785,8307.672,0.060
1757011953.308854,8309.742,0.060
1757011953.310924,8311.811,0.060
1757011953.312992,8313.879,0.060
1757011953.315061,8315.948,0.060
1757011953.317129,8318.016,0.060
1757011953.319200,8320.087,0.060
1757011953.321269,8322.156,0.060
1757011953.323339,8324.226,0.060
1757011953.325408,8326.296,0.060
1757011953.327477,8328.365,0.060
1757011953.329546,8330.433,0.060
1757011953.331615,8332.503,0.060
1757011953.333684,8334.571,0.060
1757011953.335753,8336.640,0.060
1757011953.337823,8338.710,0.060
1757011953.339891,8340.779,0.060
1757011953.341960,8342.847,0.060
1757011953.344025,8344.913,0.060
1757011953.346095,8346.982,0.060
1757011953.348164,8349.051,0.060
1757011953.350233,8351.120,0.060
1757011953.352300,8353.187,0.060
1757011953.354369,8355.256,0.060
1757011953.356439,8357.326,0.060
1757011953.358508,8359.396,0.060
1757011953.360577,8361.464,0.060
1757011953.362645,8363.533,0.060
1757011953.364716,8365.603,0.060
1757011953.366785,8367.672,0.060
1757011953.368851,8369.739,0.060
1757011953.370921,8371.808,0.060
1757011953.372989,8373.876,0.060
1757011953.375058,8375.946,0.060
1757011953.377127,8378.015,0.060
1757011953.379196,8380.083,0.060
1757011953.381264,8382.151,0.060
1757011953.383332,8384.220,0.060
1757011953.385401,8386.288,0.060
1757011953.387470,8388.358,0.060
1757011953.389539,8390.427,0.060
1757011953.391608,8392.496,0.060
1757011953.393676,8394.564,0.060
1757011953.395746,8396.633,0.060
1757011953.397817,8398.704,0.060
1757011953.399886,8400.773,0.060
1757011953.401954,8402.841,0.060
1757011953.404022,8404.910,0.060
1757011953.406091,8406.978,0.060
1757011953.408160,8409.047,0.060
1757011953.410228,8411.116,0.060
1757011953.412295,8413.182,0.060
1757011953.414365,8415.252,0.060
1757011953.416434,8417.321,0.060
1757011953.418504,8419.391,0.060
1757011953.420572,8421.459,0.060
1757011953.422640,8423.528,0.060
1757011953.424708,8425.596,0.060
1757011953.426777,8427.665,0.060
1757011953.428848,8429.735,0.060
1757011953.430916,8431.803,0.060
1757011953.432985,8433.872,0.060
1757011953.435054,8435.942,0.060
1757011953.437122,8438.009,0.060
1757011953.439190,8440.078,0.060
1757011953.441259,8442.147,0.060
1757011953.443328,8444.215,0.060
1757011953.445398,8446.285,0.060
1757011953.447468,8448.356,0.060
1757011953.449537,8450.425,0.060
1757011953.451606,8452.494,0.060
1757011953.453676,8454.563,0.060
1757011953.455745,8456.632,0.060
1757011953.457814,8458.702,0.060
1757011953.459883,8460.770,0.060
1757011953.461951,8462.838,0.060
1757011953.464025,8464.912,0.060
1757011953.466094,8466.982,0.060
1757011953.468163,8469.050,0.060
1757011953.470232,8471.119,0.060
1757011953.472299,8473.187,0.060
1757011953.474368,8475.255,0.060
1757011953.476436,8477.323,0.060
1757011953.478506,8479.393,0.060
1757011953.480575,8481.462,0.060
1757011953.482644,8483.531,0.060
1757011953.484712,8485.600,0.060
1757011953.486782,8487.669,0.060
1757011953.488849,8489.736,0.060
1757011953.490918,8491.805,0.060
1757011953.492987,8493.874,0.060
1757011953.495058,8495.945,0.060
1757011953.497127,8498.014,0.060
1757011953.499196,8500.083,0.060
1757011953.501264,8502.151,0.060
1757011953.503333,8504.220,0.060
1757011953.505403,8506.290,0.060
1757011953.507472,8508.359,0.060
1757011953.509542,8510.429,0.060
1757011953.511611,8512.499,0.060
1757011953.513681,8514.569,0.060
1757011953.515751,8516.638,0.060
1757011953.517820,8518.708,0.060
1757011953.519889,8520.776,0.060
1757011953.521958,8522.845,0.060
1757011953.524021,8524.909,0.060
1757011953.526091,8526.978,0.060
1757011953.528167,8529.054,0.060
1757011953.530239,8531.126,0.060
1757011953.532306,8533.194,0.060
1757011953.534377,8535.264,0.060
1757011953.536445,8537.332,0.060
1757011953.538513,8539.401,0.060
1757011953.540581,8541.469,0.060
1757011953.542650,8543.538,0.060
1757011953.544718,8545.605,0.060
1757011953.546787,8547.675,0.060
1757011953.548854,8549.742,0.060
1757011953.550942,8551.829,0.060
1757011953.553014,8553.902,0.060
1757011953.555085,8555.972,0.060
1757011953.557153,8558.040,0.060
1757011953.559222,8560.110,0.060
1757011953.561292,8562.179,0.060
1757011953.563362,8564.249,0.060
1757011953.565431,8566.318,0.060
1757011953.567501,8568.388,0.060
1757011953.569570,8570.457,0.060
1757011953.571639,8572.527,0.060
1757011953.573709,8574.596,0.060
1757011953.575778,8576.665,0.060
1757011953.577847,8578.734,0.060
1757011953.579916,8580.804,0.060
1757011953.581985,8582.872,0.060
1757011953.584023,8584.910,0.060
1757011953.586092,8586.979,0.060
1757011953.588160,8589.047,0.060
1757011953.590228,8591.116,0.060
1757011953.592295,8593.182,0.060
1757011953.594365,8595.252,0.060
1757011953.596431,8597.318,0.060
1757011953.598500,8599.387,0.060
1757011953.600567,8601.455,0.060
1757011953.602636,8603.523,0.060
1757011953.604705,8605.593,0.060
1757011953.606775,8607.662,0.060
1757011953.608844,8609.731,0.060
1757011953.610913,8611.801,0.060
1757011953.612982,8613.870,0.060
1757011953.615052,8615.939,0.060
1757011953.617120,8618.007,0.060
1757011953.619190,8620.078,0.060
1757011953.621259,8622.146,0.060
1757011953.623328,8624.215,0.060
1757011953.625398,8626.286,0.060
1757011953.627467,8628.354,0.060
1757011953.629536,8630.423,0.060
1757011953.631606,8632.493,0.060
1757011953.633674,8634.562,0.060
1757011953.635744,8636.631,0.060
1757011953.637813,8638.700,0.060
1757011953.639882,8640.769,0.060
1757011953.641951,8642.838,0.060
1757011953.644023,8644.911,0.060
1757011953.646091,8646.979,0.060
1757011953.648161,8649.048,0.060
1757011953.650230,8651.117,0.060
1757011953.652297,8653.184,0.060
1757011953.654367,8655.254,0.060
1757011953.656435,8657.323,0.060
1757011953.658505,8659.392,0.060
1757011953.660571,8661.458,0.060
1757011953.662640,8663.527,0.060
1757011953.664710,8665.597,0.060
1757011953.666779,8667.666,0.060
1757011953.668847,8669.734,0.060
1757011953.670918,8671.806,0.060
1757011953.672988,8673.876,0.060
1757011953.675058,8675.946,0.060
1757011953.677127,8678.015,0.060
1757011953.679198,8680.085,0.060
1757011953.681267,8682.154,0.060
1757011953.683336,8684.224,0.060
1757011953.685406,8686.294,0.060
1757011953.687475,8688.363,0.060
1757011953.689547,8690.434,0.060
1757011953.691617,8692.504,0.060
1757011953.693686,8694.573,0.060
1757011953.695756,8696.644,0.060
1757011953.697824,8698.712,0.060
1757011953.699893,8700.780,0.060
1757011953.701962,8702.849,0.060
1757011953.704023,8704.910,0.060
1757011953.706093,8706.980,0.060
1757011953.708163,8709.050,0.060
1757011953.710231,8711.119,0.060
1757011953.712298,8713.186,0.060
1757011953.714367,8715.255,0.060
1757011953.716434,8717.322,0.060
1757011953.718504,8719.391,0.060
1757011953.720572,8721.459,0.060
1757011953.722641,8723.529,0.060
1757011953.724710,8725.598,0.060
1757011953.726780,8727.668,0.060
1757011953.728850,8729.737,0.060
1757011953.730919,8731.806,0.060
1757011953.732988,8733.875,0.060
1757011953.735057,8735.945,0.060
1757011953.737125,8738.013,0.060
1757011953.739195,8740.082,0.060
1757011953.741263,8742.151,0.060
1757011953.743332,8744.220,0.060
1757011953.745403,8746.290,0.060
1757011953.747473,8748.360,0.060
1757011953.749542,8750.429,0.060
1757011953.751611,8752.498,0.060
1757011953.753679,8754.566,0.060
1757011953.755748,8756.635,0.060
1757011953.757817,8758.704,0.060
1757011953.759886,8760.773,0.060
1757011953.761954,8762.841,0.060
1757011953.764025,8764.912,0.060
1757011953.766095,8766.982,0.060
1757011953.768163,8769.051,0.060
1757011953.770232,8771.120,0.060
1757011953.772299,8773.186,0.060
1757011953.774369,8775.256,0.060
1757011953.776437,8777.325,0.060
1757011953.778506,8779.393,0.060
1757011953.780574,8781.461,0.060
1757011953.782643,8783.531,0.060
1757011953.784712,8785.599,0.060
1757011953.786781,8787.668,0.060
1757011953.788849,8789.736,0.060
1757011953.790917,8791.804,0.060
1757011953.792988,8793.875,0.060
1757011953.795056,8795.943,0.060
1757011953.797124,8798.012,0.060
1757011953.799193,8800.080,0.060
1757011953.801262,8802.149,0.060
1757011953.803332,8804.219,0.060
1757011953.805401,8806.289,0.060
1757011953.807470,8808.358,0.060
1757011953.809539,8810.426,0.060
1757011953.811608,8812.496,0.060
1757011953.813677,8814.564,0.060
1757011953.815745,8816.633,0.060
1757011953.817816,8818.703,0.060
1757011953.819885,8820.772,0.060
1757011953.821954,8822.841,0.060
1757011953.824018,8824.905,0.060
1757011953.826087,8826.974,0.060
1757011953.828154,8829.041,0.060
1757011953.830224,8831.111,0.060
1757011953.832293,8833.180,0.060
1757011953.834362,8835.249,0.060
1757011953.836430,8837.318,0.060
1757011953.838500,8839.387,0.060
1757011953.840568,8841.455,0.060
1757011953.842637,8843.524,0.060
1757011953.844706,8845.593,0.060
1757011953.846775,8847.663,0.060
1757011953.848844,8849.732,0.060
1757011953.850914,8851.801,0.060
1757011953.852982,8853.870,0.060
1757011953.855052,8855.940,0.060
1757011953.857121,8858.009,0.060
1757011953.859191,8860.078,0.060
1757011953.861261,8862.148,0.060
1757011953.863330,8864.217,0.060
1757011953.865400,8866.287,0.060
1757011953.867469,8868.356,0.060
1757011953.869540,8870.428,0.060
1757011953.871610,8872.497,0.060
1757011953.873679,8874.567,0.060
1757011953.875751,8876.639,0.060
1757011953.877822,8878.709,0.060
1757011953.879891,8880.778,0.060
1757011953.881959,8882.846,0.060
1757011953.884025,8884.912,0.060
1757011953.886094,8886.981,0.060
1757011953.888163,8889.050,0.060
1757011953.890232,8891.119,0.060
1757011953.892298,8893.186,0.060
1757011953.894367,8895.255,0.060
1757011953.896435,8897.323,0.060
1757011953.898504,8899.392,0.060
1757011953.900572,8901.459,0.060
1757011953.902641,8903.528,0.060
1757011953.904711,8905.598,0.060
1757011953.906779,8907.667,0.060
1757011953.908848,8909.735,0.060
1757011953.910917,8911.804,0.060
1757011953.912985,8913.872,0.060
1757011953.915054,8915.941,0.060
1757011953.917124,8918.012,0.060
1757011953.919193,8920.080,0.060
1757011953.921263,8922.151,0.060
1757011953.923335,8924.222,0.060
1757011953.925403,8926.291,0.060
1757011953.927473,8928.360,0.060
1757011953.929542,8930.429,0.060
1757011953.931612,8932.500,0.060
1757011953.933681,8934.569,0.060
1757011953.935751,8936.638,0.060
1757011953.937820,8938.707,0.060
1757011953.939890,8940.777,0.060
1757011953.941958,8942.846,0.060
1757011953.944031,8944.918,0.060
1757011953.946100,8946.987,0.060
1757011953.948170,8949.057,0.060
1757011953.950239,8951.127,0.060
1757011953.952307,8953.194,0.060
1757011953.954376,8955.264,0.060
1757011953.956445,8957.333,0.060
1757011953.958514,8959.402,0.060
1757011953.960581,8961.468,0.060
1757011953.962649,8963.537,0.060
1757011953.964719,8965.606,0.060
1757011953.966788,8967.675,0.060
1757011953.968856,8969.743,0.060
1757011953.970925,8971.812,0.060
1757011953.972995,8973.882,0.060
1757011953.975065,8975.953,0.060
1757011953.977134,8978.022,0.060
1757011953.979204,8980.092,0.060
1757011953.981273,8982.161,0.060
1757011953.983342,8984.230,0.060
1757011953.985413,8986.300,0.060
1757011953.987482,8988.369,0.060
1757011953.989552,8990.439,0.060
1757011953.991621,8992.508,0.060
1757011953.993691,8994.578,0.060
1757011953.995760,8996.648,0.060
1757011953.997828,8998.716,0.060
1757011953.999898,9000.785,0.060
1757011954.001967,9002.854,0.060
1757011954.004021,9004.908,0.060
1757011954.006090,9006.978,0.060
1757011954.008160,9009.047,0.060
1757011954.010229,9011.116,0.060
1757011954.012295,9013.183,0.060
1757011954.014364,9015.251,0.060
1757011954.016433,9017.320,0.060
1757011954.018502,9019.390,0.060
1757011954.020570,9021.457,0.060
1757011954.022639,9023.526,0.060
1757011954.024707,9025.594,0.060
1757011954.026776,9027.663,0.060
1757011954.028844,9029.732,0.060
1757011954.030913,9031.801,0.060
1757011954.032981,9033.868,0.060
1757011954.035050,9035.938,0.060
1757011954.037117,9038.005,0.060
1757011954.039185,9040.072,0.060
1757011954.041253,9042.140,0.060
1757011954.043322,9044.209,0.060
1757011954.045391,9046.279,0.060
1757011954.047461,9048.348,0.060
1757011954.049530,9050.417,0.060
1757011954.051599,9052.486,0.060
1757011954.053668,9054.555,0.060
1757011954.055737,9056.624,0.060
1757011954.057805,9058.693,0.060
1757011954.059874,9060.762,0.060
1757011954.061943,9062.830,0.060
1757011954.064026,9064.914,0.060
1757011954.066095,9066.983,0.060
1757011954.068163,9069.051,0.060
1757011954.070232,9071.120,0.060
1757011954.072299,9073.186,0.060
1757011954.074368,9075.255,0.060
1757011954.076436,9077.324,0.060
1757011954.078505,9079.393,0.060
1757011954.080574,9081.461,0.060
1757011954.082643,9083.531,0.060
1757011954.084716,9085.604,0.060
1757011954.086785,9087.673,0.060
1757011954.088853,9089.740,0.060
1757011954.090923,9091.810,0.060
1757011954.092992,9093.879,0.060
1757011954.095061,9095.949,0.060
1757011954.097131,9098.018,0.060
1757011954.099200,9100.087,0.060
1757011954.101271,9102.159,0.060
1757011954.103340,9104.228,0.060
1757011954.105412,9106.299,0.060
1757011954.107481,9108.368,0.060
1757011954.109555,9110.443,0.060
1757011954.111625,9112.512,0.060
1757011954.113694,9114.581,0.060
1757011954.115763,9116.651,0.060
1757011954.117832,9118.720,0.060
1757011954.119902,9120.789,0.060
1757011954.121971,9122.858,0.060
1757011954.124019,9124.906,0.060
1757011954.126089,9126.976,0.060
1757011954.128157,9129.045,0.060
1757011954.130226,9131.113,0.060
1757011954.132294,9133.181,0.060
1757011954.134363,9135.251,0.060
1757011954.136432,9137.320,0.060
1757011954.138501,9139.388,0.060
1757011954.140570,9141.458,0.060
1757011954.142640,9143.528,0.060
1757011954.144709,9145.597,0.060
1757011954.146779,9147.666,0.060
1757011954.148846,9149.734,0.060
1757011954.150916,9151.803,0.060
1757011954.152987,9153.875,0.060
1757011954.155056,9155.944,0.060
1757011954.157128,9158.015,0.060
1757011954.159197,9160.084,0.060
1757011954.161266,9162.153,0.060
1757011954.163335,9164.222,0.060
1757011954.165404,9166.291,0.060
1757011954.167472,9168.360,0.060
1757011954.169541,9170.429,0.060
1757011954.171610,9172.498,0.060
1757011954.173679,9174.566,0.060
1757011954.175747,9176.635,0.060
1757011954.177816,9178.703,0.060
1757011954.179885,9180.773,0.060
1757011954.181955,9182.843,0.060
1757011954.184027,9184.915,0.060
1757011954.186096,9186.984,0.060
1757011954.188164,9189.051,0.060
1757011954.190233,9191.120,0.060
1757011954.192302,9193.189,0.060
1757011954.194371,9195.258,0.060
1757011954.196440,9197.327,0.060
1757011954.198509,9199.396,0.060
1757011954.200576,9201.463,0.060
1757011954.202646,9203.533,0.060
1757011954.204714,9205.601,0.060
1757011954.206782,9207.669,0.060
1757011954.208851,9209.739,0.060
1757011954.210920,9211.807,0.060
1757011954.212988,9213.876,0.060
1757011954.215059,9215.947,0.060
1757011954.217130,9218.018,0.060
1757011954.219199,9220.087,0.060
1757011954.221268,9222.156,0.060
1757011954.223340,9224.227,0.060
1757011954.225409,9226.296,0.060
1757011954.227479,9228.366,0.060
1757011954.229548,9230.436,0.060
1757011954.231618,9232.506,0.060
1757011954.233688,9234.576,0.060
1757011954.235757,9236.645,0.060
1757011954.237827,9238.714,0.060
1757011954.239896,9240.783,0.060
1757011954.241965,9242.853,0.060
1757011954.244021,9244.909,0.060
1757011954.246090,9246.977,0.060
1757011954.248159,9249.047,0.060
1757011954.250250,9251.137,0.060
1757011954.252323,9253.211,0.060
1757011954.254424,9255.311,0.060
1757011954.256495,9257.382,0.060
1757011954.258567,9259.454,0.060
1757011954.260639,9261.527,0.060
1757011954.262711,9263.598,0.060
1757011954.264780,9265.668,0.060
1757011954.266850,9267.738,0.060
1757011954.268922,9269.809,0.060
1757011954.270992,9271.879,0.060
1757011954.273061,9273.948,0.060
1757011954.275131,9276.019,0.060
1757011954.277202,9278.090,0.060
1757011954.279272,9280.159,0.060
1757011954.281341,9282.228,0.060
1757011954.283410,9284.297,0.060
1757011954.285479,9286.367,0.060
1757011954.287549,9288.436,0.060
1757011954.289618,9290.506,0.060
1757011954.291688,9292.576,0.060
1757011954.293758,9294.646,0.060
1757011954.295827,9296.715,0.060
1757011954.297898,9298.785,0.060
1757011954.299968,9300.856,0.060
1757011954.302037,9302.925,0.060
1757011954.304105,9304.992,0.060
1757011954.306174,9307.061,0.060
1757011954.308245,9309.132,0.060
1757011954.310314,9311.202,0.060
1757011954.312381,9313.268,0.060
1757011954.314451,9315.338,0.060
1757011954.316523,9317.410,0.060
1757011954.318592,9319.480,0.060
1757011954.320662,9321.549,0.060
1757011954.322732,9323.620,0.060
1757011954.324801,9325.688,0.060
1757011954.326870,9327.757,0.060
1757011954.328938,9329.826,0.060
1757011954.331007,9331.895,0.060
1757011954.333077,9333.964,0.060
1757011954.335146,9336.034,0.060
1757011954.337215,9338.103,0.060
1757011954.339288,9340.175,0.060
1757011954.341376,9342.263,0.060
1757011954.343445,9344.333,0.060
1757011954.345515,9346.403,0.060
1757011954.347585,9348.472,0.060
1757011954.349653,9350.541,0.060
1757011954.351723,9352.611,0.060
1757011954.353792,9354.680,0.060
1757011954.355861,9356.749,0.060
1757011954.357930,9358.817,0.060
1757011954.360017,9360.904,0.060
1757011954.362086,9362.973,0.060
1757011954.364154,9365.041,0.060
1757011954.366222,9367.110,0.060
1757011954.368291,9369.178,0.060
1757011954.370360,9371.248,0.060
1757011954.372429,9373.316,0.060
1757011954.374498,9375.386,0.060
1757011954.376567,9377.454,0.060
1757011954.378636,9379.524,0.060
1757011954.380703,9381.591,0.060
1757011954.382772,9383.660,0.060
1757011954.384841,9385.729,0.060
1757011954.386910,9387.798,0.060
1757011954.388978,9389.866,0.060
1757011954.391047,9391.935,0.060
1757011954.393116,9394.004,0.060
1757011954.395185,9396.072,0.060
1757011954.397253,9398.141,0.060
1757011954.399323,9400.210,0.060
1757011954.401393,9402.281,0.060
1757011954.403462,9404.350,0.060
1757011954.405532,9406.419,0.060
1757011954.407600,9408.488,0.060
1757011954.409669,9410.557,0.060
1757011954.411739,9412.627,0.060
1757011954.413808,9414.695,0.060
1757011954.415877,9416.765,0.060
1757011954.417947,9418.834,0.060
1757011954.420021,9420.908,0.060
1757011954.422093,9422.981,0.060
1757011954.424162,9425.050,0.060
1757011954.426231,9427.119,0.060
1757011954.428299,9429.186,0.060
1757011954.430368,9431.256,0.060
1757011954.432436,9433.324,0.060
1757011954.434505,9435.393,0.060
1757011954.436573,9437.460,0.060
1757011954.438642,9439.530,0.060
1757011954.440715,9441.602,0.060
1757011954.442785,9443.672,0.060
1757011954.444851,9445.739,0.060
1757011954.446921,9447.809,0.060
1757011954.448992,9449.879,0.060
1757011954.451063,9451.951,0.060
1757011954.453131,9454.018,0.060
1757011954.455202,9456.089,0.060
1757011954.457271,9458.159,0.060
1757011954.459342,9460.229,0.060
1757011954.461411,9462.299,0.060
1757011954.463480,9464.368,0.060
1757011954.465550,9466.438,0.060
1757011954.467620,9468.507,0.060
1757011954.469691,9470.578,0.060
1757011954.471763,9472.650,0.060
1757011954.473832,9474.719,0.060
1757011954.475901,9476.789,0.060
1757011954.477970,9478.857,0.060
1757011954.480019,9480.906,0.060
1757011954.482088,9482.975,0.060
1757011954.484156,9485.043,0.060
1757011954.486225,9487.112,0.060
1757011954.488293,9489.181,0.060
1757011954.490363,9491.250,0.060
1757011954.492432,9493.320,0.060
1757011954.494501,9495.388,0.060
1757011954.496572,9497.459,0.060
1757011954.498641,9499.528,0.060
1757011954.500710,9501.597,0.060
1757011954.502779,9503.666,0.060
1757011954.504848,9505.735,0.060
1757011954.506916,9507.803,0.060
1757011954.508985,9509.872,0.060
1757011954.511054,9511.942,0.060
1757011954.513122,9514.009,0.060
1757011954.515192,9516.079,0.060
1757011954.517263,9518.151,0.060
1757011954.519333,9520.220,0.060
1757011954.521402,9522.290,0.060
1757011954.523471,9524.359,0.060
1757011954.525541,9526.429,0.060
1757011954.527617,9528.504,0.060
1757011954.529687,9530.574,0.060
1757011954.531756,9532.643,0.060
1757011954.533826,9534.713,0.060
1757011954.535895,9536.783,0.060
1757011954.537964,9538.852,0.060
1757011954.540023,9540.910,0.060
1757011954.542092,9542.979,0.060
1757011954.544160,9545.048,0.060
1757011954.546229,9547.117,0.060
1757011954.548312,9549.199,0.060
1757011954.550381,9551.268,0.060
1757011954.552449,9553.336,0.060
1757011954.554518,9555.406,0.060
1757011954.556588,9557.475,0.060
1757011954.558657,9559.544,0.060
1757011954.560726,9561.613,0.060
1757011954.562794,9563.682,0.060
1757011954.564866,9565.753,0.060
1757011954.566934,9567.822,0.060
1757011954.569003,9569.891,0.060
1757011954.571074,9571.962,0.060
1757011954.573142,9574.029,0.060
1757011954.575211,9576.098,0.060
1757011954.577281,9578.168,0.060
1757011954.579350,9580.238,0.060
1757011954.581430,9582.317,0.060
1757011954.583499,9584.387,0.060
1757011954.585569,9586.456,0.060
1757011954.587637,9588.524,0.060
1757011954.589708,9590.595,0.060
1757011954.591777,9592.664,0.060
1757011954.593846,9594.734,0.060
1757011954.595916,9596.803,0.060
1757011954.597986,9598.874,0.060
1757011954.600014,9600.901,0.060
1757011954.602084,9602.972,0.060
1757011954.604151,9605.038,0.060
1757011954.606225,9607.112,0.060
1757011954.608294,9609.182,0.060
1757011954.610400,9611.287,0.060
1757011954.612458,9613.345,0.060
1757011954.614517,9615.405,0.060
1757011954.616582,9617.470,0.060
1757011954.618640,9619.528,0.060
1757011954.620698,9621.585,0.060
1757011954.622755,9623.642,0.060
1757011954.624812,9625.700,0.060
1757011954.626882,9627.769,0.060
1757011954.628948,9629.836,0.060
1757011954.631016,9631.903,0.060
1757011954.633083,9633.970,0.060
1757011954.635151,9636.038,0.060
1757011954.637218,9638.105,0.060
1757011954.639287,9640.174,0.060
1757011954.641354,9642.241,0.060
1757011954.643422,9644.309,0.060
1757011954.645489,9646.377,0.060
1757011954.647560,9648.447,0.060
1757011954.649629,9650.517,0.060
1757011954.651700,9652.587,0.080
1757011954.653771,9654.658,0.080
1757011954.655841,9656.729,0.080
1757011954.657911,9658.798,0.080
1757011954.659980,9660.868,0.080
1757011954.662050,9662.937,0.080
1757011954.664117,9665.005,0.080
1757011954.666187,9667.074,0.080
1757011954.668257,9669.144,0.080
1757011954.670326,9671.214,0.080
1757011954.672395,9673.282,0.080
1757011954.674465,9675.352,0.080
1757011954.676535,9677.423,0.080
1757011954.678605,9679.493,0.080
1757011954.680674,9681.561,0.080
1757011954.682744,9683.631,0.080
1757011954.684813,9685.701,0.080
1757011954.686883,9687.770,0.080
1757011954.688951,9689.839,0.080
1757011954.691021,9691.908,0.080
1757011954.693090,9693.978,0.080
1757011954.695160,9696.047,0.080
1757011954.697232,9698.120,0.080
1757011954.699302,9700.190,0.080
1757011954.701372,9702.260,0.080
1757011954.703440,9704.328,0.080
1757011954.705510,9706.397,0.060
1757011954.707579,9708.467,0.060
1757011954.709648,9710.536,0.060
1757011954.711719,9712.606,0.060
1757011954.713789,9714.676,0.060
1757011954.715858,9716.746,0.060
1757011954.717927,9718.815,0.060
1757011954.720015,9720.902,0.060
1757011954.722084,9722.972,0.060
1757011954.724151,9725.038,0.060
1757011954.726223,9727.110,0.060
1757011954.728293,9729.180,0.060
1757011954.730363,9731.250,0.060
1757011954.732430,9733.318,0.060
1757011954.734500,9735.387,0.060
1757011954.736569,9737.456,0.060
1757011954.738639,9739.527,0.060
1757011954.740706,9741.594,0.060
1757011954.742776,9743.664,0.060
1757011954.744846,9745.733,0.060
1757011954.746915,9747.803,0.060
1757011954.748983,9749.871,0.060
1757011954.751053,9751.941,0.060
1757011954.753124,9754.011,0.060
1757011954.755193,9756.080,0.060
1757011954.757262,9758.150,0.060
1757011954.759332,9760.219,0.060
1757011954.761401,9762.289,0.060
1757011954.763470,9764.358,0.060
1757011954.765540,9766.428,0.060
1757011954.767610,9768.497,0.060
1757011954.769679,9770.566,0.060
1757011954.771749,9772.636,0.060
1757011954.773821,9774.708,0.060
1757011954.775890,9776.778,0.060
1757011954.777959,9778.847,0.060
1757011954.780034,9780.922,0.060
1757011954.782104,9782.991,0.060
1757011954.784174,9785.061,0.060
1757011954.786244,9787.131,0.060
1757011954.788311,9789.198,0.060
1757011954.790380,9791.268,0.060
1757011954.792455,9793.343,0.060
1757011954.794525,9795.413,0.060
1757011954.796592,9797.480,0.060
1757011954.798663,9799.551,0.060
1757011954.800732,9801.620,0.060
1757011954.802801,9803.689,0.060
1757011954.804869,9805.757,0.060
1757011954.806940,9807.827,0.060
1757011954.809012,9809.899,0.060
1757011954.811082,9811.969,0.060
1757011954.813150,9814.038,0.060
1757011954.815221,9816.108,0.060
1757011954.817294,9818.181,0.060
1757011954.819363,9820.251,0.060
1757011954.821434,9822.321,0.060
1757011954.823504,9824.391,0.060
1757011954.825576,9826.463,0.060
1757011954.827646,9828.533,0.060
1757011954.829715,9830.602,0.060
1757011954.831785,9832.673,0.060
1757011954.833856,9834.743,0.060
1757011954.835926,9836.813,0.060
1757011954.837995,9838.882,0.060
1757011954.840063,9840.951,0.060
1757011954.842133,9843.021,0.060
1757011954.844203,9845.090,0.060
1757011954.846273,9847.160,0.060
1757011954.848342,9849.229,0.060
1757011954.850412,9851.299,0.060
1757011954.852479,9853.367,0.060
1757011954.854549,9855.436,0.060
1757011954.856617,9857.504,0.060
1757011954.858687,9859.574,0.060
1757011954.860756,9861.643,0.060
1757011954.862827,9863.714,0.060
1757011954.864904,9865.791,0.060
1757011954.866975,9867.862,0.060
1757011954.869044,9869.931,0.060
1757011954.871114,9872.001,0.060
1757011954.873181,9874.068,0.060
1757011954.875250,9876.138,0.060
1757011954.877320,9878.208,0.060
1757011954.879389,9880.277,0.060
1757011954.881460,9882.347,0.060
1757011954.883530,9884.417,0.060
1757011954.885599,9886.487,0.060
1757011954.887669,9888.556,0.060
1757011954.889739,9890.626,0.060
1757011954.891809,9892.696,0.060
1757011954.893878,9894.765,0.060
1757011954.895948,9896.835,0.060
1757011954.898017,9898.905,0.060
1757011954.900084,9900.971,0.060
1757011954.902153,9903.041,0.060
1757011954.904223,9905.110,0.060
1757011954.906292,9907.179,0.060
1757011954.908358,9909.245,0.060
1757011954.910428,9911.315,0.060
1757011954.912499,9913.387,0.060
1757011954.914569,9915.456,0.060
1757011954.916653,9917.541,0.060
1757011954.918724,9919.611,0.060
1757011954.920794,9921.681,0.060
1757011954.922863,9923.750,0.060
1757011954.924931,9925.818,0.060
1757011954.927000,9927.888,0.060
1757011954.929070,9929.957,0.060
1757011954.931139,9932.026,0.060
1757011954.933207,9934.094,0.060
1757011954.935277,9936.164,0.060
1757011954.937347,9938.235,0.060
1757011954.939416,9940.304,0.060
1757011954.941487,9942.374,0.060
1757011954.943556,9944.443,0.060
1757011954.945626,9946.513,0.060
1757011954.947695,9948.583,0.060
1757011954.949764,9950.651,0.060
1757011954.951834,9952.722,0.060
1757011954.953904,9954.791,0.060
1757011954.955973,9956.861,0.060
1757011954.958043,9958.930,0.060
1757011954.960111,9960.998,0.060
1757011954.962180,9963.068,0.060
1757011954.964249,9965.137,0.060
1757011954.966319,9967.206,0.060
1757011954.968391,9969.279,0.060
1757011954.970461,9971.349,0.060
1757011954.972531,9973.419,0.060
1757011954.974602,9975.489,0.060
1757011954.976671,9977.558,0.060
1757011954.978740,9979.627,0.060
1757011954.980809,9981.696,0.060
1757011954.982878,9983.765,0.060
1757011954.984946,9985.834,0.060
1757011954.987016,9987.903,0.060
1757011954.989084,9989.972,0.060
1757011954.991154,9992.041,0.060
1757011954.993222,9994.109,0.060
1757011954.995291,9996.179,0.060
1757011954.997376,9998.264,0.060
